{"type":"FeatureCollection","attribution":"\u00a9 OpenStreetMap contributors (ODbL)","features":[{"type":"Feature","properties":{"id":1,"source":1,"target":2,"cost":204.04,"reverse_cost":-1,"capacity":1200,"reverse_capacity":-1,"x1":4.902677,"y1":52.364455,"x2":4.905545,"y2":52.365005},"geometry":{"type":"LineString","coordinates":[[4.902677,52.364455],[4.905545,52.365005]]}},{"type":"Feature","properties":{"id":2,"source":3,"target":4,"cost":6.1,"reverse_cost":6.1,"capacity":1200,"reverse_capacity":1200,"x1":4.90599,"y1":52.364257,"x2":4.906076,"y2":52.364273},"geometry":{"type":"LineString","coordinates":[[4.90599,52.364257],[4.906076,52.364273]]}},{"type":"Feature","properties":{"id":3,"source":5,"target":6,"cost":8.95,"reverse_cost":8.95,"capacity":1200,"reverse_capacity":1200,"x1":4.902513,"y1":52.364798,"x2":4.90264,"y2":52.364821},"geometry":{"type":"LineString","coordinates":[[4.902513,52.364798],[4.90264,52.364821]]}},{"type":"Feature","properties":{"id":4,"source":7,"target":8,"cost":69.92,"reverse_cost":69.92,"capacity":1200,"reverse_capacity":1200,"x1":4.904998,"y1":52.362563,"x2":4.90598,"y2":52.362751},"geometry":{"type":"LineString","coordinates":[[4.904998,52.362563],[4.90598,52.362751]]}},{"type":"Feature","properties":{"id":5,"source":9,"target":10,"cost":66.23,"reverse_cost":-1,"capacity":1200,"reverse_capacity":-1,"x1":4.903537,"y1":52.362778,"x2":4.90447,"y2":52.36295},"geometry":{"type":"LineString","coordinates":[[4.903537,52.362778],[4.90447,52.36295]]}},{"type":"Feature","properties":{"id":6,"source":10,"target":11,"cost":11.46,"reverse_cost":-1,"capacity":1200,"reverse_capacity":-1,"x1":4.90447,"y1":52.36295,"x2":4.904632,"y2":52.362979},"geometry":{"type":"LineString","coordinates":[[4.90447,52.36295],[4.904632,52.362979]]}},{"type":"Feature","properties":{"id":7,"source":9,"target":12,"cost":7.96,"reverse_cost":7.96,"capacity":600,"reverse_capacity":600,"x1":4.903537,"y1":52.362778,"x2":4.903494,"y2":52.362845},"geometry":{"type":"LineString","coordinates":[[4.903537,52.362778],[4.903494,52.362845]]}},{"type":"Feature","properties":{"id":8,"source":13,"target":14,"cost":129.89,"reverse_cost":-1,"capacity":1200,"reverse_capacity":-1,"x1":4.907017,"y1":52.362521,"x2":4.90519,"y2":52.362186},"geometry":{"type":"LineString","coordinates":[[4.907017,52.362521],[4.906957,52.362509],[4.905237,52.362181],[4.90519,52.362186]]}},{"type":"Feature","properties":{"id":9,"source":14,"target":7,"cost":44.16,"reverse_cost":-1,"capacity":1200,"reverse_capacity":-1,"x1":4.90519,"y1":52.362186,"x2":4.904998,"y2":52.362563},"geometry":{"type":"LineString","coordinates":[[4.90519,52.362186],[4.905162,52.362205],[4.904998,52.362563]]}},{"type":"Feature","properties":{"id":10,"source":7,"target":15,"cost":51.11,"reverse_cost":-1,"capacity":1200,"reverse_capacity":-1,"x1":4.904998,"y1":52.362563,"x2":4.904772,"y2":52.363001},"geometry":{"type":"LineString","coordinates":[[4.904998,52.362563],[4.904772,52.363001]]}},{"type":"Feature","properties":{"id":11,"source":9,"target":16,"cost":129.12,"reverse_cost":-1,"capacity":1200,"reverse_capacity":-1,"x1":4.903537,"y1":52.362778,"x2":4.904098,"y2":52.361669},"geometry":{"type":"LineString","coordinates":[[4.903537,52.362778],[4.903568,52.362722],[4.903576,52.362705],[4.904098,52.361669]]}},{"type":"Feature","properties":{"id":12,"source":17,"target":18,"cost":211.1,"reverse_cost":-1,"capacity":1200,"reverse_capacity":-1,"x1":4.906354,"y1":52.363628,"x2":4.903372,"y2":52.363091},"geometry":{"type":"LineString","coordinates":[[4.906354,52.363628],[4.905258,52.36343],[4.904353,52.363268],[4.903372,52.363091]]}},{"type":"Feature","properties":{"id":13,"source":18,"target":19,"cost":72.35,"reverse_cost":-1,"capacity":1200,"reverse_capacity":-1,"x1":4.903372,"y1":52.363091,"x2":4.903052,"y2":52.363712},"geometry":{"type":"LineString","coordinates":[[4.903372,52.363091],[4.903052,52.363712]]}},{"type":"Feature","properties":{"id":14,"source":19,"target":3,"cost":208.55,"reverse_cost":-1,"capacity":1200,"reverse_capacity":-1,"x1":4.903052,"y1":52.363712,"x2":4.90599,"y2":52.364257},"geometry":{"type":"LineString","coordinates":[[4.903052,52.363712],[4.905878,52.364236],[4.90592,52.364244],[4.90599,52.364257]]}},{"type":"Feature","properties":{"id":15,"source":5,"target":20,"cost":112.52,"reverse_cost":-1,"capacity":1200,"reverse_capacity":-1,"x1":4.902513,"y1":52.364798,"x2":4.902017,"y2":52.365764},"geometry":{"type":"LineString","coordinates":[[4.902513,52.364798],[4.902264,52.365278],[4.902017,52.365764]]}},{"type":"Feature","properties":{"id":16,"source":19,"target":1,"cost":86.54,"reverse_cost":-1,"capacity":1200,"reverse_capacity":-1,"x1":4.903052,"y1":52.363712,"x2":4.902677,"y2":52.364455},"geometry":{"type":"LineString","coordinates":[[4.903052,52.363712],[4.902701,52.364402],[4.902677,52.364455]]}},{"type":"Feature","properties":{"id":17,"source":11,"target":15,"cost":9.8,"reverse_cost":-1,"capacity":1200,"reverse_capacity":-1,"x1":4.904632,"y1":52.362979,"x2":4.904772,"y2":52.363001},"geometry":{"type":"LineString","coordinates":[[4.904632,52.362979],[4.904772,52.363001]]}},{"type":"Feature","properties":{"id":18,"source":15,"target":21,"cost":125.0,"reverse_cost":-1,"capacity":1200,"reverse_capacity":-1,"x1":4.904772,"y1":52.363001,"x2":4.906536,"y2":52.363324},"geometry":{"type":"LineString","coordinates":[[4.904772,52.363001],[4.906483,52.363314],[4.906536,52.363324]]}},{"type":"Feature","properties":{"id":19,"source":22,"target":4,"cost":88.75,"reverse_cost":-1,"capacity":3000,"reverse_capacity":-1,"x1":4.905604,"y1":52.365017,"x2":4.906076,"y2":52.364273},"geometry":{"type":"LineString","coordinates":[[4.905604,52.365017],[4.906004,52.364401],[4.906022,52.36437],[4.906076,52.364273]]}},{"type":"Feature","properties":{"id":20,"source":4,"target":23,"cost":74.19,"reverse_cost":-1,"capacity":3000,"reverse_capacity":-1,"x1":4.906076,"y1":52.364273,"x2":4.90644,"y2":52.363644},"geometry":{"type":"LineString","coordinates":[[4.906076,52.364273],[4.906142,52.364155],[4.906212,52.364041],[4.90644,52.363644]]}},{"type":"Feature","properties":{"id":21,"source":24,"target":25,"cost":55.08,"reverse_cost":-1,"capacity":1200,"reverse_capacity":-1,"x1":4.90267,"y1":52.372535,"x2":4.902416,"y2":52.372065},"geometry":{"type":"LineString","coordinates":[[4.90267,52.372535],[4.902519,52.372248],[4.902416,52.372065]]}},{"type":"Feature","properties":{"id":22,"source":25,"target":26,"cost":56.67,"reverse_cost":-1,"capacity":1200,"reverse_capacity":-1,"x1":4.902416,"y1":52.372065,"x2":4.902199,"y2":52.371573},"geometry":{"type":"LineString","coordinates":[[4.902416,52.372065],[4.902389,52.372019],[4.902226,52.371629],[4.902199,52.371573]]}},{"type":"Feature","properties":{"id":23,"source":26,"target":27,"cost":72.03,"reverse_cost":-1,"capacity":1200,"reverse_capacity":-1,"x1":4.902199,"y1":52.371573,"x2":4.901593,"y2":52.371055},"geometry":{"type":"LineString","coordinates":[[4.902199,52.371573],[4.902179,52.371541],[4.902148,52.371492],[4.902103,52.371441],[4.902021,52.37135],[4.90195,52.371272],[4.901921,52.371245],[4.901893,52.371225],[4.90186,52.371205],[4.901632,52.371092],[4.901593,52.371055]]}},{"type":"Feature","properties":{"id":24,"source":20,"target":28,"cost":8.56,"reverse_cost":8.56,"capacity":1200,"reverse_capacity":1200,"x1":4.902017,"y1":52.365764,"x2":4.902138,"y2":52.365786},"geometry":{"type":"LineString","coordinates":[[4.902017,52.365764],[4.902138,52.365786]]}},{"type":"Feature","properties":{"id":25,"source":29,"target":30,"cost":83.6,"reverse_cost":-1,"capacity":1200,"reverse_capacity":-1,"x1":4.90326,"y1":52.367209,"x2":4.90227,"y2":52.366774},"geometry":{"type":"LineString","coordinates":[[4.90326,52.367209],[4.903255,52.367196],[4.903247,52.367185],[4.903235,52.367176],[4.903218,52.367168],[4.903168,52.367148],[4.903115,52.367124],[4.902975,52.367063],[4.902768,52.366974],[4.902661,52.366926],[4.902569,52.366884],[4.902318,52.366785],[4.902295,52.366778],[4.90227,52.366774]]}},{"type":"Feature","properties":{"id":26,"source":31,"target":32,"cost":34.72,"reverse_cost":-1,"capacity":1200,"reverse_capacity":-1,"x1":4.901297,"y1":52.370727,"x2":4.901682,"y2":52.370931},"geometry":{"type":"LineString","coordinates":[[4.901297,52.370727],[4.90131,52.37074],[4.901364,52.370768],[4.901415,52.370797],[4.901682,52.370931]]}},{"type":"Feature","properties":{"id":27,"source":32,"target":33,"cost":79.05,"reverse_cost":-1,"capacity":1200,"reverse_capacity":-1,"x1":4.901682,"y1":52.370931,"x2":4.902383,"y2":52.371469},"geometry":{"type":"LineString","coordinates":[[4.901682,52.370931],[4.902223,52.371219],[4.902257,52.37124],[4.902281,52.371264],[4.902305,52.371309],[4.902383,52.371469]]}},{"type":"Feature","properties":{"id":28,"source":33,"target":34,"cost":56.41,"reverse_cost":-1,"capacity":1200,"reverse_capacity":-1,"x1":4.902383,"y1":52.371469,"x2":4.902622,"y2":52.371955},"geometry":{"type":"LineString","coordinates":[[4.902383,52.371469],[4.902622,52.371955]]}},{"type":"Feature","properties":{"id":29,"source":35,"target":36,"cost":59.71,"reverse_cost":59.71,"capacity":1200,"reverse_capacity":1200,"x1":4.901877,"y1":52.368582,"x2":4.902381,"y2":52.369022},"geometry":{"type":"LineString","coordinates":[[4.901877,52.368582],[4.902325,52.368973],[4.902381,52.369022]]}},{"type":"Feature","properties":{"id":30,"source":37,"target":38,"cost":130.13,"reverse_cost":-1,"capacity":1200,"reverse_capacity":-1,"x1":4.901588,"y1":52.370366,"x2":4.903155,"y2":52.371028},"geometry":{"type":"LineString","coordinates":[[4.901588,52.370366],[4.901632,52.370363],[4.901691,52.37038],[4.902103,52.370563],[4.903155,52.371028]]}},{"type":"Feature","properties":{"id":31,"source":38,"target":39,"cost":51.23,"reverse_cost":-1,"capacity":1200,"reverse_capacity":-1,"x1":4.903155,"y1":52.371028,"x2":4.903766,"y2":52.371298},"geometry":{"type":"LineString","coordinates":[[4.903155,52.371028],[4.903766,52.371298]]}},{"type":"Feature","properties":{"id":32,"source":39,"target":40,"cost":51.66,"reverse_cost":-1,"capacity":1200,"reverse_capacity":-1,"x1":4.903766,"y1":52.371298,"x2":4.904387,"y2":52.371566},"geometry":{"type":"LineString","coordinates":[[4.903766,52.371298],[4.904387,52.371566]]}},{"type":"Feature","properties":{"id":33,"source":41,"target":42,"cost":62.93,"reverse_cost":-1,"capacity":1200,"reverse_capacity":-1,"x1":4.902455,"y1":52.370094,"x2":4.903065,"y2":52.369675},"geometry":{"type":"LineString","coordinates":[[4.902455,52.370094],[4.902498,52.370046],[4.902901,52.369745],[4.903065,52.369675]]}},{"type":"Feature","properties":{"id":34,"source":43,"target":29,"cost":51.16,"reverse_cost":-1,"capacity":1200,"reverse_capacity":-1,"x1":4.902695,"y1":52.3675,"x2":4.90326,"y2":52.367209},"geometry":{"type":"LineString","coordinates":[[4.902695,52.3675],[4.902762,52.36747],[4.902872,52.367437],[4.903229,52.367252],[4.903238,52.367247],[4.903247,52.367239],[4.903255,52.36723],[4.903259,52.36722],[4.90326,52.367209]]}},{"type":"Feature","properties":{"id":35,"source":44,"target":45,"cost":108.54,"reverse_cost":108.54,"capacity":1600,"reverse_capacity":1600,"x1":4.90376,"y1":52.368529,"x2":4.902438,"y2":52.369077},"geometry":{"type":"LineString","coordinates":[[4.90376,52.368529],[4.903707,52.368552],[4.903648,52.368576],[4.902546,52.369032],[4.902438,52.369077]]}},{"type":"Feature","properties":{"id":36,"source":46,"target":47,"cost":122.76,"reverse_cost":-1,"capacity":1200,"reverse_capacity":-1,"x1":4.90396,"y1":52.373806,"x2":4.903803,"y2":52.374842},"geometry":{"type":"LineString","coordinates":[[4.90396,52.373806],[4.903606,52.374331],[4.90359,52.374354],[4.903584,52.374375],[4.903583,52.374392],[4.903589,52.374416],[4.903715,52.374747],[4.903739,52.374785],[4.903766,52.374812],[4.903803,52.374842]]}},{"type":"Feature","properties":{"id":37,"source":48,"target":49,"cost":238.01,"reverse_cost":-1,"capacity":1200,"reverse_capacity":-1,"x1":4.903016,"y1":52.375585,"x2":4.903066,"y2":52.373535},"geometry":{"type":"LineString","coordinates":[[4.903016,52.375585],[4.903011,52.375576],[4.903002,52.375552],[4.902893,52.375227],[4.902628,52.374569],[4.902608,52.374516],[4.902562,52.37439],[4.902558,52.374349],[4.902563,52.374316],[4.902581,52.374283],[4.902754,52.374014],[4.903066,52.373535]]}},{"type":"Feature","properties":{"id":38,"source":50,"target":51,"cost":102.11,"reverse_cost":-1,"capacity":1600,"reverse_capacity":-1,"x1":4.901015,"y1":52.369643,"x2":4.900635,"y2":52.370514},"geometry":{"type":"LineString","coordinates":[[4.901015,52.369643],[4.900954,52.369681],[4.900932,52.369696],[4.900904,52.369724],[4.90088,52.369752],[4.90083,52.369815],[4.900776,52.369932],[4.900727,52.370059],[4.900722,52.370074],[4.9007,52.370158],[4.900635,52.370514]]}},{"type":"Feature","properties":{"id":39,"source":52,"target":53,"cost":9.18,"reverse_cost":9.18,"capacity":1200,"reverse_capacity":1200,"x1":4.902912,"y1":52.369546,"x2":4.902991,"y2":52.369613},"geometry":{"type":"LineString","coordinates":[[4.902912,52.369546],[4.902991,52.369613]]}},{"type":"Feature","properties":{"id":40,"source":45,"target":52,"cost":61.31,"reverse_cost":61.31,"capacity":1200,"reverse_capacity":1200,"x1":4.902438,"y1":52.369077,"x2":4.902912,"y2":52.369546},"geometry":{"type":"LineString","coordinates":[[4.902438,52.369077],[4.90249,52.369133],[4.902548,52.369189],[4.902912,52.369546]]}},{"type":"Feature","properties":{"id":41,"source":34,"target":39,"cost":106.67,"reverse_cost":-1,"capacity":1200,"reverse_capacity":-1,"x1":4.902622,"y1":52.371955,"x2":4.903766,"y2":52.371298},"geometry":{"type":"LineString","coordinates":[[4.902622,52.371955],[4.903264,52.371597],[4.90371,52.371336],[4.903766,52.371298]]}},{"type":"Feature","properties":{"id":42,"source":34,"target":54,"cost":54.91,"reverse_cost":-1,"capacity":1200,"reverse_capacity":-1,"x1":4.902622,"y1":52.371955,"x2":4.902879,"y2":52.372423},"geometry":{"type":"LineString","coordinates":[[4.902622,52.371955],[4.902711,52.372129],[4.902849,52.372391],[4.902879,52.372423]]}},{"type":"Feature","properties":{"id":43,"source":55,"target":25,"cost":2.72,"reverse_cost":-1,"capacity":1200,"reverse_capacity":-1,"x1":4.902447,"y1":52.372049,"x2":4.902416,"y2":52.372065},"geometry":{"type":"LineString","coordinates":[[4.902447,52.372049],[4.902416,52.372065]]}},{"type":"Feature","properties":{"id":44,"source":56,"target":57,"cost":32.66,"reverse_cost":-1,"capacity":1200,"reverse_capacity":-1,"x1":4.904593,"y1":52.371659,"x2":4.904987,"y2":52.371828},"geometry":{"type":"LineString","coordinates":[[4.904593,52.371659],[4.904825,52.371758],[4.904987,52.371828]]}},{"type":"Feature","properties":{"id":45,"source":57,"target":58,"cost":19.75,"reverse_cost":-1,"capacity":1200,"reverse_capacity":-1,"x1":4.904987,"y1":52.371828,"x2":4.905221,"y2":52.371933},"geometry":{"type":"LineString","coordinates":[[4.904987,52.371828],[4.905221,52.371933]]}},{"type":"Feature","properties":{"id":46,"source":58,"target":59,"cost":29.28,"reverse_cost":-1,"capacity":1200,"reverse_capacity":-1,"x1":4.905221,"y1":52.371933,"x2":4.905549,"y2":52.372101},"geometry":{"type":"LineString","coordinates":[[4.905221,52.371933],[4.905503,52.372062],[4.905549,52.372101]]}},{"type":"Feature","properties":{"id":47,"source":60,"target":61,"cost":7.76,"reverse_cost":-1,"capacity":1200,"reverse_capacity":-1,"x1":4.904201,"y1":52.370927,"x2":4.904267,"y2":52.370869},"geometry":{"type":"LineString","coordinates":[[4.904201,52.370927],[4.904267,52.370869]]}},{"type":"Feature","properties":{"id":48,"source":35,"target":62,"cost":111.25,"reverse_cost":-1,"capacity":1200,"reverse_capacity":-1,"x1":4.901877,"y1":52.368582,"x2":4.903107,"y2":52.367965},"geometry":{"type":"LineString","coordinates":[[4.901877,52.368582],[4.902559,52.368298],[4.902889,52.36816],[4.903022,52.368105],[4.903065,52.368076],[4.903088,52.368038],[4.903091,52.368022],[4.903094,52.368011],[4.903107,52.367965]]}},{"type":"Feature","properties":{"id":49,"source":42,"target":63,"cost":11.35,"reverse_cost":-1,"capacity":1200,"reverse_capacity":-1,"x1":4.903065,"y1":52.369675,"x2":4.903203,"y2":52.369733},"geometry":{"type":"LineString","coordinates":[[4.903065,52.369675],[4.903203,52.369733]]}},{"type":"Feature","properties":{"id":50,"source":39,"target":64,"cost":7.17,"reverse_cost":-1,"capacity":1200,"reverse_capacity":-1,"x1":4.903766,"y1":52.371298,"x2":4.903829,"y2":52.371246},"geometry":{"type":"LineString","coordinates":[[4.903766,52.371298],[4.903829,52.371246]]}},{"type":"Feature","properties":{"id":51,"source":33,"target":38,"cost":72.06,"reverse_cost":-1,"capacity":1200,"reverse_capacity":-1,"x1":4.902383,"y1":52.371469,"x2":4.903155,"y2":52.371028},"geometry":{"type":"LineString","coordinates":[[4.902383,52.371469],[4.90242,52.371455],[4.902684,52.371314],[4.903111,52.371072],[4.903155,52.371028]]}},{"type":"Feature","properties":{"id":52,"source":54,"target":40,"cost":139.89,"reverse_cost":-1,"capacity":1200,"reverse_capacity":-1,"x1":4.902879,"y1":52.372423,"x2":4.904387,"y2":52.371566},"geometry":{"type":"LineString","coordinates":[[4.902879,52.372423],[4.903827,52.371891],[4.904334,52.371608],[4.904387,52.371566]]}},{"type":"Feature","properties":{"id":53,"source":61,"target":41,"cost":150.26,"reverse_cost":-1,"capacity":1200,"reverse_capacity":-1,"x1":4.904267,"y1":52.370869,"x2":4.902455,"y2":52.370094},"geometry":{"type":"LineString","coordinates":[[4.904267,52.370869],[4.903971,52.370739],[4.902543,52.37014],[4.902455,52.370094]]}},{"type":"Feature","properties":{"id":54,"source":2,"target":22,"cost":4.3,"reverse_cost":4.3,"capacity":1200,"reverse_capacity":1200,"x1":4.905545,"y1":52.365005,"x2":4.905604,"y2":52.365017},"geometry":{"type":"LineString","coordinates":[[4.905545,52.365005],[4.905604,52.365017]]}},{"type":"Feature","properties":{"id":55,"source":65,"target":66,"cost":343.34,"reverse_cost":-1,"capacity":1200,"reverse_capacity":-1,"x1":4.905742,"y1":52.365049,"x2":4.910414,"y2":52.365063},"geometry":{"type":"LineString","coordinates":[[4.905742,52.365049],[4.905877,52.36506],[4.90593,52.365071],[4.906239,52.365134],[4.908813,52.365622],[4.910414,52.365063]]}},{"type":"Feature","properties":{"id":56,"source":67,"target":68,"cost":168.16,"reverse_cost":-1,"capacity":1200,"reverse_capacity":-1,"x1":4.907997,"y1":52.365839,"x2":4.905629,"y2":52.365395},"geometry":{"type":"LineString","coordinates":[[4.907997,52.365839],[4.905661,52.365401],[4.905629,52.365395]]}},{"type":"Feature","properties":{"id":57,"source":44,"target":69,"cost":23.53,"reverse_cost":-1,"capacity":1600,"reverse_capacity":-1,"x1":4.90376,"y1":52.368529,"x2":4.903804,"y2":52.368322},"geometry":{"type":"LineString","coordinates":[[4.90376,52.368529],[4.9038,52.368457],[4.903815,52.368407],[4.903804,52.368322]]}},{"type":"Feature","properties":{"id":58,"source":57,"target":70,"cost":46.55,"reverse_cost":46.55,"capacity":1200,"reverse_capacity":1200,"x1":4.904987,"y1":52.371828,"x2":4.904881,"y2":52.372124},"geometry":{"type":"LineString","coordinates":[[4.904987,52.371828],[4.904704,52.371994],[4.904695,52.372007],[4.904702,52.372022],[4.904881,52.372124]]}},{"type":"Feature","properties":{"id":59,"source":71,"target":46,"cost":221.95,"reverse_cost":-1,"capacity":1200,"reverse_capacity":-1,"x1":4.906342,"y1":52.372444,"x2":4.90396,"y2":52.373806},"geometry":{"type":"LineString","coordinates":[[4.906342,52.372444],[4.906281,52.372494],[4.905721,52.37281],[4.905193,52.373099],[4.904007,52.373761],[4.903978,52.373785],[4.90396,52.373806]]}},{"type":"Feature","properties":{"id":60,"source":72,"target":73,"cost":114.79,"reverse_cost":114.79,"capacity":1200,"reverse_capacity":1200,"x1":4.903596,"y1":52.372433,"x2":4.90243,"y2":52.373154},"geometry":{"type":"LineString","coordinates":[[4.903596,52.372433],[4.903473,52.372506],[4.903443,52.372605],[4.903155,52.372757],[4.90243,52.373154]]}},{"type":"Feature","properties":{"id":61,"source":74,"target":72,"cost":17.93,"reverse_cost":-1,"capacity":1200,"reverse_capacity":-1,"x1":4.903418,"y1":52.372313,"x2":4.903596,"y2":52.372433},"geometry":{"type":"LineString","coordinates":[[4.903418,52.372313],[4.903596,52.372433]]}},{"type":"Feature","properties":{"id":62,"source":72,"target":75,"cost":61.7,"reverse_cost":-1,"capacity":1200,"reverse_capacity":-1,"x1":4.903596,"y1":52.372433,"x2":4.904193,"y2":52.372851},"geometry":{"type":"LineString","coordinates":[[4.903596,52.372433],[4.903812,52.372584],[4.903918,52.372661],[4.904193,52.372851]]}},{"type":"Feature","properties":{"id":63,"source":49,"target":75,"cost":108.55,"reverse_cost":-1,"capacity":1200,"reverse_capacity":-1,"x1":4.903066,"y1":52.373535,"x2":4.904193,"y2":52.372851},"geometry":{"type":"LineString","coordinates":[[4.903066,52.373535],[4.90314,52.37345],[4.903204,52.373399],[4.904193,52.372851]]}},{"type":"Feature","properties":{"id":64,"source":75,"target":59,"cost":124.14,"reverse_cost":-1,"capacity":1200,"reverse_capacity":-1,"x1":4.904193,"y1":52.372851,"x2":4.905549,"y2":52.372101},"geometry":{"type":"LineString","coordinates":[[4.904193,52.372851],[4.905549,52.372101]]}},{"type":"Feature","properties":{"id":65,"source":76,"target":49,"cost":8.82,"reverse_cost":8.82,"capacity":1200,"reverse_capacity":1200,"x1":4.902951,"y1":52.373499,"x2":4.903066,"y2":52.373535},"geometry":{"type":"LineString","coordinates":[[4.902951,52.373499],[4.903066,52.373535]]}},{"type":"Feature","properties":{"id":66,"source":49,"target":77,"cost":3.1,"reverse_cost":3.1,"capacity":1200,"reverse_capacity":1200,"x1":4.903066,"y1":52.373535,"x2":4.903109,"y2":52.373545},"geometry":{"type":"LineString","coordinates":[[4.903066,52.373535],[4.903109,52.373545]]}},{"type":"Feature","properties":{"id":67,"source":78,"target":24,"cost":133.8,"reverse_cost":-1,"capacity":1200,"reverse_capacity":-1,"x1":4.901194,"y1":52.37333,"x2":4.90267,"y2":52.372535},"geometry":{"type":"LineString","coordinates":[[4.901194,52.37333],[4.90134,52.373273],[4.901886,52.372969],[4.90267,52.372535]]}},{"type":"Feature","properties":{"id":68,"source":56,"target":74,"cost":108.0,"reverse_cost":-1,"capacity":1200,"reverse_capacity":-1,"x1":4.904593,"y1":52.371659,"x2":4.903418,"y2":52.372313},"geometry":{"type":"LineString","coordinates":[[4.904593,52.371659],[4.903418,52.372313]]}},{"type":"Feature","properties":{"id":69,"source":74,"target":79,"cost":35.62,"reverse_cost":-1,"capacity":1200,"reverse_capacity":-1,"x1":4.903418,"y1":52.372313,"x2":4.903031,"y2":52.37253},"geometry":{"type":"LineString","coordinates":[[4.903418,52.372313],[4.903031,52.37253]]}},{"type":"Feature","properties":{"id":70,"source":79,"target":80,"cost":77.38,"reverse_cost":-1,"capacity":1200,"reverse_capacity":-1,"x1":4.903031,"y1":52.37253,"x2":4.902187,"y2":52.372997},"geometry":{"type":"LineString","coordinates":[[4.903031,52.37253],[4.902187,52.372997]]}},{"type":"Feature","properties":{"id":71,"source":81,"target":82,"cost":9.82,"reverse_cost":-1,"capacity":600,"reverse_capacity":-1,"x1":4.903423,"y1":52.375658,"x2":4.903306,"y2":52.375698},"geometry":{"type":"LineString","coordinates":[[4.903423,52.375658],[4.903395,52.375682],[4.903376,52.375691],[4.903357,52.375697],[4.903306,52.375698]]}},{"type":"Feature","properties":{"id":72,"source":83,"target":84,"cost":10.5,"reverse_cost":10.5,"capacity":1200,"reverse_capacity":1200,"x1":4.903881,"y1":52.374907,"x2":4.903975,"y2":52.374982},"geometry":{"type":"LineString","coordinates":[[4.903881,52.374907],[4.903975,52.374982]]}},{"type":"Feature","properties":{"id":73,"source":85,"target":86,"cost":122.92,"reverse_cost":-1,"capacity":4500,"reverse_capacity":-1,"x1":4.90478,"y1":52.366602,"x2":4.904123,"y2":52.367625},"geometry":{"type":"LineString","coordinates":[[4.90478,52.366602],[4.904339,52.367401],[4.90431,52.367446],[4.904283,52.367485],[4.904222,52.367552],[4.904183,52.367578],[4.904123,52.367625]]}},{"type":"Feature","properties":{"id":74,"source":87,"target":88,"cost":11.85,"reverse_cost":-1,"capacity":3000,"reverse_capacity":-1,"x1":4.905597,"y1":52.365277,"x2":4.905544,"y2":52.365378},"geometry":{"type":"LineString","coordinates":[[4.905597,52.365277],[4.905544,52.365378]]}},{"type":"Feature","properties":{"id":75,"source":88,"target":89,"cost":124.5,"reverse_cost":-1,"capacity":3000,"reverse_capacity":-1,"x1":4.905544,"y1":52.365378,"x2":4.904878,"y2":52.366422},"geometry":{"type":"LineString","coordinates":[[4.905544,52.365378],[4.905498,52.365448],[4.904981,52.366245],[4.904878,52.366422]]}},{"type":"Feature","properties":{"id":76,"source":90,"target":91,"cost":10.49,"reverse_cost":-1,"capacity":1500,"reverse_capacity":-1,"x1":4.904708,"y1":52.366486,"x2":4.90478,"y2":52.366403},"geometry":{"type":"LineString","coordinates":[[4.904708,52.366486],[4.90478,52.366403]]}},{"type":"Feature","properties":{"id":77,"source":92,"target":88,"cost":9.57,"reverse_cost":9.57,"capacity":1200,"reverse_capacity":1200,"x1":4.905407,"y1":52.365356,"x2":4.905544,"y2":52.365378},"geometry":{"type":"LineString","coordinates":[[4.905407,52.365356],[4.905544,52.365378]]}},{"type":"Feature","properties":{"id":78,"source":93,"target":94,"cost":90.86,"reverse_cost":-1,"capacity":4500,"reverse_capacity":-1,"x1":4.905057,"y1":52.368903,"x2":4.903969,"y2":52.368431},"geometry":{"type":"LineString","coordinates":[[4.905057,52.368903],[4.904876,52.368841],[4.90456,52.368705],[4.904227,52.368563],[4.904177,52.36854],[4.904104,52.368507],[4.903969,52.368431]]}},{"type":"Feature","properties":{"id":79,"source":22,"target":65,"cost":10.01,"reverse_cost":10.01,"capacity":1200,"reverse_capacity":1200,"x1":4.905604,"y1":52.365017,"x2":4.905742,"y2":52.365049},"geometry":{"type":"LineString","coordinates":[[4.905604,52.365017],[4.905742,52.365049]]}},{"type":"Feature","properties":{"id":80,"source":95,"target":96,"cost":250.94,"reverse_cost":-1,"capacity":1200,"reverse_capacity":-1,"x1":4.888226,"y1":52.374787,"x2":4.890045,"y2":52.376752},"geometry":{"type":"LineString","coordinates":[[4.888226,52.374787],[4.889026,52.375651],[4.890045,52.376752]]}},{"type":"Feature","properties":{"id":81,"source":97,"target":98,"cost":114.61,"reverse_cost":-1,"capacity":1200,"reverse_capacity":-1,"x1":4.889591,"y1":52.364426,"x2":4.890398,"y2":52.365332},"geometry":{"type":"LineString","coordinates":[[4.889591,52.364426],[4.890398,52.365332]]}},{"type":"Feature","properties":{"id":82,"source":99,"target":100,"cost":126.62,"reverse_cost":-1,"capacity":600,"reverse_capacity":-1,"x1":4.896074,"y1":52.364632,"x2":4.897855,"y2":52.36497},"geometry":{"type":"LineString","coordinates":[[4.896074,52.364632],[4.897807,52.364961],[4.897845,52.364968],[4.897855,52.36497]]}},{"type":"Feature","properties":{"id":83,"source":100,"target":101,"cost":195.22,"reverse_cost":-1,"capacity":600,"reverse_capacity":-1,"x1":4.897855,"y1":52.36497,"x2":4.9006,"y2":52.365492},"geometry":{"type":"LineString","coordinates":[[4.897855,52.36497],[4.89786,52.364972],[4.897894,52.364977],[4.9006,52.365492]]}},{"type":"Feature","properties":{"id":84,"source":98,"target":102,"cost":164.88,"reverse_cost":-1,"capacity":1200,"reverse_capacity":-1,"x1":4.890398,"y1":52.365332,"x2":4.892774,"y2":52.365028},"geometry":{"type":"LineString","coordinates":[[4.890398,52.365332],[4.890782,52.365281],[4.892735,52.365033],[4.892774,52.365028]]}},{"type":"Feature","properties":{"id":85,"source":103,"target":104,"cost":6.93,"reverse_cost":6.93,"capacity":1200,"reverse_capacity":1200,"x1":4.901119,"y1":52.364481,"x2":4.901088,"y2":52.364541},"geometry":{"type":"LineString","coordinates":[[4.901119,52.364481],[4.901088,52.364541]]}},{"type":"Feature","properties":{"id":86,"source":104,"target":101,"cost":110.85,"reverse_cost":110.85,"capacity":1200,"reverse_capacity":1200,"x1":4.901088,"y1":52.364541,"x2":4.9006,"y2":52.365492},"geometry":{"type":"LineString","coordinates":[[4.901088,52.364541],[4.9006,52.365492]]}},{"type":"Feature","properties":{"id":87,"source":105,"target":106,"cost":146.36,"reverse_cost":-1,"capacity":1200,"reverse_capacity":-1,"x1":4.898519,"y1":52.371052,"x2":4.897406,"y2":52.369925},"geometry":{"type":"LineString","coordinates":[[4.898519,52.371052],[4.897667,52.370176],[4.897534,52.370043],[4.897469,52.369977],[4.897406,52.369925]]}},{"type":"Feature","properties":{"id":88,"source":107,"target":108,"cost":3.16,"reverse_cost":3.16,"capacity":1200,"reverse_capacity":1200,"x1":4.897968,"y1":52.369857,"x2":4.897921,"y2":52.369861},"geometry":{"type":"LineString","coordinates":[[4.897968,52.369857],[4.897921,52.369861]]}},{"type":"Feature","properties":{"id":89,"source":109,"target":110,"cost":59.69,"reverse_cost":-1,"capacity":600,"reverse_capacity":-1,"x1":4.893239,"y1":52.36934,"x2":4.894118,"y2":52.369329},"geometry":{"type":"LineString","coordinates":[[4.893239,52.36934],[4.893635,52.369341],[4.894051,52.369328],[4.894118,52.369329]]}},{"type":"Feature","properties":{"id":90,"source":110,"target":111,"cost":7.4,"reverse_cost":7.4,"capacity":1200,"reverse_capacity":1200,"x1":4.894118,"y1":52.369329,"x2":4.894227,"y2":52.369325},"geometry":{"type":"LineString","coordinates":[[4.894118,52.369329],[4.894227,52.369325]]}},{"type":"Feature","properties":{"id":91,"source":112,"target":113,"cost":25.29,"reverse_cost":25.29,"capacity":1200,"reverse_capacity":1200,"x1":4.894484,"y1":52.369326,"x2":4.894838,"y2":52.369317},"geometry":{"type":"LineString","coordinates":[[4.894484,52.369326],[4.894536,52.369304],[4.894545,52.369301],[4.894554,52.369299],[4.894565,52.369298],[4.894759,52.369299],[4.894773,52.3693],[4.894785,52.369302],[4.894838,52.369317]]}},{"type":"Feature","properties":{"id":92,"source":114,"target":115,"cost":42.92,"reverse_cost":-1,"capacity":1200,"reverse_capacity":-1,"x1":4.900167,"y1":52.375777,"x2":4.899847,"y2":52.375447},"geometry":{"type":"LineString","coordinates":[[4.900167,52.375777],[4.900166,52.375763],[4.90016,52.37575],[4.90014,52.375726],[4.899847,52.375447]]}},{"type":"Feature","properties":{"id":93,"source":116,"target":117,"cost":184.88,"reverse_cost":-1,"capacity":1200,"reverse_capacity":-1,"x1":4.898867,"y1":52.369687,"x2":4.89752,"y2":52.368242},"geometry":{"type":"LineString","coordinates":[[4.898867,52.369687],[4.898842,52.369656],[4.898656,52.369459],[4.89752,52.368242]]}},{"type":"Feature","properties":{"id":94,"source":116,"target":118,"cost":4.95,"reverse_cost":4.95,"capacity":1200,"reverse_capacity":1200,"x1":4.898867,"y1":52.369687,"x2":4.898936,"y2":52.369673},"geometry":{"type":"LineString","coordinates":[[4.898867,52.369687],[4.898936,52.369673]]}},{"type":"Feature","properties":{"id":95,"source":119,"target":120,"cost":6.34,"reverse_cost":-1,"capacity":1200,"reverse_capacity":-1,"x1":4.900021,"y1":52.369364,"x2":4.900073,"y2":52.369411},"geometry":{"type":"LineString","coordinates":[[4.900021,52.369364],[4.900073,52.369411]]}},{"type":"Feature","properties":{"id":96,"source":121,"target":107,"cost":197.65,"reverse_cost":-1,"capacity":1200,"reverse_capacity":-1,"x1":4.896511,"y1":52.368318,"x2":4.897968,"y2":52.369857},"geometry":{"type":"LineString","coordinates":[[4.896511,52.368318],[4.896565,52.36837],[4.897265,52.369115],[4.897736,52.369613],[4.897968,52.369857]]}},{"type":"Feature","properties":{"id":97,"source":107,"target":116,"cost":63.93,"reverse_cost":-1,"capacity":1200,"reverse_capacity":-1,"x1":4.897968,"y1":52.369857,"x2":4.898867,"y2":52.369687},"geometry":{"type":"LineString","coordinates":[[4.897968,52.369857],[4.898093,52.369827],[4.89847,52.369759],[4.898867,52.369687]]}},{"type":"Feature","properties":{"id":98,"source":107,"target":122,"cost":4.54,"reverse_cost":-1,"capacity":1200,"reverse_capacity":-1,"x1":4.897968,"y1":52.369857,"x2":4.898,"y2":52.369892},"geometry":{"type":"LineString","coordinates":[[4.897968,52.369857],[4.898,52.369892]]}},{"type":"Feature","properties":{"id":99,"source":123,"target":124,"cost":40.17,"reverse_cost":40.17,"capacity":1200,"reverse_capacity":1200,"x1":4.899334,"y1":52.370159,"x2":4.89904,"y2":52.369846},"geometry":{"type":"LineString","coordinates":[[4.899334,52.370159],[4.899267,52.370086],[4.89904,52.369846]]}},{"type":"Feature","properties":{"id":100,"source":106,"target":125,"cost":111.02,"reverse_cost":111.02,"capacity":1200,"reverse_capacity":1200,"x1":4.897406,"y1":52.369925,"x2":4.895862,"y2":52.370229},"geometry":{"type":"LineString","coordinates":[[4.897406,52.369925],[4.897298,52.369932],[4.896816,52.370019],[4.896009,52.370165],[4.895907,52.3702],[4.895862,52.370229]]}},{"type":"Feature","properties":{"id":101,"source":126,"target":125,"cost":122.43,"reverse_cost":-1,"capacity":1200,"reverse_capacity":-1,"x1":4.894989,"y1":52.369266,"x2":4.895862,"y2":52.370229},"geometry":{"type":"LineString","coordinates":[[4.894989,52.369266],[4.895139,52.369423],[4.89549,52.369817],[4.895651,52.369995],[4.895862,52.370229]]}},{"type":"Feature","properties":{"id":102,"source":125,"target":127,"cost":3.02,"reverse_cost":3.02,"capacity":1200,"reverse_capacity":1200,"x1":4.895862,"y1":52.370229,"x2":4.895826,"y2":52.370245},"geometry":{"type":"LineString","coordinates":[[4.895862,52.370229],[4.895826,52.370245]]}},{"type":"Feature","properties":{"id":103,"source":128,"target":123,"cost":64.36,"reverse_cost":64.36,"capacity":1200,"reverse_capacity":1200,"x1":4.898446,"y1":52.370361,"x2":4.899334,"y2":52.370159},"geometry":{"type":"LineString","coordinates":[[4.898446,52.370361],[4.899334,52.370159]]}},{"type":"Feature","properties":{"id":104,"source":129,"target":128,"cost":43.72,"reverse_cost":-1,"capacity":1200,"reverse_capacity":-1,"x1":4.898116,"y1":52.370023,"x2":4.898446,"y2":52.370361},"geometry":{"type":"LineString","coordinates":[[4.898116,52.370023],[4.898446,52.370361]]}},{"type":"Feature","properties":{"id":105,"source":128,"target":130,"cost":73.04,"reverse_cost":-1,"capacity":1200,"reverse_capacity":-1,"x1":4.898446,"y1":52.370361,"x2":4.898974,"y2":52.370933},"geometry":{"type":"LineString","coordinates":[[4.898446,52.370361],[4.898756,52.370692],[4.898863,52.370807],[4.898974,52.370933]]}},{"type":"Feature","properties":{"id":106,"source":131,"target":132,"cost":115.52,"reverse_cost":-1,"capacity":1200,"reverse_capacity":-1,"x1":4.896185,"y1":52.374626,"x2":4.89732,"y2":52.375389},"geometry":{"type":"LineString","coordinates":[[4.896185,52.374626],[4.896477,52.3748],[4.897045,52.375145],[4.897107,52.375189],[4.897323,52.375373],[4.89732,52.375389]]}},{"type":"Feature","properties":{"id":107,"source":133,"target":134,"cost":6.58,"reverse_cost":6.58,"capacity":1200,"reverse_capacity":1200,"x1":4.899509,"y1":52.374721,"x2":4.899598,"y2":52.374698},"geometry":{"type":"LineString","coordinates":[[4.899509,52.374721],[4.899598,52.374698]]}},{"type":"Feature","properties":{"id":108,"source":135,"target":136,"cost":4.21,"reverse_cost":-1,"capacity":600,"reverse_capacity":-1,"x1":4.9002,"y1":52.375292,"x2":4.90016,"y2":52.375319},"geometry":{"type":"LineString","coordinates":[[4.9002,52.375292],[4.900194,52.375301],[4.900182,52.37531],[4.90016,52.375319]]}},{"type":"Feature","properties":{"id":109,"source":137,"target":138,"cost":87.04,"reverse_cost":-1,"capacity":2000,"reverse_capacity":-1,"x1":4.891549,"y1":52.374848,"x2":4.890948,"y2":52.374157},"geometry":{"type":"LineString","coordinates":[[4.891549,52.374848],[4.891484,52.374774],[4.891368,52.374639],[4.89134,52.374609],[4.891291,52.374557],[4.891175,52.374421],[4.891116,52.374351],[4.890948,52.374157]]}},{"type":"Feature","properties":{"id":110,"source":132,"target":139,"cost":64.71,"reverse_cost":-1,"capacity":1200,"reverse_capacity":-1,"x1":4.89732,"y1":52.375389,"x2":4.896549,"y2":52.375723},"geometry":{"type":"LineString","coordinates":[[4.89732,52.375389],[4.897296,52.375405],[4.896718,52.375673],[4.896641,52.375709],[4.896549,52.375723]]}},{"type":"Feature","properties":{"id":111,"source":140,"target":114,"cost":6.41,"reverse_cost":-1,"capacity":1200,"reverse_capacity":-1,"x1":4.900136,"y1":52.375831,"x2":4.900167,"y2":52.375777},"geometry":{"type":"LineString","coordinates":[[4.900136,52.375831],[4.900158,52.375803],[4.900167,52.375777]]}},{"type":"Feature","properties":{"id":112,"source":141,"target":142,"cost":4.82,"reverse_cost":4.82,"capacity":1200,"reverse_capacity":1200,"x1":4.896982,"y1":52.371463,"x2":4.89692,"y2":52.371484},"geometry":{"type":"LineString","coordinates":[[4.896982,52.371463],[4.89692,52.371484]]}},{"type":"Feature","properties":{"id":113,"source":143,"target":144,"cost":78.39,"reverse_cost":-1,"capacity":1200,"reverse_capacity":-1,"x1":4.893604,"y1":52.371508,"x2":4.893589,"y2":52.370808},"geometry":{"type":"LineString","coordinates":[[4.893604,52.371508],[4.893529,52.371216],[4.893527,52.371152],[4.893589,52.370808]]}},{"type":"Feature","properties":{"id":114,"source":33,"target":145,"cost":2.63,"reverse_cost":2.63,"capacity":1200,"reverse_capacity":1200,"x1":4.902383,"y1":52.371469,"x2":4.902355,"y2":52.371485},"geometry":{"type":"LineString","coordinates":[[4.902383,52.371469],[4.902355,52.371485]]}},{"type":"Feature","properties":{"id":115,"source":32,"target":146,"cost":5.11,"reverse_cost":5.11,"capacity":1200,"reverse_capacity":1200,"x1":4.901682,"y1":52.370931,"x2":4.901648,"y2":52.370972},"geometry":{"type":"LineString","coordinates":[[4.901682,52.370931],[4.901648,52.370972]]}},{"type":"Feature","properties":{"id":116,"source":147,"target":148,"cost":116.47,"reverse_cost":-1,"capacity":1200,"reverse_capacity":-1,"x1":4.895653,"y1":52.371925,"x2":4.894149,"y2":52.372428},"geometry":{"type":"LineString","coordinates":[[4.895653,52.371925],[4.895461,52.371987],[4.89504,52.372127],[4.894791,52.372209],[4.894381,52.372337],[4.894149,52.372428]]}},{"type":"Feature","properties":{"id":117,"source":149,"target":150,"cost":59.12,"reverse_cost":59.12,"capacity":1200,"reverse_capacity":1200,"x1":4.896028,"y1":52.371798,"x2":4.896783,"y2":52.371533},"geometry":{"type":"LineString","coordinates":[[4.896028,52.371798],[4.896149,52.371761],[4.896783,52.371533]]}},{"type":"Feature","properties":{"id":118,"source":151,"target":147,"cost":115.23,"reverse_cost":-1,"capacity":1200,"reverse_capacity":-1,"x1":4.896679,"y1":52.372751,"x2":4.895653,"y2":52.371925},"geometry":{"type":"LineString","coordinates":[[4.896679,52.372751],[4.896594,52.372676],[4.89644,52.372553],[4.896315,52.372447],[4.896158,52.372324],[4.895846,52.372085],[4.895653,52.371925]]}},{"type":"Feature","properties":{"id":119,"source":147,"target":110,"cost":313.43,"reverse_cost":-1,"capacity":1200,"reverse_capacity":-1,"x1":4.895653,"y1":52.371925,"x2":4.894118,"y2":52.369329},"geometry":{"type":"LineString","coordinates":[[4.895653,52.371925],[4.895454,52.371749],[4.895341,52.37166],[4.89523,52.371554],[4.895097,52.371421],[4.894963,52.371287],[4.894865,52.371189],[4.894556,52.370869],[4.894496,52.370774],[4.894449,52.370613],[4.894319,52.370168],[4.894255,52.369944],[4.894234,52.369872],[4.894117,52.369443],[4.894115,52.3694],[4.894118,52.369329]]}},{"type":"Feature","properties":{"id":120,"source":152,"target":153,"cost":54.5,"reverse_cost":-1,"capacity":1200,"reverse_capacity":-1,"x1":4.895635,"y1":52.370325,"x2":4.894879,"y2":52.370482},"geometry":{"type":"LineString","coordinates":[[4.895635,52.370325],[4.895525,52.370367],[4.895398,52.370393],[4.894879,52.370482]]}},{"type":"Feature","properties":{"id":121,"source":130,"target":154,"cost":6.99,"reverse_cost":6.99,"capacity":1200,"reverse_capacity":1200,"x1":4.898974,"y1":52.370933,"x2":4.898873,"y2":52.370948},"geometry":{"type":"LineString","coordinates":[[4.898974,52.370933],[4.898873,52.370948]]}},{"type":"Feature","properties":{"id":122,"source":51,"target":155,"cost":175.74,"reverse_cost":-1,"capacity":1600,"reverse_capacity":-1,"x1":4.900635,"y1":52.370514,"x2":4.900482,"y2":52.372085},"geometry":{"type":"LineString","coordinates":[[4.900635,52.370514],[4.900604,52.37073],[4.900556,52.371059],[4.900551,52.371093],[4.900493,52.371435],[4.90044,52.371797],[4.900435,52.371841],[4.900428,52.371905],[4.900433,52.371958],[4.90045,52.372006],[4.900455,52.372023],[4.900482,52.372085]]}},{"type":"Feature","properties":{"id":123,"source":156,"target":37,"cost":24.15,"reverse_cost":-1,"capacity":1200,"reverse_capacity":-1,"x1":4.901415,"y1":52.370553,"x2":4.901588,"y2":52.370366},"geometry":{"type":"LineString","coordinates":[[4.901415,52.370553],[4.901537,52.3704],[4.90156,52.37038],[4.901588,52.370366]]}},{"type":"Feature","properties":{"id":124,"source":157,"target":144,"cost":41.03,"reverse_cost":-1,"capacity":1200,"reverse_capacity":-1,"x1":4.892989,"y1":52.370849,"x2":4.893589,"y2":52.370808},"geometry":{"type":"LineString","coordinates":[[4.892989,52.370849],[4.893589,52.370808]]}},{"type":"Feature","properties":{"id":125,"source":158,"target":159,"cost":56.39,"reverse_cost":56.39,"capacity":1200,"reverse_capacity":1200,"x1":4.901523,"y1":52.370034,"x2":4.901179,"y2":52.370495},"geometry":{"type":"LineString","coordinates":[[4.901523,52.370034],[4.901179,52.370495]]}},{"type":"Feature","properties":{"id":126,"source":125,"target":141,"cost":156.91,"reverse_cost":-1,"capacity":1200,"reverse_capacity":-1,"x1":4.895862,"y1":52.370229,"x2":4.896982,"y2":52.371463},"geometry":{"type":"LineString","coordinates":[[4.895862,52.370229],[4.896069,52.370469],[4.89613,52.370528],[4.896378,52.370789],[4.896703,52.371159],[4.896982,52.371463]]}},{"type":"Feature","properties":{"id":127,"source":160,"target":105,"cost":139.78,"reverse_cost":-1,"capacity":1200,"reverse_capacity":-1,"x1":4.899491,"y1":52.37216,"x2":4.898519,"y2":52.371052},"geometry":{"type":"LineString","coordinates":[[4.899491,52.37216],[4.899456,52.372114],[4.899174,52.371768],[4.898948,52.371522],[4.898753,52.37131],[4.89864,52.371187],[4.898519,52.371052]]}},{"type":"Feature","properties":{"id":128,"source":156,"target":161,"cost":5.54,"reverse_cost":5.54,"capacity":1200,"reverse_capacity":1200,"x1":4.901415,"y1":52.370553,"x2":4.901342,"y2":52.370531},"geometry":{"type":"LineString","coordinates":[[4.901415,52.370553],[4.901342,52.370531]]}},{"type":"Feature","properties":{"id":129,"source":162,"target":163,"cost":5.15,"reverse_cost":-1,"capacity":1600,"reverse_capacity":-1,"x1":4.895766,"y1":52.367002,"x2":4.895772,"y2":52.367049},"geometry":{"type":"LineString","coordinates":[[4.895766,52.367002],[4.895772,52.367049]]}},{"type":"Feature","properties":{"id":130,"source":164,"target":165,"cost":73.42,"reverse_cost":-1,"capacity":1200,"reverse_capacity":-1,"x1":4.897096,"y1":52.367757,"x2":4.896023,"y2":52.367713},"geometry":{"type":"LineString","coordinates":[[4.897096,52.367757],[4.896968,52.36774],[4.896119,52.367699],[4.896023,52.367713]]}},{"type":"Feature","properties":{"id":131,"source":166,"target":167,"cost":5.52,"reverse_cost":-1,"capacity":2000,"reverse_capacity":-1,"x1":4.893603,"y1":52.367465,"x2":4.893557,"y2":52.367507},"geometry":{"type":"LineString","coordinates":[[4.893603,52.367465],[4.893557,52.367507]]}},{"type":"Feature","properties":{"id":132,"source":119,"target":168,"cost":227.53,"reverse_cost":-1,"capacity":1200,"reverse_capacity":-1,"x1":4.900021,"y1":52.369364,"x2":4.898167,"y2":52.367661},"geometry":{"type":"LineString","coordinates":[[4.900021,52.369364],[4.899601,52.368988],[4.899183,52.368611],[4.898686,52.368162],[4.898241,52.367708],[4.898167,52.367661]]}},{"type":"Feature","properties":{"id":133,"source":169,"target":170,"cost":58.62,"reverse_cost":-1,"capacity":1200,"reverse_capacity":-1,"x1":4.897424,"y1":52.367756,"x2":4.897823,"y2":52.368223},"geometry":{"type":"LineString","coordinates":[[4.897424,52.367756],[4.897449,52.367803],[4.897823,52.368223]]}},{"type":"Feature","properties":{"id":134,"source":170,"target":171,"cost":181.43,"reverse_cost":-1,"capacity":1200,"reverse_capacity":-1,"x1":4.897823,"y1":52.368223,"x2":4.899143,"y2":52.369642},"geometry":{"type":"LineString","coordinates":[[4.897823,52.368223],[4.897896,52.368304],[4.899143,52.369642]]}},{"type":"Feature","properties":{"id":135,"source":170,"target":172,"cost":4.41,"reverse_cost":4.41,"capacity":1200,"reverse_capacity":1200,"x1":4.897823,"y1":52.368223,"x2":4.897758,"y2":52.368226},"geometry":{"type":"LineString","coordinates":[[4.897823,52.368223],[4.897758,52.368226]]}},{"type":"Feature","properties":{"id":136,"source":173,"target":166,"cost":8.05,"reverse_cost":-1,"capacity":1200,"reverse_capacity":-1,"x1":4.893697,"y1":52.367509,"x2":4.893603,"y2":52.367465},"geometry":{"type":"LineString","coordinates":[[4.893697,52.367509],[4.893603,52.367465]]}},{"type":"Feature","properties":{"id":137,"source":35,"target":174,"cost":41.32,"reverse_cost":41.32,"capacity":1200,"reverse_capacity":1200,"x1":4.901877,"y1":52.368582,"x2":4.901367,"y2":52.368786},"geometry":{"type":"LineString","coordinates":[[4.901877,52.368582],[4.901367,52.368786]]}},{"type":"Feature","properties":{"id":138,"source":149,"target":175,"cost":4.94,"reverse_cost":4.94,"capacity":1200,"reverse_capacity":1200,"x1":4.896028,"y1":52.371798,"x2":4.895964,"y2":52.371819},"geometry":{"type":"LineString","coordinates":[[4.896028,52.371798],[4.895964,52.371819]]}},{"type":"Feature","properties":{"id":139,"source":176,"target":177,"cost":17.44,"reverse_cost":17.44,"capacity":1200,"reverse_capacity":1200,"x1":4.896005,"y1":52.368468,"x2":4.896229,"y2":52.368391},"geometry":{"type":"LineString","coordinates":[[4.896005,52.368468],[4.896229,52.368391]]}},{"type":"Feature","properties":{"id":140,"source":178,"target":179,"cost":5.26,"reverse_cost":5.26,"capacity":1200,"reverse_capacity":1200,"x1":4.898636,"y1":52.373878,"x2":4.89856,"y2":52.373887},"geometry":{"type":"LineString","coordinates":[[4.898636,52.373878],[4.89856,52.373887]]}},{"type":"Feature","properties":{"id":141,"source":180,"target":151,"cost":174.18,"reverse_cost":-1,"capacity":1200,"reverse_capacity":-1,"x1":4.898277,"y1":52.373969,"x2":4.896679,"y2":52.372751},"geometry":{"type":"LineString","coordinates":[[4.898277,52.373969],[4.898186,52.373933],[4.898109,52.373896],[4.897932,52.373746],[4.89786,52.373691],[4.89776,52.37361],[4.897713,52.373574],[4.897633,52.373513],[4.89741,52.373339],[4.897312,52.37326],[4.897246,52.373208],[4.897143,52.373128],[4.89698,52.372998],[4.896874,52.37291],[4.896795,52.372845],[4.896679,52.372751]]}},{"type":"Feature","properties":{"id":142,"source":181,"target":182,"cost":48.61,"reverse_cost":-1,"capacity":1200,"reverse_capacity":-1,"x1":4.895771,"y1":52.37372,"x2":4.895186,"y2":52.373969},"geometry":{"type":"LineString","coordinates":[[4.895771,52.37372],[4.895556,52.37383],[4.895357,52.373897],[4.895236,52.373951],[4.895186,52.373969]]}},{"type":"Feature","properties":{"id":143,"source":183,"target":184,"cost":2.83,"reverse_cost":-1,"capacity":1200,"reverse_capacity":-1,"x1":4.899982,"y1":52.376361,"x2":4.899958,"y2":52.376382},"geometry":{"type":"LineString","coordinates":[[4.899982,52.376361],[4.899958,52.376382]]}},{"type":"Feature","properties":{"id":144,"source":185,"target":186,"cost":108.03,"reverse_cost":-1,"capacity":1200,"reverse_capacity":-1,"x1":4.900072,"y1":52.374533,"x2":4.899175,"y2":52.37373},"geometry":{"type":"LineString","coordinates":[[4.900072,52.374533],[4.899175,52.37373]]}},{"type":"Feature","properties":{"id":145,"source":186,"target":150,"cost":293.39,"reverse_cost":-1,"capacity":1200,"reverse_capacity":-1,"x1":4.899175,"y1":52.37373,"x2":4.896783,"y2":52.371533},"geometry":{"type":"LineString","coordinates":[[4.899175,52.37373],[4.898763,52.373362],[4.897716,52.372407],[4.896849,52.371586],[4.896783,52.371533]]}},{"type":"Feature","properties":{"id":146,"source":150,"target":152,"cost":155.36,"reverse_cost":-1,"capacity":1200,"reverse_capacity":-1,"x1":4.896783,"y1":52.371533,"x2":4.895635,"y2":52.370325},"geometry":{"type":"LineString","coordinates":[[4.896783,52.371533],[4.89647,52.37122],[4.895635,52.370325]]}},{"type":"Feature","properties":{"id":147,"source":152,"target":113,"cost":125.14,"reverse_cost":-1,"capacity":1200,"reverse_capacity":-1,"x1":4.895635,"y1":52.370325,"x2":4.894838,"y2":52.369317},"geometry":{"type":"LineString","coordinates":[[4.895635,52.370325],[4.894846,52.369395],[4.894838,52.369317]]}},{"type":"Feature","properties":{"id":148,"source":187,"target":78,"cost":48.11,"reverse_cost":-1,"capacity":1600,"reverse_capacity":-1,"x1":4.900973,"y1":52.372919,"x2":4.901194,"y2":52.37333},"geometry":{"type":"LineString","coordinates":[[4.900973,52.372919],[4.901075,52.373098],[4.901194,52.37333]]}},{"type":"Feature","properties":{"id":149,"source":78,"target":188,"cost":4.54,"reverse_cost":-1,"capacity":1600,"reverse_capacity":-1,"x1":4.901194,"y1":52.37333,"x2":4.901212,"y2":52.373369},"geometry":{"type":"LineString","coordinates":[[4.901194,52.37333],[4.901212,52.373369]]}},{"type":"Feature","properties":{"id":150,"source":189,"target":190,"cost":2.27,"reverse_cost":2.27,"capacity":1200,"reverse_capacity":1200,"x1":4.900245,"y1":52.374484,"x2":4.900213,"y2":52.374491},"geometry":{"type":"LineString","coordinates":[[4.900245,52.374484],[4.900213,52.374491]]}},{"type":"Feature","properties":{"id":151,"source":191,"target":192,"cost":2.91,"reverse_cost":2.91,"capacity":1200,"reverse_capacity":1200,"x1":4.889706,"y1":52.374536,"x2":4.889664,"y2":52.37453},"geometry":{"type":"LineString","coordinates":[[4.889706,52.374536],[4.889664,52.37453]]}},{"type":"Feature","properties":{"id":152,"source":193,"target":178,"cost":175.82,"reverse_cost":-1,"capacity":1200,"reverse_capacity":-1,"x1":4.897051,"y1":52.372627,"x2":4.898636,"y2":52.373878},"geometry":{"type":"LineString","coordinates":[[4.897051,52.372627],[4.897619,52.373084],[4.898186,52.373522],[4.898596,52.373841],[4.898636,52.373878]]}},{"type":"Feature","properties":{"id":153,"source":178,"target":134,"cost":112.26,"reverse_cost":-1,"capacity":1200,"reverse_capacity":-1,"x1":4.898636,"y1":52.373878,"x2":4.899598,"y2":52.374698},"geometry":{"type":"LineString","coordinates":[[4.898636,52.373878],[4.898671,52.373912],[4.898885,52.374076],[4.899022,52.374183],[4.899176,52.374314],[4.899598,52.374698]]}},{"type":"Feature","properties":{"id":154,"source":194,"target":195,"cost":35.09,"reverse_cost":-1,"capacity":1200,"reverse_capacity":-1,"x1":4.900526,"y1":52.374409,"x2":4.900985,"y2":52.374265},"geometry":{"type":"LineString","coordinates":[[4.900526,52.374409],[4.900582,52.374397],[4.900985,52.374265]]}},{"type":"Feature","properties":{"id":155,"source":189,"target":194,"cost":20.9,"reverse_cost":-1,"capacity":1200,"reverse_capacity":-1,"x1":4.900245,"y1":52.374484,"x2":4.900526,"y2":52.374409},"geometry":{"type":"LineString","coordinates":[[4.900245,52.374484],[4.90029,52.374477],[4.900478,52.374418],[4.900526,52.374409]]}},{"type":"Feature","properties":{"id":156,"source":182,"target":131,"cost":99.72,"reverse_cost":-1,"capacity":600,"reverse_capacity":-1,"x1":4.895186,"y1":52.373969,"x2":4.896185,"y2":52.374626},"geometry":{"type":"LineString","coordinates":[[4.895186,52.373969],[4.895246,52.374008],[4.895771,52.374359],[4.895846,52.374409],[4.896035,52.374536],[4.896185,52.374626]]}},{"type":"Feature","properties":{"id":157,"source":196,"target":197,"cost":18.68,"reverse_cost":-1,"capacity":2000,"reverse_capacity":-1,"x1":4.900305,"y1":52.366223,"x2":4.900576,"y2":52.366231},"geometry":{"type":"LineString","coordinates":[[4.900305,52.366223],[4.900345,52.36622],[4.900444,52.366216],[4.900508,52.366218],[4.900576,52.366231]]}},{"type":"Feature","properties":{"id":158,"source":198,"target":199,"cost":27.52,"reverse_cost":-1,"capacity":2000,"reverse_capacity":-1,"x1":4.901241,"y1":52.3664,"x2":4.901594,"y2":52.366516},"geometry":{"type":"LineString","coordinates":[[4.901241,52.3664],[4.901436,52.366445],[4.901486,52.366462],[4.901548,52.366489],[4.901594,52.366516]]}},{"type":"Feature","properties":{"id":159,"source":20,"target":200,"cost":5.29,"reverse_cost":-1,"capacity":1200,"reverse_capacity":-1,"x1":4.902017,"y1":52.365764,"x2":4.901994,"y2":52.365809},"geometry":{"type":"LineString","coordinates":[[4.902017,52.365764],[4.90201,52.365778],[4.902007,52.365783],[4.901994,52.365809]]}},{"type":"Feature","properties":{"id":160,"source":201,"target":202,"cost":194.0,"reverse_cost":-1,"capacity":1200,"reverse_capacity":-1,"x1":4.893111,"y1":52.366087,"x2":4.895903,"y2":52.365719},"geometry":{"type":"LineString","coordinates":[[4.893111,52.366087],[4.893131,52.366085],[4.893195,52.366078],[4.893325,52.366065],[4.894417,52.365913],[4.894746,52.365869],[4.895203,52.365807],[4.895602,52.365751],[4.895797,52.365725],[4.895903,52.365719]]}},{"type":"Feature","properties":{"id":161,"source":99,"target":203,"cost":6.89,"reverse_cost":6.89,"capacity":1200,"reverse_capacity":1200,"x1":4.896074,"y1":52.364632,"x2":4.896069,"y2":52.364694},"geometry":{"type":"LineString","coordinates":[[4.896074,52.364632],[4.896069,52.364694]]}},{"type":"Feature","properties":{"id":162,"source":101,"target":204,"cost":6.15,"reverse_cost":6.15,"capacity":1200,"reverse_capacity":1200,"x1":4.9006,"y1":52.365492,"x2":4.900561,"y2":52.365542},"geometry":{"type":"LineString","coordinates":[[4.9006,52.365492],[4.900561,52.365542]]}},{"type":"Feature","properties":{"id":163,"source":205,"target":206,"cost":189.14,"reverse_cost":-1,"capacity":1200,"reverse_capacity":-1,"x1":4.900429,"y1":52.365805,"x2":4.897772,"y2":52.365293},"geometry":{"type":"LineString","coordinates":[[4.900429,52.365805],[4.8979,52.365317],[4.897816,52.365301],[4.897772,52.365293]]}},{"type":"Feature","properties":{"id":164,"source":207,"target":208,"cost":218.06,"reverse_cost":-1,"capacity":600,"reverse_capacity":-1,"x1":4.896023,"y1":52.364956,"x2":4.892877,"y2":52.365332},"geometry":{"type":"LineString","coordinates":[[4.896023,52.364956],[4.895867,52.364956],[4.895697,52.36496],[4.89555,52.364976],[4.892964,52.365322],[4.892914,52.365328],[4.892877,52.365332]]}},{"type":"Feature","properties":{"id":165,"source":209,"target":210,"cost":5.73,"reverse_cost":-1,"capacity":1200,"reverse_capacity":-1,"x1":4.88795,"y1":52.366728,"x2":4.88801,"y2":52.366692},"geometry":{"type":"LineString","coordinates":[[4.88795,52.366728],[4.888,52.366699],[4.88801,52.366692]]}},{"type":"Feature","properties":{"id":166,"source":199,"target":211,"cost":13.01,"reverse_cost":13.01,"capacity":600,"reverse_capacity":600,"x1":4.901594,"y1":52.366516,"x2":4.901473,"y2":52.366607},"geometry":{"type":"LineString","coordinates":[[4.901594,52.366516],[4.90154,52.366558],[4.901526,52.366567],[4.90151,52.366577],[4.901473,52.366607]]}},{"type":"Feature","properties":{"id":167,"source":212,"target":213,"cost":23.45,"reverse_cost":-1,"capacity":2000,"reverse_capacity":-1,"x1":4.894133,"y1":52.367082,"x2":4.893813,"y2":52.36716},"geometry":{"type":"LineString","coordinates":[[4.894133,52.367082],[4.894027,52.3671],[4.893904,52.367132],[4.893813,52.36716]]}},{"type":"Feature","properties":{"id":168,"source":96,"target":214,"cost":3.94,"reverse_cost":3.94,"capacity":1200,"reverse_capacity":1200,"x1":4.890045,"y1":52.376752,"x2":4.890075,"y2":52.376782},"geometry":{"type":"LineString","coordinates":[[4.890045,52.376752],[4.890075,52.376782]]}},{"type":"Feature","properties":{"id":169,"source":215,"target":216,"cost":33.04,"reverse_cost":-1,"capacity":1200,"reverse_capacity":-1,"x1":4.890576,"y1":52.376723,"x2":4.890166,"y2":52.376883},"geometry":{"type":"LineString","coordinates":[[4.890576,52.376723],[4.890166,52.376883]]}},{"type":"Feature","properties":{"id":170,"source":96,"target":217,"cost":6.49,"reverse_cost":6.49,"capacity":1200,"reverse_capacity":1200,"x1":4.890045,"y1":52.376752,"x2":4.889964,"y2":52.376783},"geometry":{"type":"LineString","coordinates":[[4.890045,52.376752],[4.889964,52.376783]]}},{"type":"Feature","properties":{"id":171,"source":218,"target":219,"cost":7.02,"reverse_cost":7.02,"capacity":1200,"reverse_capacity":1200,"x1":4.892357,"y1":52.376976,"x2":4.892255,"y2":52.376986},"geometry":{"type":"LineString","coordinates":[[4.892357,52.376976],[4.892255,52.376986]]}},{"type":"Feature","properties":{"id":172,"source":220,"target":221,"cost":93.29,"reverse_cost":-1,"capacity":1200,"reverse_capacity":-1,"x1":4.899968,"y1":52.372743,"x2":4.898701,"y2":52.37306},"geometry":{"type":"LineString","coordinates":[[4.899968,52.372743],[4.899843,52.372771],[4.899655,52.372813],[4.899111,52.372922],[4.898701,52.37306]]}},{"type":"Feature","properties":{"id":173,"source":222,"target":215,"cost":45.96,"reverse_cost":-1,"capacity":1200,"reverse_capacity":-1,"x1":4.89114,"y1":52.376495,"x2":4.890576,"y2":52.376723},"geometry":{"type":"LineString","coordinates":[[4.89114,52.376495],[4.890576,52.376723]]}},{"type":"Feature","properties":{"id":174,"source":96,"target":223,"cost":77.72,"reverse_cost":-1,"capacity":1200,"reverse_capacity":-1,"x1":4.890045,"y1":52.376752,"x2":4.89099,"y2":52.376357},"geometry":{"type":"LineString","coordinates":[[4.890045,52.376752],[4.890924,52.376384],[4.89099,52.376357]]}},{"type":"Feature","properties":{"id":175,"source":224,"target":225,"cost":227.35,"reverse_cost":-1,"capacity":1200,"reverse_capacity":-1,"x1":4.893672,"y1":52.378808,"x2":4.891813,"y2":52.377107},"geometry":{"type":"LineString","coordinates":[[4.893672,52.378808],[4.892858,52.378065],[4.892641,52.377868],[4.892331,52.377584],[4.891813,52.377107]]}},{"type":"Feature","properties":{"id":176,"source":226,"target":227,"cost":212.07,"reverse_cost":-1,"capacity":1200,"reverse_capacity":-1,"x1":4.891246,"y1":52.377341,"x2":4.892758,"y2":52.37901},"geometry":{"type":"LineString","coordinates":[[4.891246,52.377341],[4.892167,52.378351],[4.892758,52.37901]]}},{"type":"Feature","properties":{"id":177,"source":228,"target":229,"cost":202.65,"reverse_cost":-1,"capacity":600,"reverse_capacity":-1,"x1":4.890752,"y1":52.377548,"x2":4.892226,"y2":52.379122},"geometry":{"type":"LineString","coordinates":[[4.890752,52.377548],[4.891663,52.378562],[4.892174,52.379105],[4.892184,52.379115],[4.892195,52.37912],[4.892209,52.379123],[4.892226,52.379122]]}},{"type":"Feature","properties":{"id":178,"source":230,"target":137,"cost":418.71,"reverse_cost":-1,"capacity":2000,"reverse_capacity":-1,"x1":4.895525,"y1":52.37769,"x2":4.891549,"y2":52.374848},"geometry":{"type":"LineString","coordinates":[[4.895525,52.37769],[4.895499,52.377665],[4.895483,52.377646],[4.89537,52.377505],[4.895275,52.377412],[4.895172,52.377312],[4.895074,52.377223],[4.895025,52.377189],[4.894987,52.377164],[4.894938,52.377137],[4.89488,52.3771],[4.894686,52.37697],[4.894659,52.376952],[4.89463,52.376934],[4.8946,52.376917],[4.89457,52.376901],[4.894538,52.376886],[4.894505,52.376871],[4.894471,52.376857],[4.894406,52.376829],[4.894381,52.376819],[4.894356,52.376807],[4.894333,52.376795],[4.89431,52.376783],[4.894157,52.376715],[4.894143,52.376707],[4.893992,52.376622],[4.893654,52.376409],[4.893448,52.376279],[4.893333,52.376206],[4.893228,52.376139],[4.893187,52.37611],[4.89315,52.376082],[4.893105,52.376046],[4.893024,52.375978],[4.892906,52.375891],[4.892767,52.375799],[4.892687,52.375742],[4.892526,52.375629],[4.891868,52.375178],[4.891848,52.375165],[4.89183,52.375151],[4.891812,52.375137],[4.891795,52.375123],[4.891779,52.375108],[4.891764,52.375093],[4.89175,52.375078],[4.891635,52.374948],[4.891549,52.374848]]}},{"type":"Feature","properties":{"id":179,"source":215,"target":226,"cost":82.36,"reverse_cost":-1,"capacity":1200,"reverse_capacity":-1,"x1":4.890576,"y1":52.376723,"x2":4.891246,"y2":52.377341},"geometry":{"type":"LineString","coordinates":[[4.890576,52.376723],[4.891246,52.377341]]}},{"type":"Feature","properties":{"id":180,"source":216,"target":228,"cost":84.02,"reverse_cost":-1,"capacity":600,"reverse_capacity":-1,"x1":4.890166,"y1":52.376883,"x2":4.890752,"y2":52.377548},"geometry":{"type":"LineString","coordinates":[[4.890166,52.376883],[4.890752,52.377548]]}},{"type":"Feature","properties":{"id":181,"source":231,"target":232,"cost":96.99,"reverse_cost":96.99,"capacity":1200,"reverse_capacity":1200,"x1":4.892855,"y1":52.377415,"x2":4.894214,"y2":52.37764},"geometry":{"type":"LineString","coordinates":[[4.892855,52.377415],[4.892949,52.377395],[4.893194,52.377428],[4.893704,52.377541],[4.893827,52.377563],[4.893965,52.377589],[4.894114,52.37762],[4.894214,52.37764]]}},{"type":"Feature","properties":{"id":182,"source":233,"target":234,"cost":8.57,"reverse_cost":8.57,"capacity":1200,"reverse_capacity":1200,"x1":4.891525,"y1":52.376212,"x2":4.891404,"y2":52.376235},"geometry":{"type":"LineString","coordinates":[[4.891525,52.376212],[4.891404,52.376235]]}},{"type":"Feature","properties":{"id":183,"source":235,"target":195,"cost":254.6,"reverse_cost":-1,"capacity":1200,"reverse_capacity":-1,"x1":4.90217,"y1":52.376438,"x2":4.900985,"y2":52.374265},"geometry":{"type":"LineString","coordinates":[[4.90217,52.376438],[4.902149,52.376405],[4.901683,52.375551],[4.901417,52.37506],[4.901374,52.374981],[4.900985,52.374265]]}},{"type":"Feature","properties":{"id":184,"source":236,"target":223,"cost":5.13,"reverse_cost":5.13,"capacity":1200,"reverse_capacity":1200,"x1":4.891031,"y1":52.376396,"x2":4.89099,"y2":52.376357},"geometry":{"type":"LineString","coordinates":[[4.891031,52.376396],[4.89099,52.376357]]}},{"type":"Feature","properties":{"id":185,"source":237,"target":232,"cost":34.44,"reverse_cost":-1,"capacity":1200,"reverse_capacity":-1,"x1":4.894468,"y1":52.377372,"x2":4.894214,"y2":52.37764},"geometry":{"type":"LineString","coordinates":[[4.894468,52.377372],[4.894424,52.377412],[4.894374,52.37746],[4.894214,52.37764]]}},{"type":"Feature","properties":{"id":186,"source":232,"target":238,"cost":61.9,"reverse_cost":-1,"capacity":1200,"reverse_capacity":-1,"x1":4.894214,"y1":52.37764,"x2":4.89422,"y2":52.378197},"geometry":{"type":"LineString","coordinates":[[4.894214,52.37764],[4.89421,52.377664],[4.894214,52.377737],[4.894212,52.377777],[4.894217,52.378031],[4.894218,52.378081],[4.89422,52.378197]]}},{"type":"Feature","properties":{"id":187,"source":239,"target":240,"cost":63.8,"reverse_cost":-1,"capacity":800,"reverse_capacity":-1,"x1":4.893073,"y1":52.372678,"x2":4.893971,"y2":52.372509},"geometry":{"type":"LineString","coordinates":[[4.893073,52.372678],[4.893162,52.372667],[4.893203,52.372663],[4.893269,52.372651],[4.893971,52.372509]]}},{"type":"Feature","properties":{"id":188,"source":141,"target":221,"cost":212.5,"reverse_cost":-1,"capacity":1200,"reverse_capacity":-1,"x1":4.896982,"y1":52.371463,"x2":4.898701,"y2":52.37306},"geometry":{"type":"LineString","coordinates":[[4.896982,52.371463],[4.897521,52.371978],[4.897804,52.372237],[4.897913,52.372339],[4.898004,52.372423],[4.898185,52.372588],[4.89846,52.372833],[4.898701,52.37306]]}},{"type":"Feature","properties":{"id":189,"source":221,"target":241,"cost":31.88,"reverse_cost":-1,"capacity":1200,"reverse_capacity":-1,"x1":4.898701,"y1":52.37306,"x2":4.898957,"y2":52.3733},"geometry":{"type":"LineString","coordinates":[[4.898701,52.37306],[4.898754,52.373111],[4.898957,52.3733]]}},{"type":"Feature","properties":{"id":190,"source":241,"target":242,"cost":51.02,"reverse_cost":-1,"capacity":1200,"reverse_capacity":-1,"x1":4.898957,"y1":52.3733,"x2":4.899405,"y2":52.373669},"geometry":{"type":"LineString","coordinates":[[4.898957,52.3733],[4.899405,52.373669]]}},{"type":"Feature","properties":{"id":191,"source":242,"target":189,"cost":107.1,"reverse_cost":-1,"capacity":1200,"reverse_capacity":-1,"x1":4.899405,"y1":52.373669,"x2":4.900245,"y2":52.374484},"geometry":{"type":"LineString","coordinates":[[4.899405,52.373669],[4.899977,52.374204],[4.900117,52.374358],[4.900245,52.374484]]}},{"type":"Feature","properties":{"id":192,"source":182,"target":243,"cost":44.09,"reverse_cost":44.09,"capacity":1200,"reverse_capacity":1200,"x1":4.895186,"y1":52.373969,"x2":4.894668,"y2":52.374207},"geometry":{"type":"LineString","coordinates":[[4.895186,52.373969],[4.895102,52.373996],[4.894759,52.374159],[4.894668,52.374207]]}},{"type":"Feature","properties":{"id":193,"source":244,"target":245,"cost":18.17,"reverse_cost":-1,"capacity":2000,"reverse_capacity":-1,"x1":4.893355,"y1":52.373182,"x2":4.893485,"y2":52.373324},"geometry":{"type":"LineString","coordinates":[[4.893355,52.373182],[4.893393,52.373229],[4.893428,52.37327],[4.893485,52.373324]]}},{"type":"Feature","properties":{"id":194,"source":155,"target":246,"cost":25.82,"reverse_cost":25.82,"capacity":1200,"reverse_capacity":1200,"x1":4.900482,"y1":52.372085,"x2":4.900119,"y2":52.372154},"geometry":{"type":"LineString","coordinates":[[4.900482,52.372085],[4.900119,52.372154]]}},{"type":"Feature","properties":{"id":195,"source":130,"target":246,"cost":156.41,"reverse_cost":-1,"capacity":1200,"reverse_capacity":-1,"x1":4.898974,"y1":52.370933,"x2":4.900119,"y2":52.372154},"geometry":{"type":"LineString","coordinates":[[4.898974,52.370933],[4.899647,52.371647],[4.899898,52.371915],[4.900056,52.372084],[4.900119,52.372154]]}},{"type":"Feature","properties":{"id":196,"source":247,"target":248,"cost":128.42,"reverse_cost":-1,"capacity":1200,"reverse_capacity":-1,"x1":4.890283,"y1":52.374374,"x2":4.889716,"y2":52.373273},"geometry":{"type":"LineString","coordinates":[[4.890283,52.374374],[4.89026,52.374343],[4.89023,52.374298],[4.890089,52.374021],[4.889752,52.373363],[4.889731,52.373311],[4.889716,52.373273]]}},{"type":"Feature","properties":{"id":197,"source":241,"target":249,"cost":88.62,"reverse_cost":-1,"capacity":1200,"reverse_capacity":-1,"x1":4.898957,"y1":52.3733,"x2":4.900164,"y2":52.372998},"geometry":{"type":"LineString","coordinates":[[4.898957,52.3733],[4.89928,52.373223],[4.899784,52.373107],[4.900087,52.37302],[4.900164,52.372998]]}},{"type":"Feature","properties":{"id":198,"source":250,"target":181,"cost":127.6,"reverse_cost":-1,"capacity":1200,"reverse_capacity":-1,"x1":4.894457,"y1":52.3729,"x2":4.895771,"y2":52.37372},"geometry":{"type":"LineString","coordinates":[[4.894457,52.3729],[4.894548,52.37296],[4.894766,52.373103],[4.895032,52.373265],[4.895409,52.373489],[4.895771,52.37372]]}},{"type":"Feature","properties":{"id":199,"source":112,"target":153,"cost":131.46,"reverse_cost":-1,"capacity":1200,"reverse_capacity":-1,"x1":4.894484,"y1":52.369326,"x2":4.894879,"y2":52.370482},"geometry":{"type":"LineString","coordinates":[[4.894484,52.369326],[4.894544,52.369431],[4.894729,52.369964],[4.894771,52.370115],[4.89482,52.370294],[4.894879,52.370482]]}},{"type":"Feature","properties":{"id":200,"source":153,"target":149,"cost":168.17,"reverse_cost":-1,"capacity":1200,"reverse_capacity":-1,"x1":4.894879,"y1":52.370482,"x2":4.896028,"y2":52.371798},"geometry":{"type":"LineString","coordinates":[[4.894879,52.370482],[4.894956,52.370696],[4.894998,52.37081],[4.895009,52.370835],[4.895021,52.37086],[4.895037,52.370886],[4.895056,52.370911],[4.895106,52.370971],[4.895137,52.371006],[4.895166,52.371037],[4.895346,52.371216],[4.895574,52.371435],[4.896028,52.371798]]}},{"type":"Feature","properties":{"id":201,"source":149,"target":193,"cost":115.45,"reverse_cost":-1,"capacity":1200,"reverse_capacity":-1,"x1":4.896028,"y1":52.371798,"x2":4.897051,"y2":52.372627},"geometry":{"type":"LineString","coordinates":[[4.896028,52.371798],[4.896093,52.371851],[4.897051,52.372627]]}},{"type":"Feature","properties":{"id":202,"source":240,"target":250,"cost":54.63,"reverse_cost":-1,"capacity":1200,"reverse_capacity":-1,"x1":4.893971,"y1":52.372509,"x2":4.894457,"y2":52.3729},"geometry":{"type":"LineString","coordinates":[[4.893971,52.372509],[4.894134,52.372661],[4.894402,52.372863],[4.894457,52.3729]]}},{"type":"Feature","properties":{"id":203,"source":251,"target":252,"cost":306.5,"reverse_cost":-1,"capacity":2000,"reverse_capacity":-1,"x1":4.892153,"y1":52.369208,"x2":4.892915,"y2":52.371912},"geometry":{"type":"LineString","coordinates":[[4.892153,52.369208],[4.892181,52.369276],[4.892326,52.369656],[4.892367,52.369733],[4.892432,52.369829],[4.892478,52.369908],[4.892507,52.369966],[4.892536,52.370024],[4.892628,52.370301],[4.892699,52.370533],[4.892784,52.370865],[4.892851,52.371148],[4.892889,52.371379],[4.892894,52.371456],[4.892902,52.371579],[4.892915,52.371912]]}},{"type":"Feature","properties":{"id":204,"source":252,"target":239,"cost":86.29,"reverse_cost":-1,"capacity":2000,"reverse_capacity":-1,"x1":4.892915,"y1":52.371912,"x2":4.893073,"y2":52.372678},"geometry":{"type":"LineString","coordinates":[[4.892915,52.371912],[4.892923,52.372159],[4.892933,52.372274],[4.892945,52.372349],[4.892969,52.372445],[4.893019,52.372568],[4.893073,52.372678]]}},{"type":"Feature","properties":{"id":205,"source":253,"target":254,"cost":31.01,"reverse_cost":31.01,"capacity":1200,"reverse_capacity":1200,"x1":4.893838,"y1":52.372223,"x2":4.893396,"y2":52.372294},"geometry":{"type":"LineString","coordinates":[[4.893838,52.372223],[4.893396,52.372294]]}},{"type":"Feature","properties":{"id":206,"source":255,"target":160,"cost":16.25,"reverse_cost":16.25,"capacity":1200,"reverse_capacity":1200,"x1":4.899633,"y1":52.372277,"x2":4.899491,"y2":52.37216},"geometry":{"type":"LineString","coordinates":[[4.899633,52.372277],[4.89955,52.372218],[4.899491,52.37216]]}},{"type":"Feature","properties":{"id":207,"source":246,"target":255,"cost":35.75,"reverse_cost":35.75,"capacity":1200,"reverse_capacity":1200,"x1":4.900119,"y1":52.372154,"x2":4.899633,"y2":52.372277},"geometry":{"type":"LineString","coordinates":[[4.900119,52.372154],[4.899633,52.372277]]}},{"type":"Feature","properties":{"id":208,"source":256,"target":257,"cost":5.14,"reverse_cost":5.14,"capacity":1200,"reverse_capacity":1200,"x1":4.896229,"y1":52.362426,"x2":4.896154,"y2":52.362418},"geometry":{"type":"LineString","coordinates":[[4.896229,52.362426],[4.896154,52.362418]]}},{"type":"Feature","properties":{"id":209,"source":258,"target":259,"cost":87.44,"reverse_cost":-1,"capacity":1200,"reverse_capacity":-1,"x1":4.8958,"y1":52.363212,"x2":4.89585,"y2":52.362426},"geometry":{"type":"LineString","coordinates":[[4.8958,52.363212],[4.89585,52.362426]]}},{"type":"Feature","properties":{"id":210,"source":259,"target":260,"cost":73.25,"reverse_cost":-1,"capacity":1200,"reverse_capacity":-1,"x1":4.89585,"y1":52.362426,"x2":4.895895,"y2":52.361768},"geometry":{"type":"LineString","coordinates":[[4.89585,52.362426],[4.895895,52.361768]]}},{"type":"Feature","properties":{"id":211,"source":261,"target":256,"cost":70.65,"reverse_cost":-1,"capacity":1200,"reverse_capacity":-1,"x1":4.896257,"y1":52.361791,"x2":4.896229,"y2":52.362426},"geometry":{"type":"LineString","coordinates":[[4.896257,52.361791],[4.896246,52.362051],[4.896229,52.362426]]}},{"type":"Feature","properties":{"id":212,"source":256,"target":262,"cost":85.42,"reverse_cost":-1,"capacity":1200,"reverse_capacity":-1,"x1":4.896229,"y1":52.362426,"x2":4.896171,"y2":52.363193},"geometry":{"type":"LineString","coordinates":[[4.896229,52.362426],[4.896171,52.363193]]}},{"type":"Feature","properties":{"id":213,"source":260,"target":263,"cost":283.34,"reverse_cost":-1,"capacity":1200,"reverse_capacity":-1,"x1":4.895895,"y1":52.361768,"x2":4.891823,"y2":52.362322},"geometry":{"type":"LineString","coordinates":[[4.895895,52.361768],[4.895596,52.3618],[4.894748,52.361919],[4.894284,52.361984],[4.893565,52.362082],[4.891919,52.362308],[4.89184,52.36232],[4.891823,52.362322]]}},{"type":"Feature","properties":{"id":214,"source":264,"target":265,"cost":218.53,"reverse_cost":-1,"capacity":1200,"reverse_capacity":-1,"x1":4.901985,"y1":52.362828,"x2":4.898906,"y2":52.362256},"geometry":{"type":"LineString","coordinates":[[4.901985,52.362828],[4.898926,52.36226],[4.898906,52.362256]]}},{"type":"Feature","properties":{"id":215,"source":265,"target":261,"cost":187.19,"reverse_cost":-1,"capacity":1200,"reverse_capacity":-1,"x1":4.898906,"y1":52.362256,"x2":4.896257,"y2":52.361791},"geometry":{"type":"LineString","coordinates":[[4.898906,52.362256],[4.89889,52.362254],[4.898183,52.362135],[4.89744,52.361995],[4.896257,52.361791]]}},{"type":"Feature","properties":{"id":216,"source":266,"target":267,"cost":223.49,"reverse_cost":-1,"capacity":1200,"reverse_capacity":-1,"x1":4.902359,"y1":52.362084,"x2":4.899214,"y2":52.361491},"geometry":{"type":"LineString","coordinates":[[4.902359,52.362084],[4.899214,52.361491]]}},{"type":"Feature","properties":{"id":217,"source":268,"target":269,"cost":102.22,"reverse_cost":-1,"capacity":600,"reverse_capacity":-1,"x1":4.887507,"y1":52.362087,"x2":4.888973,"y2":52.36188},"geometry":{"type":"LineString","coordinates":[[4.887507,52.362087],[4.887605,52.362066],[4.888427,52.361957],[4.888973,52.36188]]}},{"type":"Feature","properties":{"id":218,"source":265,"target":270,"cost":72.15,"reverse_cost":72.15,"capacity":1600,"reverse_capacity":1600,"x1":4.898906,"y1":52.362256,"x2":4.898671,"y2":52.362889},"geometry":{"type":"LineString","coordinates":[[4.898906,52.362256],[4.898873,52.362362],[4.89886,52.362402],[4.898671,52.362889]]}},{"type":"Feature","properties":{"id":219,"source":270,"target":271,"cost":83.71,"reverse_cost":83.71,"capacity":1600,"reverse_capacity":1600,"x1":4.898671,"y1":52.362889,"x2":4.898379,"y2":52.36362},"geometry":{"type":"LineString","coordinates":[[4.898671,52.362889],[4.898428,52.363521],[4.898398,52.363582],[4.898379,52.36362]]}},{"type":"Feature","properties":{"id":220,"source":258,"target":272,"cost":6.58,"reverse_cost":6.58,"capacity":1200,"reverse_capacity":1200,"x1":4.8958,"y1":52.363212,"x2":4.895897,"y2":52.363206},"geometry":{"type":"LineString","coordinates":[[4.8958,52.363212],[4.895897,52.363206]]}},{"type":"Feature","properties":{"id":221,"source":273,"target":274,"cost":18.56,"reverse_cost":-1,"capacity":800,"reverse_capacity":-1,"x1":4.899031,"y1":52.361942,"x2":4.899073,"y2":52.362101},"geometry":{"type":"LineString","coordinates":[[4.899031,52.361942],[4.899042,52.361957],[4.89908,52.362011],[4.899089,52.362031],[4.899073,52.362101]]}},{"type":"Feature","properties":{"id":222,"source":275,"target":276,"cost":116.77,"reverse_cost":-1,"capacity":600,"reverse_capacity":-1,"x1":4.895709,"y1":52.364621,"x2":4.895776,"y2":52.363571},"geometry":{"type":"LineString","coordinates":[[4.895709,52.364621],[4.895774,52.363671],[4.895776,52.363571]]}},{"type":"Feature","properties":{"id":223,"source":277,"target":278,"cost":6.47,"reverse_cost":6.47,"capacity":1200,"reverse_capacity":1200,"x1":4.901309,"y1":52.364176,"x2":4.901251,"y2":52.364222},"geometry":{"type":"LineString","coordinates":[[4.901309,52.364176],[4.901251,52.364222]]}},{"type":"Feature","properties":{"id":224,"source":104,"target":279,"cost":203.03,"reverse_cost":-1,"capacity":1200,"reverse_capacity":-1,"x1":4.901088,"y1":52.364541,"x2":4.898238,"y2":52.363987},"geometry":{"type":"LineString","coordinates":[[4.901088,52.364541],[4.898255,52.36399],[4.898238,52.363987]]}},{"type":"Feature","properties":{"id":225,"source":279,"target":280,"cost":148.56,"reverse_cost":-1,"capacity":1200,"reverse_capacity":-1,"x1":4.898238,"y1":52.363987,"x2":4.896156,"y2":52.363577},"geometry":{"type":"LineString","coordinates":[[4.898238,52.363987],[4.898226,52.363985],[4.89734,52.363808],[4.896156,52.363577]]}},{"type":"Feature","properties":{"id":226,"source":281,"target":258,"cost":242.89,"reverse_cost":-1,"capacity":1200,"reverse_capacity":-1,"x1":4.89231,"y1":52.363688,"x2":4.8958,"y2":52.363212},"geometry":{"type":"LineString","coordinates":[[4.89231,52.363688],[4.892354,52.36368],[4.8958,52.363212]]}},{"type":"Feature","properties":{"id":227,"source":262,"target":271,"cost":157.3,"reverse_cost":-1,"capacity":1200,"reverse_capacity":-1,"x1":4.896171,"y1":52.363193,"x2":4.898379,"y2":52.36362},"geometry":{"type":"LineString","coordinates":[[4.896171,52.363193],[4.898362,52.363617],[4.898379,52.36362]]}},{"type":"Feature","properties":{"id":228,"source":271,"target":282,"cost":204.37,"reverse_cost":-1,"capacity":1200,"reverse_capacity":-1,"x1":4.898379,"y1":52.36362,"x2":4.901248,"y2":52.364175},"geometry":{"type":"LineString","coordinates":[[4.898379,52.36362],[4.898388,52.363622],[4.901248,52.364175]]}},{"type":"Feature","properties":{"id":229,"source":283,"target":270,"cost":213.98,"reverse_cost":-1,"capacity":1200,"reverse_capacity":-1,"x1":4.901681,"y1":52.363453,"x2":4.898671,"y2":52.362889},"geometry":{"type":"LineString","coordinates":[[4.901681,52.363453],[4.898805,52.362932],[4.898671,52.362889]]}},{"type":"Feature","properties":{"id":230,"source":270,"target":256,"cost":173.61,"reverse_cost":-1,"capacity":1200,"reverse_capacity":-1,"x1":4.898671,"y1":52.362889,"x2":4.896229,"y2":52.362426},"geometry":{"type":"LineString","coordinates":[[4.898671,52.362889],[4.898662,52.362887],[4.897897,52.36274],[4.897168,52.362603],[4.896277,52.362435],[4.896229,52.362426]]}},{"type":"Feature","properties":{"id":231,"source":284,"target":285,"cost":197.39,"reverse_cost":-1,"capacity":1200,"reverse_capacity":-1,"x1":4.891494,"y1":52.363016,"x2":4.888663,"y2":52.363412},"geometry":{"type":"LineString","coordinates":[[4.891494,52.363016],[4.888747,52.363386],[4.888663,52.363412]]}},{"type":"Feature","properties":{"id":232,"source":276,"target":286,"cost":233.27,"reverse_cost":-1,"capacity":600,"reverse_capacity":-1,"x1":4.895776,"y1":52.363571,"x2":4.892428,"y2":52.364041},"geometry":{"type":"LineString","coordinates":[[4.895776,52.363571],[4.89251,52.364029],[4.892472,52.364035],[4.892428,52.364041]]}},{"type":"Feature","properties":{"id":233,"source":287,"target":264,"cost":7.71,"reverse_cost":7.71,"capacity":1200,"reverse_capacity":1200,"x1":4.901994,"y1":52.362759,"x2":4.901985,"y2":52.362828},"geometry":{"type":"LineString","coordinates":[[4.901994,52.362759],[4.901985,52.362828]]}},{"type":"Feature","properties":{"id":234,"source":275,"target":288,"cost":3.94,"reverse_cost":3.94,"capacity":1200,"reverse_capacity":1200,"x1":4.895709,"y1":52.364621,"x2":4.895766,"y2":52.364614},"geometry":{"type":"LineString","coordinates":[[4.895709,52.364621],[4.895766,52.364614]]}},{"type":"Feature","properties":{"id":235,"source":280,"target":99,"cost":117.4,"reverse_cost":-1,"capacity":600,"reverse_capacity":-1,"x1":4.896156,"y1":52.363577,"x2":4.896074,"y2":52.364632},"geometry":{"type":"LineString","coordinates":[[4.896156,52.363577],[4.896074,52.364632]]}},{"type":"Feature","properties":{"id":236,"source":289,"target":290,"cost":169.08,"reverse_cost":-1,"capacity":1200,"reverse_capacity":-1,"x1":4.890885,"y1":52.360575,"x2":4.891416,"y2":52.36206},"geometry":{"type":"LineString","coordinates":[[4.890885,52.360575],[4.891007,52.360884],[4.89102,52.360919],[4.891057,52.361024],[4.891126,52.361215],[4.891155,52.361297],[4.891253,52.36157],[4.891256,52.361579],[4.891386,52.361973],[4.89139,52.361986],[4.891416,52.36206]]}},{"type":"Feature","properties":{"id":237,"source":291,"target":281,"cost":211.1,"reverse_cost":-1,"capacity":1200,"reverse_capacity":-1,"x1":4.889273,"y1":52.364094,"x2":4.89231,"y2":52.363688},"geometry":{"type":"LineString","coordinates":[[4.889273,52.364094],[4.889483,52.364059],[4.892261,52.363695],[4.89231,52.363688]]}},{"type":"Feature","properties":{"id":238,"source":292,"target":293,"cost":106.02,"reverse_cost":-1,"capacity":1200,"reverse_capacity":-1,"x1":4.87458,"y1":52.363895,"x2":4.875989,"y2":52.364305},"geometry":{"type":"LineString","coordinates":[[4.87458,52.363895],[4.874636,52.363919],[4.875989,52.364305]]}},{"type":"Feature","properties":{"id":239,"source":293,"target":294,"cost":94.11,"reverse_cost":-1,"capacity":1200,"reverse_capacity":-1,"x1":4.875989,"y1":52.364305,"x2":4.877231,"y2":52.364681},"geometry":{"type":"LineString","coordinates":[[4.875989,52.364305],[4.87707,52.364632],[4.877231,52.364681]]}},{"type":"Feature","properties":{"id":240,"source":294,"target":295,"cost":108.38,"reverse_cost":-1,"capacity":1200,"reverse_capacity":-1,"x1":4.877231,"y1":52.364681,"x2":4.878696,"y2":52.365053},"geometry":{"type":"LineString","coordinates":[[4.877231,52.364681],[4.878514,52.36504],[4.878554,52.365049],[4.878696,52.365053]]}},{"type":"Feature","properties":{"id":241,"source":296,"target":297,"cost":185.19,"reverse_cost":-1,"capacity":600,"reverse_capacity":-1,"x1":4.878633,"y1":52.362116,"x2":4.876459,"y2":52.361216},"geometry":{"type":"LineString","coordinates":[[4.878633,52.362116],[4.878466,52.3619],[4.878369,52.361805],[4.878235,52.361718],[4.878001,52.361639],[4.877153,52.36141],[4.876488,52.361224],[4.876459,52.361216]]}},{"type":"Feature","properties":{"id":242,"source":298,"target":268,"cost":53.25,"reverse_cost":-1,"capacity":1200,"reverse_capacity":-1,"x1":4.887113,"y1":52.361673,"x2":4.887507,"y2":52.362087},"geometry":{"type":"LineString","coordinates":[[4.887113,52.361673],[4.887507,52.362087]]}},{"type":"Feature","properties":{"id":243,"source":268,"target":299,"cost":58.06,"reverse_cost":-1,"capacity":1200,"reverse_capacity":-1,"x1":4.887507,"y1":52.362087,"x2":4.887901,"y2":52.362551},"geometry":{"type":"LineString","coordinates":[[4.887507,52.362087],[4.887901,52.362551]]}},{"type":"Feature","properties":{"id":244,"source":300,"target":269,"cost":54.57,"reverse_cost":-1,"capacity":600,"reverse_capacity":-1,"x1":4.889141,"y1":52.36236,"x2":4.888973,"y2":52.36188},"geometry":{"type":"LineString","coordinates":[[4.889141,52.36236],[4.888973,52.36188]]}},{"type":"Feature","properties":{"id":245,"source":269,"target":301,"cost":106.76,"reverse_cost":-1,"capacity":600,"reverse_capacity":-1,"x1":4.888973,"y1":52.36188,"x2":4.888602,"y2":52.36095},"geometry":{"type":"LineString","coordinates":[[4.888973,52.36188],[4.888832,52.361486],[4.888719,52.361175],[4.888647,52.360995],[4.888602,52.36095]]}},{"type":"Feature","properties":{"id":246,"source":302,"target":303,"cost":56.71,"reverse_cost":56.71,"capacity":1200,"reverse_capacity":1200,"x1":4.881543,"y1":52.363333,"x2":4.881923,"y2":52.36288},"geometry":{"type":"LineString","coordinates":[[4.881543,52.363333],[4.881576,52.363307],[4.881613,52.363275],[4.88189,52.362915],[4.881909,52.362895],[4.881923,52.36288]]}},{"type":"Feature","properties":{"id":247,"source":304,"target":305,"cost":259.84,"reverse_cost":-1,"capacity":1200,"reverse_capacity":-1,"x1":4.886897,"y1":52.361444,"x2":4.883902,"y2":52.362897},"geometry":{"type":"LineString","coordinates":[[4.886897,52.361444],[4.886832,52.361467],[4.886721,52.361513],[4.884823,52.36245],[4.883945,52.362874],[4.883902,52.362897]]}},{"type":"Feature","properties":{"id":248,"source":306,"target":299,"cost":6.57,"reverse_cost":-1,"capacity":1200,"reverse_capacity":-1,"x1":4.887951,"y1":52.362601,"x2":4.887901,"y2":52.362551},"geometry":{"type":"LineString","coordinates":[[4.887951,52.362601],[4.887944,52.362595],[4.887901,52.362551]]}},{"type":"Feature","properties":{"id":249,"source":307,"target":308,"cost":23.08,"reverse_cost":-1,"capacity":1600,"reverse_capacity":-1,"x1":4.88347,"y1":52.362787,"x2":4.883617,"y2":52.3626},"geometry":{"type":"LineString","coordinates":[[4.88347,52.362787],[4.883541,52.362696],[4.883564,52.36266],[4.883591,52.362628],[4.883617,52.3626]]}},{"type":"Feature","properties":{"id":250,"source":309,"target":310,"cost":8.42,"reverse_cost":-1,"capacity":1200,"reverse_capacity":-1,"x1":4.881379,"y1":52.36342,"x2":4.881278,"y2":52.363376},"geometry":{"type":"LineString","coordinates":[[4.881379,52.36342],[4.881278,52.363376]]}},{"type":"Feature","properties":{"id":251,"source":305,"target":311,"cost":26.15,"reverse_cost":-1,"capacity":1200,"reverse_capacity":-1,"x1":4.883902,"y1":52.362897,"x2":4.884158,"y2":52.363072},"geometry":{"type":"LineString","coordinates":[[4.883902,52.362897],[4.884158,52.363072]]}},{"type":"Feature","properties":{"id":252,"source":311,"target":312,"cost":170.89,"reverse_cost":-1,"capacity":1200,"reverse_capacity":-1,"x1":4.884158,"y1":52.363072,"x2":4.886143,"y2":52.362129},"geometry":{"type":"LineString","coordinates":[[4.884158,52.363072],[4.884207,52.363057],[4.884235,52.363045],[4.886143,52.362129]]}},{"type":"Feature","properties":{"id":253,"source":312,"target":313,"cost":55.42,"reverse_cost":-1,"capacity":1200,"reverse_capacity":-1,"x1":4.886143,"y1":52.362129,"x2":4.886792,"y2":52.361827},"geometry":{"type":"LineString","coordinates":[[4.886143,52.362129],[4.886792,52.361827]]}},{"type":"Feature","properties":{"id":254,"source":313,"target":314,"cost":9.98,"reverse_cost":-1,"capacity":1200,"reverse_capacity":-1,"x1":4.886792,"y1":52.361827,"x2":4.886914,"y2":52.361776},"geometry":{"type":"LineString","coordinates":[[4.886792,52.361827],[4.886914,52.361776]]}},{"type":"Feature","properties":{"id":255,"source":315,"target":285,"cost":467.11,"reverse_cost":-1,"capacity":1200,"reverse_capacity":-1,"x1":4.883851,"y1":52.366411,"x2":4.888663,"y2":52.363412},"geometry":{"type":"LineString","coordinates":[[4.883851,52.366411],[4.883931,52.366333],[4.885367,52.365453],[4.888565,52.363475],[4.888663,52.363412]]}},{"type":"Feature","properties":{"id":256,"source":316,"target":313,"cost":112.91,"reverse_cost":-1,"capacity":1200,"reverse_capacity":-1,"x1":4.887644,"y1":52.362699,"x2":4.886792,"y2":52.361827},"geometry":{"type":"LineString","coordinates":[[4.887644,52.362699],[4.887179,52.362221],[4.886792,52.361827]]}},{"type":"Feature","properties":{"id":257,"source":296,"target":317,"cost":57.41,"reverse_cost":57.41,"capacity":1200,"reverse_capacity":1200,"x1":4.878633,"y1":52.362116,"x2":4.878091,"y2":52.362498},"geometry":{"type":"LineString","coordinates":[[4.878633,52.362116],[4.878417,52.362208],[4.878275,52.362295],[4.878131,52.362445],[4.878091,52.362498]]}},{"type":"Feature","properties":{"id":258,"source":318,"target":317,"cost":159.87,"reverse_cost":-1,"capacity":600,"reverse_capacity":-1,"x1":4.875949,"y1":52.361912,"x2":4.878091,"y2":52.362498},"geometry":{"type":"LineString","coordinates":[[4.875949,52.361912],[4.876057,52.36195],[4.876977,52.362203],[4.878018,52.362498],[4.878091,52.362498]]}},{"type":"Feature","properties":{"id":259,"source":317,"target":319,"cost":142.42,"reverse_cost":-1,"capacity":600,"reverse_capacity":-1,"x1":4.878091,"y1":52.362498,"x2":4.880013,"y2":52.362877},"geometry":{"type":"LineString","coordinates":[[4.878091,52.362498],[4.878147,52.362534],[4.878864,52.362728],[4.879064,52.362754],[4.879561,52.362722],[4.879687,52.362738],[4.879847,52.362791],[4.879891,52.362808],[4.879952,52.362842],[4.880013,52.362877]]}},{"type":"Feature","properties":{"id":260,"source":320,"target":321,"cost":70.28,"reverse_cost":-1,"capacity":1200,"reverse_capacity":-1,"x1":4.880665,"y1":52.362358,"x2":4.879701,"y2":52.36213},"geometry":{"type":"LineString","coordinates":[[4.880665,52.362358],[4.880563,52.362344],[4.879701,52.36213]]}},{"type":"Feature","properties":{"id":261,"source":322,"target":323,"cost":127.1,"reverse_cost":-1,"capacity":1200,"reverse_capacity":-1,"x1":4.884677,"y1":52.366703,"x2":4.886061,"y2":52.365933},"geometry":{"type":"LineString","coordinates":[[4.884677,52.366703],[4.88544,52.366278],[4.886061,52.365933]]}},{"type":"Feature","properties":{"id":262,"source":323,"target":324,"cost":29.5,"reverse_cost":-1,"capacity":1200,"reverse_capacity":-1,"x1":4.886061,"y1":52.365933,"x2":4.886385,"y2":52.365757},"geometry":{"type":"LineString","coordinates":[[4.886061,52.365933],[4.886185,52.365855],[4.8862,52.365846],[4.886215,52.365838],[4.886385,52.365757]]}},{"type":"Feature","properties":{"id":263,"source":324,"target":291,"cost":269.56,"reverse_cost":-1,"capacity":1200,"reverse_capacity":-1,"x1":4.886385,"y1":52.365757,"x2":4.889273,"y2":52.364094},"geometry":{"type":"LineString","coordinates":[[4.886385,52.365757],[4.887189,52.365282],[4.889162,52.364151],[4.889273,52.364094]]}},{"type":"Feature","properties":{"id":264,"source":325,"target":326,"cost":8.66,"reverse_cost":-1,"capacity":3000,"reverse_capacity":-1,"x1":4.880338,"y1":52.362809,"x2":4.880266,"y2":52.362873},"geometry":{"type":"LineString","coordinates":[[4.880338,52.362809],[4.88033,52.362816],[4.880296,52.362847],[4.880266,52.362873]]}},{"type":"Feature","properties":{"id":265,"source":327,"target":319,"cost":112.74,"reverse_cost":-1,"capacity":3000,"reverse_capacity":-1,"x1":4.878892,"y1":52.363622,"x2":4.880013,"y2":52.362877},"geometry":{"type":"LineString","coordinates":[[4.878892,52.363622],[4.878984,52.363579],[4.87913,52.363493],[4.87931,52.363388],[4.879477,52.363274],[4.879859,52.362993],[4.879897,52.362964],[4.880013,52.362877]]}},{"type":"Feature","properties":{"id":266,"source":328,"target":329,"cost":91.56,"reverse_cost":-1,"capacity":600,"reverse_capacity":-1,"x1":4.876775,"y1":52.373122,"x2":4.878038,"y2":52.373399},"geometry":{"type":"LineString","coordinates":[[4.876775,52.373122],[4.87689,52.373123],[4.878038,52.373399]]}},{"type":"Feature","properties":{"id":267,"source":329,"target":330,"cost":114.75,"reverse_cost":-1,"capacity":600,"reverse_capacity":-1,"x1":4.878038,"y1":52.373399,"x2":4.879626,"y2":52.373753},"geometry":{"type":"LineString","coordinates":[[4.878038,52.373399],[4.879626,52.373753]]}},{"type":"Feature","properties":{"id":268,"source":330,"target":331,"cost":138.1,"reverse_cost":-1,"capacity":600,"reverse_capacity":-1,"x1":4.879626,"y1":52.373753,"x2":4.881528,"y2":52.374194},"geometry":{"type":"LineString","coordinates":[[4.879626,52.373753],[4.881528,52.374194]]}},{"type":"Feature","properties":{"id":269,"source":331,"target":332,"cost":97.04,"reverse_cost":-1,"capacity":600,"reverse_capacity":-1,"x1":4.881528,"y1":52.374194,"x2":4.882874,"y2":52.374478},"geometry":{"type":"LineString","coordinates":[[4.881528,52.374194],[4.882772,52.374477],[4.882874,52.374478]]}},{"type":"Feature","properties":{"id":270,"source":333,"target":334,"cost":87.77,"reverse_cost":-1,"capacity":1200,"reverse_capacity":-1,"x1":4.877036,"y1":52.366819,"x2":4.875875,"y2":52.366473},"geometry":{"type":"LineString","coordinates":[[4.877036,52.366819],[4.876928,52.366783],[4.876826,52.366746],[4.875875,52.366473]]}},{"type":"Feature","properties":{"id":271,"source":335,"target":336,"cost":96.87,"reverse_cost":-1,"capacity":1200,"reverse_capacity":-1,"x1":4.87687,"y1":52.367262,"x2":4.875569,"y2":52.366905},"geometry":{"type":"LineString","coordinates":[[4.87687,52.367262],[4.876765,52.367243],[4.875569,52.366905]]}},{"type":"Feature","properties":{"id":272,"source":336,"target":337,"cost":75.09,"reverse_cost":-1,"capacity":1200,"reverse_capacity":-1,"x1":4.875569,"y1":52.366905,"x2":4.874561,"y2":52.366628},"geometry":{"type":"LineString","coordinates":[[4.875569,52.366905],[4.874561,52.366628]]}},{"type":"Feature","properties":{"id":273,"source":338,"target":339,"cost":155.04,"reverse_cost":-1,"capacity":600,"reverse_capacity":-1,"x1":4.882729,"y1":52.373195,"x2":4.880615,"y2":52.372673},"geometry":{"type":"LineString","coordinates":[[4.882729,52.373195],[4.882643,52.373189],[4.881963,52.373016],[4.880615,52.372673]]}},{"type":"Feature","properties":{"id":274,"source":339,"target":340,"cost":130.76,"reverse_cost":-1,"capacity":600,"reverse_capacity":-1,"x1":4.880615,"y1":52.372673,"x2":4.878846,"y2":52.372208},"geometry":{"type":"LineString","coordinates":[[4.880615,52.372673],[4.880395,52.372615],[4.878846,52.372208]]}},{"type":"Feature","properties":{"id":275,"source":340,"target":341,"cost":167.41,"reverse_cost":-1,"capacity":600,"reverse_capacity":-1,"x1":4.878846,"y1":52.372208,"x2":4.876569,"y2":52.37163},"geometry":{"type":"LineString","coordinates":[[4.878846,52.372208],[4.878549,52.372136],[4.878373,52.372092],[4.876569,52.37163]]}},{"type":"Feature","properties":{"id":276,"source":342,"target":343,"cost":74.66,"reverse_cost":-1,"capacity":1200,"reverse_capacity":-1,"x1":4.876212,"y1":52.374871,"x2":4.876595,"y2":52.375499},"geometry":{"type":"LineString","coordinates":[[4.876212,52.374871],[4.876214,52.374887],[4.876215,52.37489],[4.876217,52.374902],[4.87622,52.374918],[4.876595,52.375499]]}},{"type":"Feature","properties":{"id":277,"source":343,"target":344,"cost":120.83,"reverse_cost":-1,"capacity":1200,"reverse_capacity":-1,"x1":4.876595,"y1":52.375499,"x2":4.877225,"y2":52.376515},"geometry":{"type":"LineString","coordinates":[[4.876595,52.375499],[4.877225,52.376515]]}},{"type":"Feature","properties":{"id":278,"source":344,"target":345,"cost":136.55,"reverse_cost":-1,"capacity":1200,"reverse_capacity":-1,"x1":4.877225,"y1":52.376515,"x2":4.877943,"y2":52.377662},"geometry":{"type":"LineString","coordinates":[[4.877225,52.376515],[4.877943,52.377662]]}},{"type":"Feature","properties":{"id":279,"source":346,"target":347,"cost":78.93,"reverse_cost":-1,"capacity":1200,"reverse_capacity":-1,"x1":4.880593,"y1":52.369657,"x2":4.880152,"y2":52.370314},"geometry":{"type":"LineString","coordinates":[[4.880593,52.369657],[4.880152,52.370314]]}},{"type":"Feature","properties":{"id":280,"source":348,"target":349,"cost":18.86,"reverse_cost":18.86,"capacity":1200,"reverse_capacity":1200,"x1":4.887028,"y1":52.370264,"x2":4.886751,"y2":52.370277},"geometry":{"type":"LineString","coordinates":[[4.887028,52.370264],[4.886751,52.370277]]}},{"type":"Feature","properties":{"id":281,"source":350,"target":351,"cost":44.7,"reverse_cost":-1,"capacity":1200,"reverse_capacity":-1,"x1":4.886837,"y1":52.372681,"x2":4.886785,"y2":52.37228},"geometry":{"type":"LineString","coordinates":[[4.886837,52.372681],[4.886785,52.37228]]}},{"type":"Feature","properties":{"id":282,"source":351,"target":352,"cost":222.3,"reverse_cost":-1,"capacity":1200,"reverse_capacity":-1,"x1":4.886785,"y1":52.37228,"x2":4.886634,"y2":52.370283},"geometry":{"type":"LineString","coordinates":[[4.886785,52.37228],[4.886694,52.37108],[4.886634,52.370283]]}},{"type":"Feature","properties":{"id":283,"source":352,"target":353,"cost":166.56,"reverse_cost":-1,"capacity":1200,"reverse_capacity":-1,"x1":4.886634,"y1":52.370283,"x2":4.886492,"y2":52.368788},"geometry":{"type":"LineString","coordinates":[[4.886634,52.370283],[4.886492,52.368788]]}},{"type":"Feature","properties":{"id":284,"source":354,"target":355,"cost":47.27,"reverse_cost":-1,"capacity":1200,"reverse_capacity":-1,"x1":4.887807,"y1":52.370213,"x2":4.887115,"y2":52.37026},"geometry":{"type":"LineString","coordinates":[[4.887807,52.370213],[4.887115,52.37026]]}},{"type":"Feature","properties":{"id":285,"source":356,"target":357,"cost":67.71,"reverse_cost":-1,"capacity":1200,"reverse_capacity":-1,"x1":4.886978,"y1":52.368162,"x2":4.887015,"y2":52.36877},"geometry":{"type":"LineString","coordinates":[[4.886978,52.368162],[4.886989,52.368361],[4.887015,52.36877]]}},{"type":"Feature","properties":{"id":286,"source":348,"target":355,"cost":5.92,"reverse_cost":5.92,"capacity":1200,"reverse_capacity":1200,"x1":4.887028,"y1":52.370264,"x2":4.887115,"y2":52.37026},"geometry":{"type":"LineString","coordinates":[[4.887028,52.370264],[4.887115,52.37026]]}},{"type":"Feature","properties":{"id":287,"source":358,"target":359,"cost":50.42,"reverse_cost":-1,"capacity":1200,"reverse_capacity":-1,"x1":4.879534,"y1":52.36916,"x2":4.879879,"y2":52.368758},"geometry":{"type":"LineString","coordinates":[[4.879534,52.36916],[4.879879,52.368758]]}},{"type":"Feature","properties":{"id":288,"source":360,"target":361,"cost":64.67,"reverse_cost":-1,"capacity":1200,"reverse_capacity":-1,"x1":4.880962,"y1":52.369125,"x2":4.881327,"y2":52.368588},"geometry":{"type":"LineString","coordinates":[[4.880962,52.369125],[4.881327,52.368588]]}},{"type":"Feature","properties":{"id":289,"source":362,"target":360,"cost":111.12,"reverse_cost":-1,"capacity":1200,"reverse_capacity":-1,"x1":4.882413,"y1":52.369588,"x2":4.880962,"y2":52.369125},"geometry":{"type":"LineString","coordinates":[[4.882413,52.369588],[4.880962,52.369125]]}},{"type":"Feature","properties":{"id":290,"source":360,"target":359,"cost":84.15,"reverse_cost":-1,"capacity":1200,"reverse_capacity":-1,"x1":4.880962,"y1":52.369125,"x2":4.879879,"y2":52.368758},"geometry":{"type":"LineString","coordinates":[[4.880962,52.369125],[4.879879,52.368758]]}},{"type":"Feature","properties":{"id":291,"source":363,"target":364,"cost":112.82,"reverse_cost":-1,"capacity":1200,"reverse_capacity":-1,"x1":4.879742,"y1":52.368083,"x2":4.87902,"y2":52.368997},"geometry":{"type":"LineString","coordinates":[[4.879742,52.368083],[4.87902,52.368997]]}},{"type":"Feature","properties":{"id":292,"source":365,"target":366,"cost":6.62,"reverse_cost":6.62,"capacity":1200,"reverse_capacity":1200,"x1":4.882887,"y1":52.368914,"x2":4.88279,"y2":52.368916},"geometry":{"type":"LineString","coordinates":[[4.882887,52.368914],[4.88279,52.368916]]}},{"type":"Feature","properties":{"id":293,"source":367,"target":368,"cost":6.61,"reverse_cost":6.61,"capacity":1200,"reverse_capacity":1200,"x1":4.882336,"y1":52.368677,"x2":4.882333,"y2":52.368736},"geometry":{"type":"LineString","coordinates":[[4.882336,52.368677],[4.882333,52.368736]]}},{"type":"Feature","properties":{"id":294,"source":369,"target":361,"cost":79.14,"reverse_cost":-1,"capacity":1200,"reverse_capacity":-1,"x1":4.882359,"y1":52.368919,"x2":4.881327,"y2":52.368588},"geometry":{"type":"LineString","coordinates":[[4.882359,52.368919],[4.882254,52.368887],[4.882148,52.368853],[4.881464,52.368632],[4.881327,52.368588]]}},{"type":"Feature","properties":{"id":295,"source":361,"target":370,"cost":79.8,"reverse_cost":-1,"capacity":1200,"reverse_capacity":-1,"x1":4.881327,"y1":52.368588,"x2":4.88029,"y2":52.36825},"geometry":{"type":"LineString","coordinates":[[4.881327,52.368588],[4.881207,52.368549],[4.880539,52.368331],[4.88029,52.36825]]}},{"type":"Feature","properties":{"id":296,"source":370,"target":363,"cost":41.54,"reverse_cost":-1,"capacity":1200,"reverse_capacity":-1,"x1":4.88029,"y1":52.36825,"x2":4.879742,"y2":52.368083},"geometry":{"type":"LineString","coordinates":[[4.88029,52.36825],[4.879742,52.368083]]}},{"type":"Feature","properties":{"id":297,"source":363,"target":371,"cost":45.61,"reverse_cost":-1,"capacity":1200,"reverse_capacity":-1,"x1":4.879742,"y1":52.368083,"x2":4.879143,"y2":52.367899},"geometry":{"type":"LineString","coordinates":[[4.879742,52.368083],[4.879332,52.367957],[4.879143,52.367899]]}},{"type":"Feature","properties":{"id":298,"source":372,"target":373,"cost":103.46,"reverse_cost":-1,"capacity":1200,"reverse_capacity":-1,"x1":4.879791,"y1":52.36725,"x2":4.88114,"y2":52.367682},"geometry":{"type":"LineString","coordinates":[[4.879791,52.36725],[4.88114,52.367682]]}},{"type":"Feature","properties":{"id":299,"source":373,"target":374,"cost":86.32,"reverse_cost":-1,"capacity":1200,"reverse_capacity":-1,"x1":4.88114,"y1":52.367682,"x2":4.882279,"y2":52.368018},"geometry":{"type":"LineString","coordinates":[[4.88114,52.367682],[4.882189,52.368013],[4.882279,52.368018]]}},{"type":"Feature","properties":{"id":300,"source":371,"target":375,"cost":5.02,"reverse_cost":-1,"capacity":1200,"reverse_capacity":-1,"x1":4.879143,"y1":52.367899,"x2":4.879176,"y2":52.367858},"geometry":{"type":"LineString","coordinates":[[4.879143,52.367899],[4.879176,52.367858]]}},{"type":"Feature","properties":{"id":301,"source":376,"target":377,"cost":8.51,"reverse_cost":8.51,"capacity":1200,"reverse_capacity":1200,"x1":4.888396,"y1":52.370173,"x2":4.888272,"y2":52.370181},"geometry":{"type":"LineString","coordinates":[[4.888396,52.370173],[4.888272,52.370181]]}},{"type":"Feature","properties":{"id":302,"source":376,"target":378,"cost":225.58,"reverse_cost":-1,"capacity":1200,"reverse_capacity":-1,"x1":4.888396,"y1":52.370173,"x2":4.888802,"y2":52.372186},"geometry":{"type":"LineString","coordinates":[[4.888396,52.370173],[4.888734,52.371948],[4.888802,52.372186]]}},{"type":"Feature","properties":{"id":303,"source":379,"target":362,"cost":56.03,"reverse_cost":-1,"capacity":1200,"reverse_capacity":-1,"x1":4.88245,"y1":52.370091,"x2":4.882413,"y2":52.369588},"geometry":{"type":"LineString","coordinates":[[4.88245,52.370091],[4.882413,52.369588]]}},{"type":"Feature","properties":{"id":304,"source":362,"target":369,"cost":74.49,"reverse_cost":-1,"capacity":1200,"reverse_capacity":-1,"x1":4.882413,"y1":52.369588,"x2":4.882359,"y2":52.368919},"geometry":{"type":"LineString","coordinates":[[4.882413,52.369588],[4.882359,52.368919]]}},{"type":"Feature","properties":{"id":305,"source":380,"target":381,"cost":8.85,"reverse_cost":-1,"capacity":1200,"reverse_capacity":-1,"x1":4.878347,"y1":52.368864,"x2":4.878476,"y2":52.368853},"geometry":{"type":"LineString","coordinates":[[4.878347,52.368864],[4.878476,52.368853]]}},{"type":"Feature","properties":{"id":306,"source":381,"target":364,"cost":40.98,"reverse_cost":-1,"capacity":1200,"reverse_capacity":-1,"x1":4.878476,"y1":52.368853,"x2":4.87902,"y2":52.368997},"geometry":{"type":"LineString","coordinates":[[4.878476,52.368853],[4.878561,52.36885],[4.87902,52.368997]]}},{"type":"Feature","properties":{"id":307,"source":364,"target":358,"cost":39.32,"reverse_cost":-1,"capacity":1200,"reverse_capacity":-1,"x1":4.87902,"y1":52.368997,"x2":4.879534,"y2":52.36916},"geometry":{"type":"LineString","coordinates":[[4.87902,52.368997],[4.879534,52.36916]]}},{"type":"Feature","properties":{"id":308,"source":358,"target":382,"cost":87.78,"reverse_cost":-1,"capacity":1200,"reverse_capacity":-1,"x1":4.879534,"y1":52.36916,"x2":4.880675,"y2":52.369532},"geometry":{"type":"LineString","coordinates":[[4.879534,52.36916],[4.880675,52.369532]]}},{"type":"Feature","properties":{"id":309,"source":382,"target":379,"cost":136.21,"reverse_cost":-1,"capacity":1200,"reverse_capacity":-1,"x1":4.880675,"y1":52.369532,"x2":4.88245,"y2":52.370091},"geometry":{"type":"LineString","coordinates":[[4.880675,52.369532],[4.881385,52.369764],[4.881534,52.369813],[4.882338,52.370083],[4.882401,52.370092],[4.88245,52.370091]]}},{"type":"Feature","properties":{"id":310,"source":347,"target":383,"cost":162.26,"reverse_cost":162.26,"capacity":1200,"reverse_capacity":1200,"x1":4.880152,"y1":52.370314,"x2":4.878001,"y2":52.369678},"geometry":{"type":"LineString","coordinates":[[4.880152,52.370314],[4.879582,52.370143],[4.87864,52.369861],[4.878342,52.369773],[4.878001,52.369678]]}},{"type":"Feature","properties":{"id":311,"source":382,"target":346,"cost":15.0,"reverse_cost":15.0,"capacity":1200,"reverse_capacity":1200,"x1":4.880675,"y1":52.369532,"x2":4.880593,"y2":52.369657},"geometry":{"type":"LineString","coordinates":[[4.880675,52.369532],[4.880634,52.369595],[4.880593,52.369657]]}},{"type":"Feature","properties":{"id":312,"source":384,"target":346,"cost":143.39,"reverse_cost":-1,"capacity":1200,"reverse_capacity":-1,"x1":4.882463,"y1":52.370253,"x2":4.880593,"y2":52.369657},"geometry":{"type":"LineString","coordinates":[[4.882463,52.370253],[4.882329,52.37023],[4.880593,52.369657]]}},{"type":"Feature","properties":{"id":313,"source":346,"target":385,"cost":168.32,"reverse_cost":-1,"capacity":1200,"reverse_capacity":-1,"x1":4.880593,"y1":52.369657,"x2":4.878425,"y2":52.368931},"geometry":{"type":"LineString","coordinates":[[4.880593,52.369657],[4.88006,52.369488],[4.880051,52.369484],[4.878477,52.36897],[4.878425,52.368931]]}},{"type":"Feature","properties":{"id":314,"source":385,"target":380,"cost":9.16,"reverse_cost":-1,"capacity":1200,"reverse_capacity":-1,"x1":4.878425,"y1":52.368931,"x2":4.878347,"y2":52.368864},"geometry":{"type":"LineString","coordinates":[[4.878425,52.368931],[4.878347,52.368864]]}},{"type":"Feature","properties":{"id":315,"source":352,"target":386,"cost":113.19,"reverse_cost":-1,"capacity":1200,"reverse_capacity":-1,"x1":4.886634,"y1":52.370283,"x2":4.88497,"y2":52.370348},"geometry":{"type":"LineString","coordinates":[[4.886634,52.370283],[4.88497,52.370348]]}},{"type":"Feature","properties":{"id":316,"source":387,"target":388,"cost":201.03,"reverse_cost":-1,"capacity":1200,"reverse_capacity":-1,"x1":4.885004,"y1":52.367079,"x2":4.884846,"y2":52.368846},"geometry":{"type":"LineString","coordinates":[[4.885004,52.367079],[4.884853,52.367241],[4.884802,52.367295],[4.884748,52.367419],[4.884714,52.367564],[4.884846,52.368846]]}},{"type":"Feature","properties":{"id":317,"source":388,"target":386,"cost":167.19,"reverse_cost":-1,"capacity":1200,"reverse_capacity":-1,"x1":4.884846,"y1":52.368846,"x2":4.88497,"y2":52.370348},"geometry":{"type":"LineString","coordinates":[[4.884846,52.368846],[4.88497,52.370348]]}},{"type":"Feature","properties":{"id":318,"source":389,"target":390,"cost":8.55,"reverse_cost":8.55,"capacity":1200,"reverse_capacity":1200,"x1":4.884387,"y1":52.37037,"x2":4.884513,"y2":52.370366},"geometry":{"type":"LineString","coordinates":[[4.884387,52.37037],[4.884513,52.370366]]}},{"type":"Feature","properties":{"id":319,"source":391,"target":392,"cost":197.19,"reverse_cost":-1,"capacity":1200,"reverse_capacity":-1,"x1":4.883358,"y1":52.374198,"x2":4.884448,"y2":52.375803},"geometry":{"type":"LineString","coordinates":[[4.883358,52.374198],[4.883363,52.374263],[4.883391,52.374566],[4.883405,52.374655],[4.88344,52.374717],[4.883711,52.375007],[4.884382,52.375759],[4.884448,52.375803]]}},{"type":"Feature","properties":{"id":320,"source":393,"target":394,"cost":138.46,"reverse_cost":-1,"capacity":1200,"reverse_capacity":-1,"x1":4.878686,"y1":52.375297,"x2":4.880613,"y2":52.375706},"geometry":{"type":"LineString","coordinates":[[4.878686,52.375297],[4.880252,52.375631],[4.880613,52.375706]]}},{"type":"Feature","properties":{"id":321,"source":394,"target":395,"cost":134.66,"reverse_cost":-1,"capacity":1200,"reverse_capacity":-1,"x1":4.880613,"y1":52.375706,"x2":4.882483,"y2":52.376109},"geometry":{"type":"LineString","coordinates":[[4.880613,52.375706],[4.882483,52.376109]]}},{"type":"Feature","properties":{"id":322,"source":395,"target":396,"cost":140.37,"reverse_cost":-1,"capacity":1200,"reverse_capacity":-1,"x1":4.882483,"y1":52.376109,"x2":4.884435,"y2":52.376482},"geometry":{"type":"LineString","coordinates":[[4.882483,52.376109],[4.884246,52.376497],[4.884313,52.3765],[4.884382,52.376495],[4.884435,52.376482]]}},{"type":"Feature","properties":{"id":323,"source":397,"target":394,"cost":47.95,"reverse_cost":-1,"capacity":600,"reverse_capacity":-1,"x1":4.88086,"y1":52.375302,"x2":4.880613,"y2":52.375706},"geometry":{"type":"LineString","coordinates":[[4.88086,52.375302],[4.880613,52.375706]]}},{"type":"Feature","properties":{"id":324,"source":398,"target":399,"cost":48.59,"reverse_cost":-1,"capacity":1200,"reverse_capacity":-1,"x1":4.88272,"y1":52.375711,"x2":4.882965,"y2":52.3753},"geometry":{"type":"LineString","coordinates":[[4.88272,52.375711],[4.882965,52.3753]]}},{"type":"Feature","properties":{"id":325,"source":400,"target":401,"cost":5.29,"reverse_cost":5.29,"capacity":1200,"reverse_capacity":1200,"x1":4.886295,"y1":52.375385,"x2":4.886224,"y2":52.375405},"geometry":{"type":"LineString","coordinates":[[4.886295,52.375385],[4.886224,52.375405]]}},{"type":"Feature","properties":{"id":326,"source":95,"target":402,"cost":5.68,"reverse_cost":5.68,"capacity":1200,"reverse_capacity":1200,"x1":4.888226,"y1":52.374787,"x2":4.888148,"y2":52.374806},"geometry":{"type":"LineString","coordinates":[[4.888226,52.374787],[4.888148,52.374806]]}},{"type":"Feature","properties":{"id":327,"source":403,"target":95,"cost":98.21,"reverse_cost":-1,"capacity":1200,"reverse_capacity":-1,"x1":4.887536,"y1":52.374011,"x2":4.888226,"y2":52.374787},"geometry":{"type":"LineString","coordinates":[[4.887536,52.374011],[4.888226,52.374787]]}},{"type":"Feature","properties":{"id":328,"source":404,"target":397,"cost":49.59,"reverse_cost":-1,"capacity":600,"reverse_capacity":-1,"x1":4.881106,"y1":52.374882,"x2":4.88086,"y2":52.375302},"geometry":{"type":"LineString","coordinates":[[4.881106,52.374882],[4.88086,52.375302]]}},{"type":"Feature","properties":{"id":329,"source":405,"target":399,"cost":28.56,"reverse_cost":-1,"capacity":1200,"reverse_capacity":-1,"x1":4.883372,"y1":52.375328,"x2":4.882965,"y2":52.3753},"geometry":{"type":"LineString","coordinates":[[4.883372,52.375328],[4.883299,52.375344],[4.883209,52.375343],[4.882965,52.3753]]}},{"type":"Feature","properties":{"id":330,"source":399,"target":404,"cost":134.49,"reverse_cost":-1,"capacity":1200,"reverse_capacity":-1,"x1":4.882965,"y1":52.3753,"x2":4.881106,"y2":52.374882},"geometry":{"type":"LineString","coordinates":[[4.882965,52.3753],[4.881106,52.374882]]}},{"type":"Feature","properties":{"id":331,"source":404,"target":406,"cost":137.56,"reverse_cost":-1,"capacity":1200,"reverse_capacity":-1,"x1":4.881106,"y1":52.374882,"x2":4.879207,"y2":52.37445},"geometry":{"type":"LineString","coordinates":[[4.881106,52.374882],[4.879207,52.37445]]}},{"type":"Feature","properties":{"id":332,"source":406,"target":407,"cost":155.72,"reverse_cost":-1,"capacity":1200,"reverse_capacity":-1,"x1":4.879207,"y1":52.37445,"x2":4.877055,"y2":52.373966},"geometry":{"type":"LineString","coordinates":[[4.879207,52.37445],[4.877174,52.373986],[4.877099,52.373972],[4.877055,52.373966]]}},{"type":"Feature","properties":{"id":333,"source":393,"target":408,"cost":50.76,"reverse_cost":-1,"capacity":600,"reverse_capacity":-1,"x1":4.878686,"y1":52.375297,"x2":4.878953,"y2":52.37487},"geometry":{"type":"LineString","coordinates":[[4.878686,52.375297],[4.878953,52.37487]]}},{"type":"Feature","properties":{"id":334,"source":408,"target":406,"cost":49.84,"reverse_cost":-1,"capacity":600,"reverse_capacity":-1,"x1":4.878953,"y1":52.37487,"x2":4.879207,"y2":52.37445},"geometry":{"type":"LineString","coordinates":[[4.878953,52.37487],[4.879207,52.37445]]}},{"type":"Feature","properties":{"id":335,"source":409,"target":393,"cost":73.84,"reverse_cost":-1,"capacity":600,"reverse_capacity":-1,"x1":4.877663,"y1":52.375071,"x2":4.878686,"y2":52.375297},"geometry":{"type":"LineString","coordinates":[[4.877663,52.375071],[4.878686,52.375297]]}},{"type":"Feature","properties":{"id":336,"source":410,"target":411,"cost":112.51,"reverse_cost":-1,"capacity":1200,"reverse_capacity":-1,"x1":4.886146,"y1":52.375207,"x2":4.887588,"y2":52.37471},"geometry":{"type":"LineString","coordinates":[[4.886146,52.375207],[4.887143,52.374881],[4.887588,52.37471]]}},{"type":"Feature","properties":{"id":337,"source":412,"target":413,"cost":12.0,"reverse_cost":-1,"capacity":1200,"reverse_capacity":-1,"x1":4.885328,"y1":52.37398,"x2":4.885338,"y2":52.374088},"geometry":{"type":"LineString","coordinates":[[4.885328,52.37398],[4.885329,52.373992],[4.885338,52.374088]]}},{"type":"Feature","properties":{"id":338,"source":365,"target":414,"cost":93.88,"reverse_cost":-1,"capacity":1200,"reverse_capacity":-1,"x1":4.882887,"y1":52.368914,"x2":4.884267,"y2":52.368863},"geometry":{"type":"LineString","coordinates":[[4.882887,52.368914],[4.884267,52.368863]]}},{"type":"Feature","properties":{"id":339,"source":415,"target":416,"cost":170.05,"reverse_cost":-1,"capacity":1200,"reverse_capacity":-1,"x1":4.884735,"y1":52.373885,"x2":4.884574,"y2":52.372359},"geometry":{"type":"LineString","coordinates":[[4.884735,52.373885],[4.884722,52.373756],[4.884653,52.373106],[4.884595,52.372555],[4.884574,52.372359]]}},{"type":"Feature","properties":{"id":340,"source":416,"target":389,"cost":221.54,"reverse_cost":-1,"capacity":1200,"reverse_capacity":-1,"x1":4.884574,"y1":52.372359,"x2":4.884387,"y2":52.37037},"geometry":{"type":"LineString","coordinates":[[4.884574,52.372359],[4.884523,52.371809],[4.884461,52.371151],[4.884405,52.370554],[4.884387,52.37037]]}},{"type":"Feature","properties":{"id":341,"source":389,"target":414,"cost":167.75,"reverse_cost":-1,"capacity":1200,"reverse_capacity":-1,"x1":4.884387,"y1":52.37037,"x2":4.884267,"y2":52.368863},"geometry":{"type":"LineString","coordinates":[[4.884387,52.37037],[4.884346,52.369758],[4.884313,52.369261],[4.884309,52.369204],[4.88428,52.368966],[4.884267,52.368863]]}},{"type":"Feature","properties":{"id":342,"source":414,"target":417,"cost":184.39,"reverse_cost":-1,"capacity":1200,"reverse_capacity":-1,"x1":4.884267,"y1":52.368863,"x2":4.884224,"y2":52.367211},"geometry":{"type":"LineString","coordinates":[[4.884267,52.368863],[4.88422,52.368279],[4.884169,52.36764],[4.884151,52.367423],[4.884224,52.367211]]}},{"type":"Feature","properties":{"id":343,"source":417,"target":418,"cost":38.92,"reverse_cost":-1,"capacity":1200,"reverse_capacity":-1,"x1":4.884224,"y1":52.367211,"x2":4.884482,"y2":52.366899},"geometry":{"type":"LineString","coordinates":[[4.884224,52.367211],[4.884384,52.367007],[4.884482,52.366899]]}},{"type":"Feature","properties":{"id":344,"source":381,"target":419,"cost":9.91,"reverse_cost":-1,"capacity":600,"reverse_capacity":-1,"x1":4.878476,"y1":52.368853,"x2":4.878532,"y2":52.368771},"geometry":{"type":"LineString","coordinates":[[4.878476,52.368853],[4.878532,52.368771]]}},{"type":"Feature","properties":{"id":345,"source":420,"target":343,"cost":39.39,"reverse_cost":39.39,"capacity":1200,"reverse_capacity":1200,"x1":4.87713,"y1":52.375363,"x2":4.876595,"y2":52.375499},"geometry":{"type":"LineString","coordinates":[[4.87713,52.375363],[4.877115,52.375371],[4.877023,52.375396],[4.876595,52.375499]]}},{"type":"Feature","properties":{"id":346,"source":407,"target":421,"cost":65.94,"reverse_cost":-1,"capacity":600,"reverse_capacity":-1,"x1":4.877055,"y1":52.373966,"x2":4.877327,"y2":52.374534},"geometry":{"type":"LineString","coordinates":[[4.877055,52.373966],[4.877078,52.374001],[4.877087,52.374032],[4.877181,52.374295],[4.877292,52.374481],[4.877327,52.374534]]}},{"type":"Feature","properties":{"id":347,"source":421,"target":409,"cost":63.98,"reverse_cost":-1,"capacity":600,"reverse_capacity":-1,"x1":4.877327,"y1":52.374534,"x2":4.877663,"y2":52.375071},"geometry":{"type":"LineString","coordinates":[[4.877327,52.374534],[4.877663,52.375071]]}},{"type":"Feature","properties":{"id":348,"source":409,"target":422,"cost":7.05,"reverse_cost":-1,"capacity":600,"reverse_capacity":-1,"x1":4.877663,"y1":52.375071,"x2":4.877702,"y2":52.37513},"geometry":{"type":"LineString","coordinates":[[4.877663,52.375071],[4.877702,52.37513]]}},{"type":"Feature","properties":{"id":349,"source":423,"target":424,"cost":6.72,"reverse_cost":6.72,"capacity":1200,"reverse_capacity":1200,"x1":4.887853,"y1":52.374889,"x2":4.887755,"y2":52.374898},"geometry":{"type":"LineString","coordinates":[[4.887853,52.374889],[4.887755,52.374898]]}},{"type":"Feature","properties":{"id":350,"source":410,"target":425,"cost":5.09,"reverse_cost":5.09,"capacity":1200,"reverse_capacity":1200,"x1":4.886146,"y1":52.375207,"x2":4.886179,"y2":52.375248},"geometry":{"type":"LineString","coordinates":[[4.886146,52.375207],[4.886179,52.375248]]}},{"type":"Feature","properties":{"id":351,"source":426,"target":427,"cost":9.0,"reverse_cost":9.0,"capacity":1200,"reverse_capacity":1200,"x1":4.883175,"y1":52.37511,"x2":4.883242,"y2":52.375179},"geometry":{"type":"LineString","coordinates":[[4.883175,52.37511],[4.883242,52.375179]]}},{"type":"Feature","properties":{"id":352,"source":428,"target":398,"cost":85.53,"reverse_cost":-1,"capacity":600,"reverse_capacity":-1,"x1":4.883915,"y1":52.375941,"x2":4.88272,"y2":52.375711},"geometry":{"type":"LineString","coordinates":[[4.883915,52.375941],[4.883855,52.375945],[4.883803,52.375942],[4.88272,52.375711]]}},{"type":"Feature","properties":{"id":353,"source":398,"target":397,"cost":134.19,"reverse_cost":-1,"capacity":600,"reverse_capacity":-1,"x1":4.88272,"y1":52.375711,"x2":4.88086,"y2":52.375302},"geometry":{"type":"LineString","coordinates":[[4.88272,52.375711],[4.88086,52.375302]]}},{"type":"Feature","properties":{"id":354,"source":397,"target":408,"cost":138.09,"reverse_cost":-1,"capacity":600,"reverse_capacity":-1,"x1":4.88086,"y1":52.375302,"x2":4.878953,"y2":52.37487},"geometry":{"type":"LineString","coordinates":[[4.88086,52.375302],[4.878953,52.37487]]}},{"type":"Feature","properties":{"id":355,"source":408,"target":421,"cost":116.97,"reverse_cost":-1,"capacity":600,"reverse_capacity":-1,"x1":4.878953,"y1":52.37487,"x2":4.877327,"y2":52.374534},"geometry":{"type":"LineString","coordinates":[[4.878953,52.37487],[4.877429,52.374532],[4.877327,52.374534]]}},{"type":"Feature","properties":{"id":356,"source":429,"target":430,"cost":191.92,"reverse_cost":-1,"capacity":600,"reverse_capacity":-1,"x1":4.880506,"y1":52.375888,"x2":4.877848,"y2":52.375342},"geometry":{"type":"LineString","coordinates":[[4.880506,52.375888],[4.877923,52.375322],[4.877848,52.375342]]}},{"type":"Feature","properties":{"id":357,"source":394,"target":431,"cost":4.13,"reverse_cost":4.13,"capacity":1200,"reverse_capacity":1200,"x1":4.880613,"y1":52.375706,"x2":4.880592,"y2":52.37574},"geometry":{"type":"LineString","coordinates":[[4.880613,52.375706],[4.880592,52.37574]]}},{"type":"Feature","properties":{"id":358,"source":392,"target":432,"cost":93.14,"reverse_cost":-1,"capacity":1200,"reverse_capacity":-1,"x1":4.884448,"y1":52.375803,"x2":4.885636,"y2":52.375384},"geometry":{"type":"LineString","coordinates":[[4.884448,52.375803],[4.885636,52.375384]]}},{"type":"Feature","properties":{"id":359,"source":433,"target":434,"cost":67.89,"reverse_cost":-1,"capacity":1200,"reverse_capacity":-1,"x1":4.876896,"y1":52.371149,"x2":4.877289,"y2":52.370587},"geometry":{"type":"LineString","coordinates":[[4.876896,52.371149],[4.877255,52.370627],[4.877289,52.370587]]}},{"type":"Feature","properties":{"id":360,"source":435,"target":436,"cost":126.8,"reverse_cost":-1,"capacity":1200,"reverse_capacity":-1,"x1":4.882672,"y1":52.372635,"x2":4.880949,"y2":52.372194},"geometry":{"type":"LineString","coordinates":[[4.882672,52.372635],[4.882568,52.372608],[4.881749,52.372398],[4.881194,52.372254],[4.880949,52.372194]]}},{"type":"Feature","properties":{"id":361,"source":436,"target":437,"cost":131.21,"reverse_cost":-1,"capacity":1200,"reverse_capacity":-1,"x1":4.880949,"y1":52.372194,"x2":4.87916,"y2":52.371752},"geometry":{"type":"LineString","coordinates":[[4.880949,52.372194],[4.880331,52.372034],[4.880049,52.371961],[4.879301,52.371772],[4.87916,52.371752]]}},{"type":"Feature","properties":{"id":362,"source":437,"target":433,"cost":167.66,"reverse_cost":-1,"capacity":1200,"reverse_capacity":-1,"x1":4.87916,"y1":52.371752,"x2":4.876896,"y2":52.371149},"geometry":{"type":"LineString","coordinates":[[4.87916,52.371752],[4.876896,52.371149]]}},{"type":"Feature","properties":{"id":363,"source":438,"target":439,"cost":46.39,"reverse_cost":-1,"capacity":1200,"reverse_capacity":-1,"x1":4.882519,"y1":52.371,"x2":4.8819,"y2":52.370825},"geometry":{"type":"LineString","coordinates":[[4.882519,52.371],[4.882407,52.370981],[4.882176,52.370908],[4.8819,52.370825]]}},{"type":"Feature","properties":{"id":364,"source":440,"target":416,"cost":94.84,"reverse_cost":-1,"capacity":1200,"reverse_capacity":-1,"x1":4.883179,"y1":52.372406,"x2":4.884574,"y2":52.372359},"geometry":{"type":"LineString","coordinates":[[4.883179,52.372406],[4.884574,52.372359]]}},{"type":"Feature","properties":{"id":365,"source":437,"target":340,"cost":55.09,"reverse_cost":-1,"capacity":1200,"reverse_capacity":-1,"x1":4.87916,"y1":52.371752,"x2":4.878846,"y2":52.372208},"geometry":{"type":"LineString","coordinates":[[4.87916,52.371752],[4.879016,52.371962],[4.878846,52.372208]]}},{"type":"Feature","properties":{"id":366,"source":248,"target":441,"cost":24.81,"reverse_cost":-1,"capacity":1200,"reverse_capacity":-1,"x1":4.889716,"y1":52.373273,"x2":4.889638,"y2":52.373055},"geometry":{"type":"LineString","coordinates":[[4.889716,52.373273],[4.889694,52.373221],[4.889688,52.373207],[4.889682,52.373193],[4.889667,52.37316],[4.889663,52.373146],[4.889655,52.37312],[4.889649,52.373097],[4.889638,52.373055]]}},{"type":"Feature","properties":{"id":367,"source":442,"target":443,"cost":10.0,"reverse_cost":10.0,"capacity":1200,"reverse_capacity":1200,"x1":4.887539,"y1":52.368748,"x2":4.887687,"y2":52.36875},"geometry":{"type":"LineString","coordinates":[[4.887539,52.368748],[4.887687,52.36875]]}},{"type":"Feature","properties":{"id":368,"source":444,"target":445,"cost":4.17,"reverse_cost":4.17,"capacity":1200,"reverse_capacity":1200,"x1":4.879669,"y1":52.371009,"x2":4.879645,"y2":52.371043},"geometry":{"type":"LineString","coordinates":[[4.879669,52.371009],[4.879645,52.371043]]}},{"type":"Feature","properties":{"id":369,"source":446,"target":447,"cost":68.77,"reverse_cost":-1,"capacity":1200,"reverse_capacity":-1,"x1":4.888743,"y1":52.373878,"x2":4.888535,"y2":52.373273},"geometry":{"type":"LineString","coordinates":[[4.888743,52.373878],[4.888621,52.373567],[4.888573,52.373425],[4.888553,52.373368],[4.888541,52.373288],[4.888535,52.373273]]}},{"type":"Feature","properties":{"id":370,"source":447,"target":448,"cost":122.09,"reverse_cost":-1,"capacity":1200,"reverse_capacity":-1,"x1":4.888535,"y1":52.373273,"x2":4.888182,"y2":52.372198},"geometry":{"type":"LineString","coordinates":[[4.888535,52.373273],[4.888532,52.373264],[4.888483,52.373171],[4.888244,52.372493],[4.888182,52.372198]]}},{"type":"Feature","properties":{"id":371,"source":448,"target":354,"cost":222.23,"reverse_cost":-1,"capacity":1200,"reverse_capacity":-1,"x1":4.888182,"y1":52.372198,"x2":4.887807,"y2":52.370213},"geometry":{"type":"LineString","coordinates":[[4.888182,52.372198],[4.888046,52.371456],[4.887998,52.371199],[4.8879,52.370695],[4.887807,52.370213]]}},{"type":"Feature","properties":{"id":372,"source":354,"target":442,"cost":164.07,"reverse_cost":-1,"capacity":1200,"reverse_capacity":-1,"x1":4.887807,"y1":52.370213,"x2":4.887539,"y2":52.368748},"geometry":{"type":"LineString","coordinates":[[4.887807,52.370213],[4.88759,52.369102],[4.887554,52.368916],[4.887537,52.36885],[4.887532,52.368798],[4.887539,52.368748]]}},{"type":"Feature","properties":{"id":373,"source":449,"target":450,"cost":5.15,"reverse_cost":5.15,"capacity":1200,"reverse_capacity":1200,"x1":4.887318,"y1":52.372254,"x2":4.887242,"y2":52.372259},"geometry":{"type":"LineString","coordinates":[[4.887318,52.372254],[4.887242,52.372259]]}},{"type":"Feature","properties":{"id":374,"source":444,"target":451,"cost":131.5,"reverse_cost":-1,"capacity":1200,"reverse_capacity":-1,"x1":4.879669,"y1":52.371009,"x2":4.881449,"y2":52.371474},"geometry":{"type":"LineString","coordinates":[[4.879669,52.371009],[4.879732,52.371027],[4.881449,52.371474]]}},{"type":"Feature","properties":{"id":375,"source":451,"target":452,"cost":84.33,"reverse_cost":-1,"capacity":1200,"reverse_capacity":-1,"x1":4.881449,"y1":52.371474,"x2":4.882599,"y2":52.37175},"geometry":{"type":"LineString","coordinates":[[4.881449,52.371474],[4.882502,52.371749],[4.882599,52.37175]]}},{"type":"Feature","properties":{"id":376,"source":449,"target":448,"cost":59.0,"reverse_cost":-1,"capacity":1200,"reverse_capacity":-1,"x1":4.887318,"y1":52.372254,"x2":4.888182,"y2":52.372198},"geometry":{"type":"LineString","coordinates":[[4.887318,52.372254],[4.888182,52.372198]]}},{"type":"Feature","properties":{"id":377,"source":379,"target":384,"cost":17.98,"reverse_cost":17.98,"capacity":1200,"reverse_capacity":1200,"x1":4.88245,"y1":52.370091,"x2":4.882463,"y2":52.370253},"geometry":{"type":"LineString","coordinates":[[4.88245,52.370091],[4.882452,52.370164],[4.882463,52.370253]]}},{"type":"Feature","properties":{"id":378,"source":384,"target":453,"cost":20.18,"reverse_cost":20.18,"capacity":1200,"reverse_capacity":1200,"x1":4.882463,"y1":52.370253,"x2":4.882491,"y2":52.370433},"geometry":{"type":"LineString","coordinates":[[4.882463,52.370253],[4.882491,52.370433]]}},{"type":"Feature","properties":{"id":379,"source":389,"target":454,"cost":95.19,"reverse_cost":-1,"capacity":1200,"reverse_capacity":-1,"x1":4.884387,"y1":52.37037,"x2":4.882988,"y2":52.370424},"geometry":{"type":"LineString","coordinates":[[4.884387,52.37037],[4.882988,52.370424]]}},{"type":"Feature","properties":{"id":380,"source":453,"target":455,"cost":3.57,"reverse_cost":3.57,"capacity":1200,"reverse_capacity":1200,"x1":4.882491,"y1":52.370433,"x2":4.882543,"y2":52.370435},"geometry":{"type":"LineString","coordinates":[[4.882491,52.370433],[4.882543,52.370435]]}},{"type":"Feature","properties":{"id":381,"source":456,"target":457,"cost":6.74,"reverse_cost":6.74,"capacity":1200,"reverse_capacity":1200,"x1":4.885172,"y1":52.372342,"x2":4.885073,"y2":52.372347},"geometry":{"type":"LineString","coordinates":[[4.885172,52.372342],[4.885073,52.372347]]}},{"type":"Feature","properties":{"id":382,"source":347,"target":444,"cost":83.97,"reverse_cost":-1,"capacity":1200,"reverse_capacity":-1,"x1":4.880152,"y1":52.370314,"x2":4.879669,"y2":52.371009},"geometry":{"type":"LineString","coordinates":[[4.880152,52.370314],[4.880036,52.370479],[4.879885,52.370696],[4.879669,52.371009]]}},{"type":"Feature","properties":{"id":383,"source":458,"target":459,"cost":94.72,"reverse_cost":-1,"capacity":1200,"reverse_capacity":-1,"x1":4.882624,"y1":52.371963,"x2":4.881334,"y2":52.371643},"geometry":{"type":"LineString","coordinates":[[4.882624,52.371963],[4.882544,52.371957],[4.881729,52.371747],[4.881541,52.371697],[4.881334,52.371643]]}},{"type":"Feature","properties":{"id":384,"source":459,"target":460,"cost":131.64,"reverse_cost":-1,"capacity":1200,"reverse_capacity":-1,"x1":4.881334,"y1":52.371643,"x2":4.87955,"y2":52.37118},"geometry":{"type":"LineString","coordinates":[[4.881334,52.371643],[4.87955,52.37118]]}},{"type":"Feature","properties":{"id":385,"source":461,"target":462,"cost":7.34,"reverse_cost":-1,"capacity":1200,"reverse_capacity":-1,"x1":4.88951,"y1":52.372275,"x2":4.889406,"y2":52.372258},"geometry":{"type":"LineString","coordinates":[[4.88951,52.372275],[4.889406,52.372258]]}},{"type":"Feature","properties":{"id":386,"source":456,"target":351,"cost":109.73,"reverse_cost":-1,"capacity":1200,"reverse_capacity":-1,"x1":4.885172,"y1":52.372342,"x2":4.886785,"y2":52.37228},"geometry":{"type":"LineString","coordinates":[[4.885172,52.372342],[4.885289,52.372338],[4.886785,52.37228]]}},{"type":"Feature","properties":{"id":387,"source":353,"target":463,"cost":133.2,"reverse_cost":-1,"capacity":1200,"reverse_capacity":-1,"x1":4.886492,"y1":52.368788,"x2":4.886429,"y2":52.367592},"geometry":{"type":"LineString","coordinates":[[4.886492,52.368788],[4.886464,52.368337],[4.886405,52.367718],[4.886429,52.367592]]}},{"type":"Feature","properties":{"id":388,"source":357,"target":464,"cost":5.77,"reverse_cost":5.77,"capacity":1200,"reverse_capacity":1200,"x1":4.887015,"y1":52.36877,"x2":4.88693,"y2":52.368773},"geometry":{"type":"LineString","coordinates":[[4.887015,52.36877],[4.88693,52.368773]]}},{"type":"Feature","properties":{"id":389,"source":357,"target":442,"cost":35.69,"reverse_cost":-1,"capacity":1200,"reverse_capacity":-1,"x1":4.887015,"y1":52.36877,"x2":4.887539,"y2":52.368748},"geometry":{"type":"LineString","coordinates":[[4.887015,52.36877],[4.887539,52.368748]]}},{"type":"Feature","properties":{"id":390,"source":442,"target":465,"cost":39.04,"reverse_cost":39.04,"capacity":600,"reverse_capacity":600,"x1":4.887539,"y1":52.368748,"x2":4.887763,"y2":52.368429},"geometry":{"type":"LineString","coordinates":[[4.887539,52.368748],[4.887556,52.3687],[4.887583,52.368638],[4.887622,52.368583],[4.887684,52.368494],[4.887711,52.368466],[4.887763,52.368429]]}},{"type":"Feature","properties":{"id":391,"source":463,"target":387,"cost":112.26,"reverse_cost":-1,"capacity":1200,"reverse_capacity":-1,"x1":4.886429,"y1":52.367592,"x2":4.885004,"y2":52.367079},"geometry":{"type":"LineString","coordinates":[[4.886429,52.367592],[4.885004,52.367079]]}},{"type":"Feature","properties":{"id":392,"source":463,"target":466,"cost":4.23,"reverse_cost":4.23,"capacity":1200,"reverse_capacity":1200,"x1":4.886429,"y1":52.367592,"x2":4.886469,"y2":52.367563},"geometry":{"type":"LineString","coordinates":[[4.886429,52.367592],[4.886469,52.367563]]}},{"type":"Feature","properties":{"id":393,"source":467,"target":468,"cost":116.89,"reverse_cost":-1,"capacity":1200,"reverse_capacity":-1,"x1":4.885228,"y1":52.366896,"x2":4.886711,"y2":52.36743},"geometry":{"type":"LineString","coordinates":[[4.885228,52.366896],[4.886711,52.36743]]}},{"type":"Feature","properties":{"id":394,"source":468,"target":209,"cost":114.76,"reverse_cost":-1,"capacity":1200,"reverse_capacity":-1,"x1":4.886711,"y1":52.36743,"x2":4.88795,"y2":52.366728},"geometry":{"type":"LineString","coordinates":[[4.886711,52.36743],[4.88795,52.366728]]}},{"type":"Feature","properties":{"id":395,"source":469,"target":470,"cost":5.01,"reverse_cost":-1,"capacity":1200,"reverse_capacity":-1,"x1":4.882223,"y1":52.367388,"x2":4.882217,"y2":52.367343},"geometry":{"type":"LineString","coordinates":[[4.882223,52.367388],[4.882217,52.367343]]}},{"type":"Feature","properties":{"id":396,"source":470,"target":471,"cost":87.63,"reverse_cost":-1,"capacity":1200,"reverse_capacity":-1,"x1":4.882217,"y1":52.367343,"x2":4.882196,"y2":52.366557},"geometry":{"type":"LineString","coordinates":[[4.882217,52.367343],[4.882199,52.367162],[4.882166,52.366686],[4.882196,52.366557]]}},{"type":"Feature","properties":{"id":397,"source":471,"target":472,"cost":45.22,"reverse_cost":-1,"capacity":1200,"reverse_capacity":-1,"x1":4.882196,"y1":52.366557,"x2":4.882449,"y2":52.366181},"geometry":{"type":"LineString","coordinates":[[4.882196,52.366557],[4.88235,52.366336],[4.882404,52.366245],[4.882449,52.366181]]}},{"type":"Feature","properties":{"id":398,"source":473,"target":474,"cost":89.02,"reverse_cost":-1,"capacity":1200,"reverse_capacity":-1,"x1":4.886966,"y1":52.367779,"x2":4.888094,"y2":52.368187},"geometry":{"type":"LineString","coordinates":[[4.886966,52.367779],[4.887077,52.367818],[4.888094,52.368187]]}},{"type":"Feature","properties":{"id":399,"source":475,"target":367,"cost":234.37,"reverse_cost":-1,"capacity":1200,"reverse_capacity":-1,"x1":4.879292,"y1":52.367692,"x2":4.882336,"y2":52.368677},"geometry":{"type":"LineString","coordinates":[[4.879292,52.367692],[4.880715,52.368178],[4.881338,52.368374],[4.881482,52.368419],[4.882196,52.368653],[4.882251,52.368671],[4.882295,52.368678],[4.882336,52.368677]]}},{"type":"Feature","properties":{"id":400,"source":373,"target":476,"cost":53.58,"reverse_cost":53.58,"capacity":1200,"reverse_capacity":1200,"x1":4.88114,"y1":52.367682,"x2":4.881505,"y2":52.367255},"geometry":{"type":"LineString","coordinates":[[4.88114,52.367682],[4.881443,52.367329],[4.881505,52.367255]]}},{"type":"Feature","properties":{"id":401,"source":439,"target":451,"cost":78.41,"reverse_cost":-1,"capacity":1200,"reverse_capacity":-1,"x1":4.8819,"y1":52.370825,"x2":4.881449,"y2":52.371474},"geometry":{"type":"LineString","coordinates":[[4.8819,52.370825],[4.881449,52.371474]]}},{"type":"Feature","properties":{"id":402,"source":341,"target":433,"cost":57.96,"reverse_cost":-1,"capacity":600,"reverse_capacity":-1,"x1":4.876569,"y1":52.37163,"x2":4.876896,"y2":52.371149},"geometry":{"type":"LineString","coordinates":[[4.876569,52.37163],[4.876896,52.371149]]}},{"type":"Feature","properties":{"id":403,"source":359,"target":370,"cost":63.01,"reverse_cost":-1,"capacity":1200,"reverse_capacity":-1,"x1":4.879879,"y1":52.368758,"x2":4.88029,"y2":52.36825},"geometry":{"type":"LineString","coordinates":[[4.879879,52.368758],[4.88029,52.36825]]}},{"type":"Feature","properties":{"id":404,"source":367,"target":374,"cost":73.31,"reverse_cost":-1,"capacity":1200,"reverse_capacity":-1,"x1":4.882336,"y1":52.368677,"x2":4.882279,"y2":52.368018},"geometry":{"type":"LineString","coordinates":[[4.882336,52.368677],[4.882291,52.368158],[4.882279,52.368018]]}},{"type":"Feature","properties":{"id":405,"source":374,"target":477,"cost":58.19,"reverse_cost":-1,"capacity":1200,"reverse_capacity":-1,"x1":4.882279,"y1":52.368018,"x2":4.882237,"y2":52.367496},"geometry":{"type":"LineString","coordinates":[[4.882279,52.368018],[4.882252,52.367649],[4.882237,52.367496]]}},{"type":"Feature","properties":{"id":406,"source":477,"target":478,"cost":4.66,"reverse_cost":-1,"capacity":1200,"reverse_capacity":-1,"x1":4.882237,"y1":52.367496,"x2":4.882231,"y2":52.367454},"geometry":{"type":"LineString","coordinates":[[4.882237,52.367496],[4.882231,52.367454]]}},{"type":"Feature","properties":{"id":407,"source":388,"target":479,"cost":6.42,"reverse_cost":6.42,"capacity":1200,"reverse_capacity":1200,"x1":4.884846,"y1":52.368846,"x2":4.884752,"y2":52.368848},"geometry":{"type":"LineString","coordinates":[[4.884846,52.368846],[4.884752,52.368848]]}},{"type":"Feature","properties":{"id":408,"source":388,"target":353,"cost":111.97,"reverse_cost":-1,"capacity":1200,"reverse_capacity":-1,"x1":4.884846,"y1":52.368846,"x2":4.886492,"y2":52.368788},"geometry":{"type":"LineString","coordinates":[[4.884846,52.368846],[4.886492,52.368788]]}},{"type":"Feature","properties":{"id":409,"source":419,"target":371,"cost":105.49,"reverse_cost":-1,"capacity":600,"reverse_capacity":-1,"x1":4.878532,"y1":52.368771,"x2":4.879143,"y2":52.367899},"geometry":{"type":"LineString","coordinates":[[4.878532,52.368771],[4.879143,52.367899]]}},{"type":"Feature","properties":{"id":410,"source":480,"target":481,"cost":147.55,"reverse_cost":-1,"capacity":1200,"reverse_capacity":-1,"x1":4.882641,"y1":52.365987,"x2":4.884129,"y2":52.365021},"geometry":{"type":"LineString","coordinates":[[4.882641,52.365987],[4.883353,52.365547],[4.883569,52.365399],[4.884129,52.365021]]}},{"type":"Feature","properties":{"id":411,"source":481,"target":482,"cost":13.68,"reverse_cost":-1,"capacity":1200,"reverse_capacity":-1,"x1":4.884129,"y1":52.365021,"x2":4.884266,"y2":52.36493},"geometry":{"type":"LineString","coordinates":[[4.884129,52.365021],[4.884252,52.36494],[4.884266,52.36493]]}},{"type":"Feature","properties":{"id":412,"source":483,"target":484,"cost":28.06,"reverse_cost":28.06,"capacity":1200,"reverse_capacity":1200,"x1":4.880295,"y1":52.365113,"x2":4.88066,"y2":52.36523},"geometry":{"type":"LineString","coordinates":[[4.880295,52.365113],[4.880316,52.365118],[4.880356,52.365127],[4.88066,52.36523]]}},{"type":"Feature","properties":{"id":413,"source":483,"target":485,"cost":4.52,"reverse_cost":4.52,"capacity":1200,"reverse_capacity":1200,"x1":4.880295,"y1":52.365113,"x2":4.880233,"y2":52.365098},"geometry":{"type":"LineString","coordinates":[[4.880295,52.365113],[4.880272,52.365107],[4.880233,52.365098]]}},{"type":"Feature","properties":{"id":414,"source":486,"target":470,"cost":166.05,"reverse_cost":-1,"capacity":1200,"reverse_capacity":-1,"x1":4.880071,"y1":52.366627,"x2":4.882217,"y2":52.367343},"geometry":{"type":"LineString","coordinates":[[4.880071,52.366627],[4.88038,52.366734],[4.881597,52.36714],[4.882217,52.367343]]}},{"type":"Feature","properties":{"id":415,"source":418,"target":487,"cost":121.16,"reverse_cost":-1,"capacity":1200,"reverse_capacity":-1,"x1":4.884482,"y1":52.366899,"x2":4.882934,"y2":52.366357},"geometry":{"type":"LineString","coordinates":[[4.884482,52.366899],[4.884425,52.366875],[4.883004,52.366375],[4.882934,52.366357]]}},{"type":"Feature","properties":{"id":416,"source":418,"target":488,"cost":4.67,"reverse_cost":4.67,"capacity":1200,"reverse_capacity":1200,"x1":4.884482,"y1":52.366899,"x2":4.884517,"y2":52.366863},"geometry":{"type":"LineString","coordinates":[[4.884482,52.366899],[4.884517,52.366863]]}},{"type":"Feature","properties":{"id":417,"source":487,"target":489,"cost":41.93,"reverse_cost":-1,"capacity":1200,"reverse_capacity":-1,"x1":4.882934,"y1":52.366357,"x2":4.882693,"y2":52.366703},"geometry":{"type":"LineString","coordinates":[[4.882934,52.366357],[4.882708,52.366647],[4.882693,52.366703]]}},{"type":"Feature","properties":{"id":418,"source":489,"target":365,"cost":246.22,"reverse_cost":-1,"capacity":1200,"reverse_capacity":-1,"x1":4.882693,"y1":52.366703,"x2":4.882887,"y2":52.368914},"geometry":{"type":"LineString","coordinates":[[4.882693,52.366703],[4.882761,52.36759],[4.882836,52.368377],[4.88284,52.368426],[4.882887,52.368914]]}},{"type":"Feature","properties":{"id":419,"source":365,"target":454,"cost":168.12,"reverse_cost":-1,"capacity":1200,"reverse_capacity":-1,"x1":4.882887,"y1":52.368914,"x2":4.882988,"y2":52.370424},"geometry":{"type":"LineString","coordinates":[[4.882887,52.368914],[4.882905,52.369159],[4.882988,52.370424]]}},{"type":"Feature","properties":{"id":420,"source":454,"target":440,"cost":220.78,"reverse_cost":-1,"capacity":1200,"reverse_capacity":-1,"x1":4.882988,"y1":52.370424,"x2":4.883179,"y2":52.372406},"geometry":{"type":"LineString","coordinates":[[4.882988,52.370424],[4.883179,52.372406]]}},{"type":"Feature","properties":{"id":421,"source":490,"target":491,"cost":5.22,"reverse_cost":5.22,"capacity":1200,"reverse_capacity":1200,"x1":4.879316,"y1":52.374267,"x2":4.879289,"y2":52.374311},"geometry":{"type":"LineString","coordinates":[[4.879316,52.374267],[4.879289,52.374311]]}},{"type":"Feature","properties":{"id":422,"source":492,"target":493,"cost":12.92,"reverse_cost":-1,"capacity":1200,"reverse_capacity":-1,"x1":4.88282,"y1":52.374041,"x2":4.882797,"y2":52.373926},"geometry":{"type":"LineString","coordinates":[[4.88282,52.374041],[4.882799,52.37394],[4.882797,52.373926]]}},{"type":"Feature","properties":{"id":423,"source":493,"target":494,"cost":12.38,"reverse_cost":-1,"capacity":1200,"reverse_capacity":-1,"x1":4.882797,"y1":52.373926,"x2":4.882776,"y2":52.373815},"geometry":{"type":"LineString","coordinates":[[4.882797,52.373926],[4.882794,52.373912],[4.882776,52.373815]]}},{"type":"Feature","properties":{"id":424,"source":495,"target":496,"cost":77.86,"reverse_cost":77.86,"capacity":1200,"reverse_capacity":1200,"x1":4.880998,"y1":52.365385,"x2":4.881978,"y2":52.365749},"geometry":{"type":"LineString","coordinates":[[4.880998,52.365385],[4.881441,52.365547],[4.881978,52.365749]]}},{"type":"Feature","properties":{"id":425,"source":497,"target":498,"cost":48.61,"reverse_cost":-1,"capacity":1200,"reverse_capacity":-1,"x1":4.880527,"y1":52.365993,"x2":4.880818,"y2":52.365594},"geometry":{"type":"LineString","coordinates":[[4.880527,52.365993],[4.880801,52.365619],[4.880818,52.365594]]}},{"type":"Feature","properties":{"id":426,"source":499,"target":500,"cost":16.79,"reverse_cost":16.79,"capacity":1200,"reverse_capacity":1200,"x1":4.877864,"y1":52.366089,"x2":4.878068,"y2":52.366174},"geometry":{"type":"LineString","coordinates":[[4.877864,52.366089],[4.877987,52.36614],[4.878059,52.366171],[4.878068,52.366174]]}},{"type":"Feature","properties":{"id":427,"source":501,"target":502,"cost":7.32,"reverse_cost":-1,"capacity":1200,"reverse_capacity":-1,"x1":4.879565,"y1":52.366681,"x2":4.879467,"y2":52.366653},"geometry":{"type":"LineString","coordinates":[[4.879565,52.366681],[4.879544,52.366675],[4.879467,52.366653]]}},{"type":"Feature","properties":{"id":428,"source":503,"target":504,"cost":92.37,"reverse_cost":-1,"capacity":800,"reverse_capacity":-1,"x1":4.877167,"y1":52.369865,"x2":4.877681,"y2":52.369097},"geometry":{"type":"LineString","coordinates":[[4.877167,52.369865],[4.877218,52.369764],[4.877263,52.369698],[4.877681,52.369097]]}},{"type":"Feature","properties":{"id":429,"source":486,"target":497,"cost":77.07,"reverse_cost":-1,"capacity":1200,"reverse_capacity":-1,"x1":4.880071,"y1":52.366627,"x2":4.880527,"y2":52.365993},"geometry":{"type":"LineString","coordinates":[[4.880071,52.366627],[4.880299,52.366288],[4.880437,52.366091],[4.880527,52.365993]]}},{"type":"Feature","properties":{"id":430,"source":505,"target":506,"cost":5.79,"reverse_cost":-1,"capacity":1200,"reverse_capacity":-1,"x1":4.879562,"y1":52.366498,"x2":4.879641,"y2":52.366518},"geometry":{"type":"LineString","coordinates":[[4.879562,52.366498],[4.879641,52.366518]]}},{"type":"Feature","properties":{"id":431,"source":497,"target":471,"cost":129.53,"reverse_cost":-1,"capacity":1200,"reverse_capacity":-1,"x1":4.880527,"y1":52.365993,"x2":4.882196,"y2":52.366557},"geometry":{"type":"LineString","coordinates":[[4.880527,52.365993],[4.882196,52.366557]]}},{"type":"Feature","properties":{"id":432,"source":507,"target":508,"cost":7.28,"reverse_cost":7.28,"capacity":1200,"reverse_capacity":1200,"x1":4.880003,"y1":52.366725,"x2":4.879968,"y2":52.366787},"geometry":{"type":"LineString","coordinates":[[4.880003,52.366725],[4.879968,52.366787]]}},{"type":"Feature","properties":{"id":433,"source":489,"target":417,"cost":118.33,"reverse_cost":-1,"capacity":1200,"reverse_capacity":-1,"x1":4.882693,"y1":52.366703,"x2":4.884224,"y2":52.367211},"geometry":{"type":"LineString","coordinates":[[4.882693,52.366703],[4.884224,52.367211]]}},{"type":"Feature","properties":{"id":434,"source":475,"target":509,"cost":59.42,"reverse_cost":-1,"capacity":1200,"reverse_capacity":-1,"x1":4.879292,"y1":52.367692,"x2":4.879656,"y2":52.367206},"geometry":{"type":"LineString","coordinates":[[4.879292,52.367692],[4.879535,52.367367],[4.879656,52.367206]]}},{"type":"Feature","properties":{"id":435,"source":387,"target":510,"cost":5.69,"reverse_cost":5.69,"capacity":1200,"reverse_capacity":1200,"x1":4.885004,"y1":52.367079,"x2":4.884926,"y2":52.367061},"geometry":{"type":"LineString","coordinates":[[4.885004,52.367079],[4.884926,52.367061]]}},{"type":"Feature","properties":{"id":436,"source":315,"target":322,"cost":64.8,"reverse_cost":-1,"capacity":1200,"reverse_capacity":-1,"x1":4.883851,"y1":52.366411,"x2":4.884677,"y2":52.366703},"geometry":{"type":"LineString","coordinates":[[4.883851,52.366411],[4.884579,52.366663],[4.884677,52.366703]]}},{"type":"Feature","properties":{"id":437,"source":511,"target":512,"cost":181.53,"reverse_cost":-1,"capacity":1200,"reverse_capacity":-1,"x1":4.88008,"y1":52.365346,"x2":4.878553,"y2":52.366371},"geometry":{"type":"LineString","coordinates":[[4.88008,52.365346],[4.880007,52.365317],[4.879839,52.365259],[4.879792,52.365246],[4.87974,52.365239],[4.87969,52.365239],[4.879612,52.365248],[4.879558,52.365265],[4.879502,52.365302],[4.879459,52.365353],[4.87944,52.365388],[4.879405,52.365468],[4.87931,52.365648],[4.879238,52.365763],[4.879148,52.365885],[4.879019,52.366009],[4.878901,52.366113],[4.878788,52.3662],[4.878643,52.366299],[4.878592,52.366337],[4.878553,52.366371]]}},{"type":"Feature","properties":{"id":438,"source":500,"target":513,"cost":29.34,"reverse_cost":29.34,"capacity":1200,"reverse_capacity":1200,"x1":4.878068,"y1":52.366174,"x2":4.878422,"y2":52.366326},"geometry":{"type":"LineString","coordinates":[[4.878068,52.366174],[4.878422,52.366326]]}},{"type":"Feature","properties":{"id":439,"source":472,"target":498,"cost":128.53,"reverse_cost":-1,"capacity":1200,"reverse_capacity":-1,"x1":4.882449,"y1":52.366181,"x2":4.880818,"y2":52.365594},"geometry":{"type":"LineString","coordinates":[[4.882449,52.366181],[4.882365,52.366144],[4.880818,52.365594]]}},{"type":"Feature","properties":{"id":440,"source":498,"target":514,"cost":53.12,"reverse_cost":-1,"capacity":1200,"reverse_capacity":-1,"x1":4.880818,"y1":52.365594,"x2":4.880132,"y2":52.365368},"geometry":{"type":"LineString","coordinates":[[4.880818,52.365594],[4.880741,52.365581],[4.880188,52.365388],[4.880151,52.365375],[4.880132,52.365368]]}},{"type":"Feature","properties":{"id":441,"source":515,"target":516,"cost":65.68,"reverse_cost":-1,"capacity":600,"reverse_capacity":-1,"x1":4.881691,"y1":52.37742,"x2":4.881371,"y2":52.377977},"geometry":{"type":"LineString","coordinates":[[4.881691,52.37742],[4.881371,52.377977]]}},{"type":"Feature","properties":{"id":442,"source":517,"target":518,"cost":53.39,"reverse_cost":-1,"capacity":1200,"reverse_capacity":-1,"x1":4.883862,"y1":52.377369,"x2":4.883599,"y2":52.377821},"geometry":{"type":"LineString","coordinates":[[4.883862,52.377369],[4.883599,52.377821]]}},{"type":"Feature","properties":{"id":443,"source":519,"target":520,"cost":69.16,"reverse_cost":-1,"capacity":1200,"reverse_capacity":-1,"x1":4.886646,"y1":52.378899,"x2":4.886162,"y2":52.378353},"geometry":{"type":"LineString","coordinates":[[4.886646,52.378899],[4.886637,52.378873],[4.886612,52.378836],[4.886162,52.378353]]}},{"type":"Feature","properties":{"id":444,"source":520,"target":521,"cost":23.16,"reverse_cost":-1,"capacity":1200,"reverse_capacity":-1,"x1":4.886162,"y1":52.378353,"x2":4.885986,"y2":52.378175},"geometry":{"type":"LineString","coordinates":[[4.886162,52.378353],[4.885986,52.378175]]}},{"type":"Feature","properties":{"id":445,"source":521,"target":522,"cost":53.81,"reverse_cost":-1,"capacity":1200,"reverse_capacity":-1,"x1":4.885986,"y1":52.378175,"x2":4.885627,"y2":52.377743},"geometry":{"type":"LineString","coordinates":[[4.885986,52.378175],[4.885627,52.377743]]}},{"type":"Feature","properties":{"id":446,"source":522,"target":523,"cost":65.38,"reverse_cost":-1,"capacity":1200,"reverse_capacity":-1,"x1":4.885627,"y1":52.377743,"x2":4.885128,"y2":52.37724},"geometry":{"type":"LineString","coordinates":[[4.885627,52.377743],[4.885128,52.37724]]}},{"type":"Feature","properties":{"id":447,"source":524,"target":429,"cost":134.23,"reverse_cost":-1,"capacity":1200,"reverse_capacity":-1,"x1":4.882371,"y1":52.376289,"x2":4.880506,"y2":52.375888},"geometry":{"type":"LineString","coordinates":[[4.882371,52.376289],[4.880506,52.375888]]}},{"type":"Feature","properties":{"id":448,"source":395,"target":525,"cost":4.93,"reverse_cost":4.93,"capacity":1200,"reverse_capacity":1200,"x1":4.882483,"y1":52.376109,"x2":4.882456,"y2":52.376151},"geometry":{"type":"LineString","coordinates":[[4.882483,52.376109],[4.882456,52.376151]]}},{"type":"Feature","properties":{"id":449,"source":526,"target":430,"cost":8.25,"reverse_cost":-1,"capacity":1200,"reverse_capacity":-1,"x1":4.877804,"y1":52.375273,"x2":4.877848,"y2":52.375342},"geometry":{"type":"LineString","coordinates":[[4.877804,52.375273],[4.877848,52.375342]]}},{"type":"Feature","properties":{"id":450,"source":430,"target":527,"cost":52.06,"reverse_cost":-1,"capacity":1200,"reverse_capacity":-1,"x1":4.877848,"y1":52.375342,"x2":4.878115,"y2":52.375781},"geometry":{"type":"LineString","coordinates":[[4.877848,52.375342],[4.87807,52.375707],[4.878115,52.375781]]}},{"type":"Feature","properties":{"id":451,"source":527,"target":528,"cost":53.89,"reverse_cost":-1,"capacity":1200,"reverse_capacity":-1,"x1":4.878115,"y1":52.375781,"x2":4.878403,"y2":52.376233},"geometry":{"type":"LineString","coordinates":[[4.878115,52.375781],[4.878403,52.376233]]}},{"type":"Feature","properties":{"id":452,"source":528,"target":529,"cost":67.37,"reverse_cost":-1,"capacity":1200,"reverse_capacity":-1,"x1":4.878403,"y1":52.376233,"x2":4.878758,"y2":52.376799},"geometry":{"type":"LineString","coordinates":[[4.878403,52.376233],[4.878758,52.376799]]}},{"type":"Feature","properties":{"id":453,"source":529,"target":530,"cost":104.35,"reverse_cost":-1,"capacity":1200,"reverse_capacity":-1,"x1":4.878758,"y1":52.376799,"x2":4.879316,"y2":52.377673},"geometry":{"type":"LineString","coordinates":[[4.878758,52.376799],[4.879316,52.377673]]}},{"type":"Feature","properties":{"id":454,"source":531,"target":532,"cost":8.65,"reverse_cost":8.65,"capacity":1200,"reverse_capacity":1200,"x1":4.884582,"y1":52.375969,"x2":4.884477,"y2":52.376013},"geometry":{"type":"LineString","coordinates":[[4.884582,52.375969],[4.884477,52.376013]]}},{"type":"Feature","properties":{"id":455,"source":398,"target":395,"cost":47.16,"reverse_cost":-1,"capacity":600,"reverse_capacity":-1,"x1":4.88272,"y1":52.375711,"x2":4.882483,"y2":52.376109},"geometry":{"type":"LineString","coordinates":[[4.88272,52.375711],[4.882483,52.376109]]}},{"type":"Feature","properties":{"id":456,"source":533,"target":531,"cost":93.63,"reverse_cost":-1,"capacity":1200,"reverse_capacity":-1,"x1":4.885785,"y1":52.375557,"x2":4.884582,"y2":52.375969},"geometry":{"type":"LineString","coordinates":[[4.885785,52.375557],[4.884582,52.375969]]}},{"type":"Feature","properties":{"id":457,"source":392,"target":534,"cost":5.11,"reverse_cost":5.11,"capacity":1200,"reverse_capacity":1200,"x1":4.884448,"y1":52.375803,"x2":4.884484,"y2":52.375844},"geometry":{"type":"LineString","coordinates":[[4.884448,52.375803],[4.884484,52.375844]]}},{"type":"Feature","properties":{"id":458,"source":535,"target":536,"cost":10.18,"reverse_cost":-1,"capacity":1200,"reverse_capacity":-1,"x1":4.88464,"y1":52.37671,"x2":4.88458,"y2":52.376626},"geometry":{"type":"LineString","coordinates":[[4.88464,52.37671],[4.88458,52.376626]]}},{"type":"Feature","properties":{"id":459,"source":535,"target":537,"cost":26.59,"reverse_cost":-1,"capacity":1200,"reverse_capacity":-1,"x1":4.88464,"y1":52.37671,"x2":4.884252,"y2":52.376687},"geometry":{"type":"LineString","coordinates":[[4.88464,52.37671],[4.884467,52.376711],[4.884252,52.376687]]}},{"type":"Feature","properties":{"id":460,"source":426,"target":332,"cost":74.32,"reverse_cost":-1,"capacity":1200,"reverse_capacity":-1,"x1":4.883175,"y1":52.37511,"x2":4.882874,"y2":52.374478},"geometry":{"type":"LineString","coordinates":[[4.883175,52.37511],[4.882927,52.374803],[4.882874,52.374478]]}},{"type":"Feature","properties":{"id":461,"source":332,"target":492,"cost":48.69,"reverse_cost":-1,"capacity":1200,"reverse_capacity":-1,"x1":4.882874,"y1":52.374478,"x2":4.88282,"y2":52.374041},"geometry":{"type":"LineString","coordinates":[[4.882874,52.374478],[4.882832,52.374155],[4.88282,52.374041]]}},{"type":"Feature","properties":{"id":462,"source":538,"target":539,"cost":69.82,"reverse_cost":69.82,"capacity":1200,"reverse_capacity":1200,"x1":4.88402,"y1":52.374902,"x2":4.88492,"y2":52.374598},"geometry":{"type":"LineString","coordinates":[[4.88402,52.374902],[4.884219,52.374835],[4.88492,52.374598]]}},{"type":"Feature","properties":{"id":463,"source":540,"target":541,"cost":7.58,"reverse_cost":-1,"capacity":1200,"reverse_capacity":-1,"x1":4.883327,"y1":52.373916,"x2":4.883334,"y2":52.373984},"geometry":{"type":"LineString","coordinates":[[4.883327,52.373916],[4.883334,52.373984]]}},{"type":"Feature","properties":{"id":464,"source":541,"target":542,"cost":12.92,"reverse_cost":-1,"capacity":1200,"reverse_capacity":-1,"x1":4.883334,"y1":52.373984,"x2":4.883347,"y2":52.374099},"geometry":{"type":"LineString","coordinates":[[4.883334,52.373984],[4.88334,52.374034],[4.883342,52.374048],[4.883343,52.374062],[4.883347,52.374099]]}},{"type":"Feature","properties":{"id":465,"source":542,"target":391,"cost":11.02,"reverse_cost":-1,"capacity":1200,"reverse_capacity":-1,"x1":4.883347,"y1":52.374099,"x2":4.883358,"y2":52.374198},"geometry":{"type":"LineString","coordinates":[[4.883347,52.374099],[4.883351,52.374135],[4.883358,52.374198]]}},{"type":"Feature","properties":{"id":466,"source":402,"target":423,"cost":22.07,"reverse_cost":22.07,"capacity":1200,"reverse_capacity":1200,"x1":4.888148,"y1":52.374806,"x2":4.887853,"y2":52.374889},"geometry":{"type":"LineString","coordinates":[[4.888148,52.374806],[4.887853,52.374889]]}},{"type":"Feature","properties":{"id":467,"source":411,"target":543,"cost":5.54,"reverse_cost":5.54,"capacity":1200,"reverse_capacity":1200,"x1":4.887588,"y1":52.37471,"x2":4.887629,"y2":52.374753},"geometry":{"type":"LineString","coordinates":[[4.887588,52.37471],[4.887629,52.374753]]}},{"type":"Feature","properties":{"id":468,"source":544,"target":545,"cost":112.78,"reverse_cost":-1,"capacity":1200,"reverse_capacity":-1,"x1":4.889604,"y1":52.376915,"x2":4.888163,"y2":52.37742},"geometry":{"type":"LineString","coordinates":[[4.889604,52.376915],[4.888163,52.37742]]}},{"type":"Feature","properties":{"id":469,"source":400,"target":545,"cost":259.42,"reverse_cost":-1,"capacity":1200,"reverse_capacity":-1,"x1":4.886295,"y1":52.375385,"x2":4.888163,"y2":52.37742},"geometry":{"type":"LineString","coordinates":[[4.886295,52.375385],[4.888163,52.37742]]}},{"type":"Feature","properties":{"id":470,"source":546,"target":515,"cost":52.29,"reverse_cost":-1,"capacity":600,"reverse_capacity":-1,"x1":4.881963,"y1":52.37698,"x2":4.881691,"y2":52.37742},"geometry":{"type":"LineString","coordinates":[[4.881963,52.37698],[4.881691,52.37742]]}},{"type":"Feature","properties":{"id":471,"source":523,"target":535,"cost":67.65,"reverse_cost":-1,"capacity":1200,"reverse_capacity":-1,"x1":4.885128,"y1":52.37724,"x2":4.88464,"y2":52.37671},"geometry":{"type":"LineString","coordinates":[[4.885128,52.37724],[4.88464,52.37671]]}},{"type":"Feature","properties":{"id":472,"source":527,"target":547,"cost":156.64,"reverse_cost":-1,"capacity":1200,"reverse_capacity":-1,"x1":4.878115,"y1":52.375781,"x2":4.880292,"y2":52.376231},"geometry":{"type":"LineString","coordinates":[[4.878115,52.375781],[4.878156,52.375773],[4.880292,52.376231]]}},{"type":"Feature","properties":{"id":473,"source":547,"target":548,"cost":134.72,"reverse_cost":-1,"capacity":1200,"reverse_capacity":-1,"x1":4.880292,"y1":52.376231,"x2":4.882165,"y2":52.376632},"geometry":{"type":"LineString","coordinates":[[4.880292,52.376231],[4.882165,52.376632]]}},{"type":"Feature","properties":{"id":474,"source":548,"target":549,"cost":136.03,"reverse_cost":-1,"capacity":1200,"reverse_capacity":-1,"x1":4.882165,"y1":52.376632,"x2":4.884059,"y2":52.377032},"geometry":{"type":"LineString","coordinates":[[4.882165,52.376632],[4.883253,52.376861],[4.883507,52.376915],[4.883605,52.376936],[4.884059,52.377032]]}},{"type":"Feature","properties":{"id":475,"source":549,"target":523,"cost":76.39,"reverse_cost":-1,"capacity":1200,"reverse_capacity":-1,"x1":4.884059,"y1":52.377032,"x2":4.885128,"y2":52.37724},"geometry":{"type":"LineString","coordinates":[[4.884059,52.377032],[4.884385,52.3771],[4.885013,52.377233],[4.885128,52.37724]]}},{"type":"Feature","properties":{"id":476,"source":517,"target":549,"cost":39.82,"reverse_cost":-1,"capacity":1200,"reverse_capacity":-1,"x1":4.883862,"y1":52.377369,"x2":4.884059,"y2":52.377032},"geometry":{"type":"LineString","coordinates":[[4.883862,52.377369],[4.883906,52.377291],[4.884059,52.377032]]}},{"type":"Feature","properties":{"id":477,"source":549,"target":537,"cost":40.49,"reverse_cost":-1,"capacity":1200,"reverse_capacity":-1,"x1":4.884059,"y1":52.377032,"x2":4.884252,"y2":52.376687},"geometry":{"type":"LineString","coordinates":[[4.884059,52.377032],[4.884252,52.376687]]}},{"type":"Feature","properties":{"id":478,"source":522,"target":517,"cost":126.88,"reverse_cost":-1,"capacity":600,"reverse_capacity":-1,"x1":4.885627,"y1":52.377743,"x2":4.883862,"y2":52.377369},"geometry":{"type":"LineString","coordinates":[[4.885627,52.377743],[4.883862,52.377369]]}},{"type":"Feature","properties":{"id":479,"source":517,"target":546,"cost":135.95,"reverse_cost":-1,"capacity":600,"reverse_capacity":-1,"x1":4.883862,"y1":52.377369,"x2":4.881963,"y2":52.37698},"geometry":{"type":"LineString","coordinates":[[4.883862,52.377369],[4.883562,52.377307],[4.883423,52.377279],[4.88332,52.377258],[4.881963,52.37698]]}},{"type":"Feature","properties":{"id":480,"source":546,"target":550,"cost":135.47,"reverse_cost":-1,"capacity":600,"reverse_capacity":-1,"x1":4.881963,"y1":52.37698,"x2":4.880084,"y2":52.376569},"geometry":{"type":"LineString","coordinates":[[4.881963,52.37698],[4.880757,52.376716],[4.880084,52.376569]]}},{"type":"Feature","properties":{"id":481,"source":550,"target":528,"cost":120.78,"reverse_cost":-1,"capacity":600,"reverse_capacity":-1,"x1":4.880084,"y1":52.376569,"x2":4.878403,"y2":52.376233},"geometry":{"type":"LineString","coordinates":[[4.880084,52.376569],[4.87845,52.376223],[4.878403,52.376233]]}},{"type":"Feature","properties":{"id":482,"source":551,"target":544,"cost":280.3,"reverse_cost":-1,"capacity":1200,"reverse_capacity":-1,"x1":4.891617,"y1":52.379116,"x2":4.889604,"y2":52.376915},"geometry":{"type":"LineString","coordinates":[[4.891617,52.379116],[4.891252,52.378716],[4.889808,52.377139],[4.889604,52.376915]]}},{"type":"Feature","properties":{"id":483,"source":544,"target":424,"cost":257.14,"reverse_cost":-1,"capacity":1200,"reverse_capacity":-1,"x1":4.889604,"y1":52.376915,"x2":4.887755,"y2":52.374898},"geometry":{"type":"LineString","coordinates":[[4.889604,52.376915],[4.889103,52.376374],[4.888558,52.375785],[4.887937,52.375114],[4.887808,52.374974],[4.887755,52.374898]]}},{"type":"Feature","properties":{"id":484,"source":531,"target":552,"cost":259.54,"reverse_cost":-1,"capacity":1200,"reverse_capacity":-1,"x1":4.884582,"y1":52.375969,"x2":4.886427,"y2":52.378013},"geometry":{"type":"LineString","coordinates":[[4.884582,52.375969],[4.884664,52.376076],[4.886427,52.378013]]}},{"type":"Feature","properties":{"id":485,"source":553,"target":554,"cost":4.11,"reverse_cost":-1,"capacity":1200,"reverse_capacity":-1,"x1":4.886938,"y1":52.373468,"x2":4.886931,"y2":52.373432},"geometry":{"type":"LineString","coordinates":[[4.886938,52.373468],[4.886933,52.373443],[4.886931,52.373432]]}},{"type":"Feature","properties":{"id":486,"source":440,"target":555,"cost":4.77,"reverse_cost":4.77,"capacity":1200,"reverse_capacity":1200,"x1":4.883179,"y1":52.372406,"x2":4.883109,"y2":52.37241},"geometry":{"type":"LineString","coordinates":[[4.883179,52.372406],[4.883109,52.37241]]}},{"type":"Feature","properties":{"id":487,"source":340,"target":556,"cost":75.41,"reverse_cost":-1,"capacity":600,"reverse_capacity":-1,"x1":4.878846,"y1":52.372208,"x2":4.878424,"y2":52.372836},"geometry":{"type":"LineString","coordinates":[[4.878846,52.372208],[4.878496,52.372739],[4.878432,52.372825],[4.878424,52.372836]]}},{"type":"Feature","properties":{"id":488,"source":339,"target":436,"cost":57.87,"reverse_cost":-1,"capacity":1200,"reverse_capacity":-1,"x1":4.880615,"y1":52.372673,"x2":4.880949,"y2":52.372194},"geometry":{"type":"LineString","coordinates":[[4.880615,52.372673],[4.880949,52.372194]]}},{"type":"Feature","properties":{"id":489,"source":436,"target":459,"cost":66.63,"reverse_cost":-1,"capacity":1200,"reverse_capacity":-1,"x1":4.880949,"y1":52.372194,"x2":4.881334,"y2":52.371643},"geometry":{"type":"LineString","coordinates":[[4.880949,52.372194],[4.881334,52.371643]]}},{"type":"Feature","properties":{"id":490,"source":557,"target":490,"cost":166.0,"reverse_cost":-1,"capacity":1200,"reverse_capacity":-1,"x1":4.87701,"y1":52.373776,"x2":4.879316,"y2":52.374267},"geometry":{"type":"LineString","coordinates":[[4.87701,52.373776],[4.877057,52.373776],[4.877113,52.37378],[4.87767,52.3739],[4.87801,52.373976],[4.879316,52.374267]]}},{"type":"Feature","properties":{"id":491,"source":490,"target":558,"cost":137.51,"reverse_cost":-1,"capacity":1200,"reverse_capacity":-1,"x1":4.879316,"y1":52.374267,"x2":4.881208,"y2":52.374708},"geometry":{"type":"LineString","coordinates":[[4.879316,52.374267],[4.881208,52.374708]]}},{"type":"Feature","properties":{"id":492,"source":558,"target":426,"cost":142.29,"reverse_cost":-1,"capacity":1200,"reverse_capacity":-1,"x1":4.881208,"y1":52.374708,"x2":4.883175,"y2":52.37511},"geometry":{"type":"LineString","coordinates":[[4.881208,52.374708],[4.883063,52.375127],[4.883117,52.375126],[4.883175,52.37511]]}},{"type":"Feature","properties":{"id":493,"source":558,"target":331,"cost":61.14,"reverse_cost":-1,"capacity":1200,"reverse_capacity":-1,"x1":4.881208,"y1":52.374708,"x2":4.881528,"y2":52.374194},"geometry":{"type":"LineString","coordinates":[[4.881208,52.374708],[4.881528,52.374194]]}},{"type":"Feature","properties":{"id":494,"source":331,"target":559,"cost":60.29,"reverse_cost":-1,"capacity":1200,"reverse_capacity":-1,"x1":4.881528,"y1":52.374194,"x2":4.881847,"y2":52.373688},"geometry":{"type":"LineString","coordinates":[[4.881528,52.374194],[4.88179,52.373776],[4.881829,52.373713],[4.881838,52.3737],[4.881847,52.373688]]}},{"type":"Feature","properties":{"id":495,"source":560,"target":330,"cost":63.41,"reverse_cost":-1,"capacity":600,"reverse_capacity":-1,"x1":4.879967,"y1":52.373222,"x2":4.879626,"y2":52.373753},"geometry":{"type":"LineString","coordinates":[[4.879967,52.373222],[4.87996,52.373233],[4.879949,52.373254],[4.879626,52.373753]]}},{"type":"Feature","properties":{"id":496,"source":330,"target":490,"cost":60.95,"reverse_cost":-1,"capacity":600,"reverse_capacity":-1,"x1":4.879626,"y1":52.373753,"x2":4.879316,"y2":52.374267},"geometry":{"type":"LineString","coordinates":[[4.879626,52.373753],[4.879316,52.374267]]}},{"type":"Feature","properties":{"id":497,"source":411,"target":553,"cost":148.18,"reverse_cost":-1,"capacity":1200,"reverse_capacity":-1,"x1":4.887588,"y1":52.37471,"x2":4.886938,"y2":52.373468},"geometry":{"type":"LineString","coordinates":[[4.887588,52.37471],[4.887029,52.374084],[4.887009,52.374049],[4.886999,52.374008],[4.886959,52.373665],[4.88695,52.37358],[4.886942,52.373537],[4.886938,52.373468]]}},{"type":"Feature","properties":{"id":498,"source":561,"target":562,"cost":10.27,"reverse_cost":-1,"capacity":1200,"reverse_capacity":-1,"x1":4.88475,"y1":52.374156,"x2":4.884746,"y2":52.374063},"geometry":{"type":"LineString","coordinates":[[4.88475,52.374156],[4.884747,52.3741],[4.884746,52.374063]]}},{"type":"Feature","properties":{"id":499,"source":562,"target":563,"cost":12.47,"reverse_cost":-1,"capacity":1200,"reverse_capacity":-1,"x1":4.884746,"y1":52.374063,"x2":4.884741,"y2":52.373951},"geometry":{"type":"LineString","coordinates":[[4.884746,52.374063],[4.884744,52.374023],[4.884743,52.374012],[4.884742,52.374],[4.884741,52.373951]]}},{"type":"Feature","properties":{"id":500,"source":563,"target":415,"cost":7.42,"reverse_cost":-1,"capacity":1200,"reverse_capacity":-1,"x1":4.884741,"y1":52.373951,"x2":4.884735,"y2":52.373885},"geometry":{"type":"LineString","coordinates":[[4.884741,52.373951],[4.884735,52.373885]]}},{"type":"Feature","properties":{"id":501,"source":564,"target":565,"cost":98.09,"reverse_cost":-1,"capacity":1200,"reverse_capacity":-1,"x1":4.889852,"y1":52.375308,"x2":4.889049,"y2":52.374575},"geometry":{"type":"LineString","coordinates":[[4.889852,52.375308],[4.889169,52.374699],[4.889049,52.374575]]}},{"type":"Feature","properties":{"id":502,"source":537,"target":524,"cost":135.12,"reverse_cost":-1,"capacity":600,"reverse_capacity":-1,"x1":4.884252,"y1":52.376687,"x2":4.882371,"y2":52.376289},"geometry":{"type":"LineString","coordinates":[[4.884252,52.376687],[4.882371,52.376289]]}},{"type":"Feature","properties":{"id":503,"source":524,"target":548,"cost":40.6,"reverse_cost":-1,"capacity":600,"reverse_capacity":-1,"x1":4.882371,"y1":52.376289,"x2":4.882165,"y2":52.376632},"geometry":{"type":"LineString","coordinates":[[4.882371,52.376289],[4.882165,52.376632]]}},{"type":"Feature","properties":{"id":504,"source":550,"target":547,"cost":40.13,"reverse_cost":-1,"capacity":1200,"reverse_capacity":-1,"x1":4.880084,"y1":52.376569,"x2":4.880292,"y2":52.376231},"geometry":{"type":"LineString","coordinates":[[4.880084,52.376569],[4.880292,52.376231]]}},{"type":"Feature","properties":{"id":505,"source":547,"target":429,"cost":40.85,"reverse_cost":-1,"capacity":1200,"reverse_capacity":-1,"x1":4.880292,"y1":52.376231,"x2":4.880506,"y2":52.375888},"geometry":{"type":"LineString","coordinates":[[4.880292,52.376231],[4.880506,52.375888]]}},{"type":"Feature","properties":{"id":506,"source":396,"target":566,"cost":44.39,"reverse_cost":-1,"capacity":1200,"reverse_capacity":-1,"x1":4.884435,"y1":52.376482,"x2":4.884114,"y2":52.376134},"geometry":{"type":"LineString","coordinates":[[4.884435,52.376482],[4.884114,52.376134]]}},{"type":"Feature","properties":{"id":507,"source":566,"target":428,"cost":25.34,"reverse_cost":-1,"capacity":1200,"reverse_capacity":-1,"x1":4.884114,"y1":52.376134,"x2":4.883915,"y2":52.375941},"geometry":{"type":"LineString","coordinates":[[4.884114,52.376134],[4.883915,52.375941]]}},{"type":"Feature","properties":{"id":508,"source":428,"target":405,"cost":77.46,"reverse_cost":-1,"capacity":1200,"reverse_capacity":-1,"x1":4.883915,"y1":52.375941,"x2":4.883372,"y2":52.375328},"geometry":{"type":"LineString","coordinates":[[4.883915,52.375941],[4.883372,52.375328]]}},{"type":"Feature","properties":{"id":509,"source":545,"target":567,"cost":6.67,"reverse_cost":6.67,"capacity":1200,"reverse_capacity":1200,"x1":4.888163,"y1":52.37742,"x2":4.888078,"y2":52.37745},"geometry":{"type":"LineString","coordinates":[[4.888163,52.37742],[4.888078,52.37745]]}},{"type":"Feature","properties":{"id":510,"source":568,"target":339,"cost":72.91,"reverse_cost":-1,"capacity":600,"reverse_capacity":-1,"x1":4.880202,"y1":52.373278,"x2":4.880615,"y2":52.372673},"geometry":{"type":"LineString","coordinates":[[4.880202,52.373278],[4.880208,52.373268],[4.880615,52.372673]]}},{"type":"Feature","properties":{"id":511,"source":569,"target":295,"cost":52.37,"reverse_cost":52.37,"capacity":3000,"reverse_capacity":3000,"x1":4.878562,"y1":52.36459,"x2":4.878696,"y2":52.365053},"geometry":{"type":"LineString","coordinates":[[4.878562,52.36459],[4.878574,52.364647],[4.878591,52.36469],[4.878613,52.364748],[4.878651,52.364852],[4.878679,52.364952],[4.878696,52.365053]]}},{"type":"Feature","properties":{"id":512,"source":295,"target":570,"cost":68.66,"reverse_cost":68.66,"capacity":3000,"reverse_capacity":3000,"x1":4.878696,"y1":52.365053,"x2":4.87845,"y2":52.365648},"geometry":{"type":"LineString","coordinates":[[4.878696,52.365053],[4.878666,52.365224],[4.878635,52.365317],[4.878601,52.365401],[4.878565,52.365477],[4.878509,52.365564],[4.87845,52.365648]]}},{"type":"Feature","properties":{"id":513,"source":570,"target":499,"cost":63.48,"reverse_cost":63.48,"capacity":3000,"reverse_capacity":3000,"x1":4.87845,"y1":52.365648,"x2":4.877864,"y2":52.366089},"geometry":{"type":"LineString","coordinates":[[4.87845,52.365648],[4.878349,52.365753],[4.878284,52.365808],[4.878215,52.365866],[4.878034,52.36599],[4.878,52.366009],[4.877864,52.366089]]}},{"type":"Feature","properties":{"id":514,"source":499,"target":571,"cost":62.81,"reverse_cost":62.81,"capacity":3000,"reverse_capacity":3000,"x1":4.877864,"y1":52.366089,"x2":4.877261,"y2":52.366516},"geometry":{"type":"LineString","coordinates":[[4.877864,52.366089],[4.877698,52.366187],[4.87766,52.366208],[4.877512,52.366311],[4.877401,52.366398],[4.877261,52.366516]]}},{"type":"Feature","properties":{"id":515,"source":571,"target":572,"cost":3.32,"reverse_cost":3.32,"capacity":3000,"reverse_capacity":3000,"x1":4.877261,"y1":52.366516,"x2":4.877238,"y2":52.366542},"geometry":{"type":"LineString","coordinates":[[4.877261,52.366516],[4.877238,52.366542]]}},{"type":"Feature","properties":{"id":516,"source":570,"target":573,"cost":121.04,"reverse_cost":-1,"capacity":1200,"reverse_capacity":-1,"x1":4.87845,"y1":52.365648,"x2":4.87686,"y2":52.365157},"geometry":{"type":"LineString","coordinates":[[4.87845,52.365648],[4.878351,52.365619],[4.87826,52.365589],[4.87686,52.365157]]}},{"type":"Feature","properties":{"id":517,"source":573,"target":574,"cost":91.86,"reverse_cost":-1,"capacity":1200,"reverse_capacity":-1,"x1":4.87686,"y1":52.365157,"x2":4.875623,"y2":52.364822},"geometry":{"type":"LineString","coordinates":[[4.87686,52.365157],[4.875623,52.364822]]}},{"type":"Feature","properties":{"id":518,"source":574,"target":575,"cost":99.17,"reverse_cost":-1,"capacity":1200,"reverse_capacity":-1,"x1":4.875623,"y1":52.364822,"x2":4.874315,"y2":52.364425},"geometry":{"type":"LineString","coordinates":[[4.875623,52.364822],[4.874315,52.364425]]}},{"type":"Feature","properties":{"id":519,"source":576,"target":577,"cost":197.12,"reverse_cost":-1,"capacity":1200,"reverse_capacity":-1,"x1":4.873685,"y1":52.369615,"x2":4.874787,"y2":52.367975},"geometry":{"type":"LineString","coordinates":[[4.873685,52.369615],[4.873882,52.369304],[4.874778,52.367987],[4.874787,52.367975]]}},{"type":"Feature","properties":{"id":520,"source":578,"target":337,"cost":54.12,"reverse_cost":-1,"capacity":1200,"reverse_capacity":-1,"x1":4.874936,"y1":52.366206,"x2":4.874561,"y2":52.366628},"geometry":{"type":"LineString","coordinates":[[4.874936,52.366206],[4.874872,52.366229],[4.874561,52.366628]]}},{"type":"Feature","properties":{"id":521,"source":337,"target":579,"cost":131.63,"reverse_cost":-1,"capacity":1200,"reverse_capacity":-1,"x1":4.874561,"y1":52.366628,"x2":4.87383,"y2":52.367724},"geometry":{"type":"LineString","coordinates":[[4.874561,52.366628],[4.873837,52.367713],[4.87383,52.367724]]}},{"type":"Feature","properties":{"id":522,"source":580,"target":581,"cost":13.71,"reverse_cost":13.71,"capacity":1200,"reverse_capacity":1200,"x1":4.872078,"y1":52.369211,"x2":4.872264,"y2":52.369259},"geometry":{"type":"LineString","coordinates":[[4.872078,52.369211],[4.872264,52.369259]]}},{"type":"Feature","properties":{"id":523,"source":577,"target":336,"cost":130.29,"reverse_cost":-1,"capacity":1200,"reverse_capacity":-1,"x1":4.874787,"y1":52.367975,"x2":4.875569,"y2":52.366905},"geometry":{"type":"LineString","coordinates":[[4.874787,52.367975],[4.874795,52.367964],[4.875569,52.366905]]}},{"type":"Feature","properties":{"id":524,"source":582,"target":583,"cost":177.11,"reverse_cost":-1,"capacity":1000,"reverse_capacity":-1,"x1":4.873826,"y1":52.376146,"x2":4.874808,"y2":52.377619},"geometry":{"type":"LineString","coordinates":[[4.873826,52.376146],[4.873855,52.376208],[4.873881,52.376258],[4.874693,52.377501],[4.874721,52.377539],[4.874808,52.377619]]}},{"type":"Feature","properties":{"id":525,"source":584,"target":583,"cost":5.38,"reverse_cost":-1,"capacity":1200,"reverse_capacity":-1,"x1":4.874853,"y1":52.377579,"x2":4.874808,"y2":52.377619},"geometry":{"type":"LineString","coordinates":[[4.874853,52.377579],[4.874808,52.377619]]}},{"type":"Feature","properties":{"id":526,"source":585,"target":586,"cost":173.71,"reverse_cost":-1,"capacity":1200,"reverse_capacity":-1,"x1":4.874913,"y1":52.375896,"x2":4.875783,"y2":52.377365},"geometry":{"type":"LineString","coordinates":[[4.874913,52.375896],[4.875783,52.377365]]}},{"type":"Feature","properties":{"id":527,"source":586,"target":587,"cost":73.62,"reverse_cost":-1,"capacity":1200,"reverse_capacity":-1,"x1":4.875783,"y1":52.377365,"x2":4.876794,"y2":52.377125},"geometry":{"type":"LineString","coordinates":[[4.875783,52.377365],[4.876686,52.377151],[4.876794,52.377125]]}},{"type":"Feature","properties":{"id":528,"source":588,"target":589,"cost":190.79,"reverse_cost":-1,"capacity":1200,"reverse_capacity":-1,"x1":4.873926,"y1":52.37797,"x2":4.872878,"y2":52.376379},"geometry":{"type":"LineString","coordinates":[[4.873926,52.37797],[4.872878,52.376379]]}},{"type":"Feature","properties":{"id":529,"source":590,"target":582,"cost":11.81,"reverse_cost":11.81,"capacity":600,"reverse_capacity":600,"x1":4.873661,"y1":52.376181,"x2":4.873826,"y2":52.376146},"geometry":{"type":"LineString","coordinates":[[4.873661,52.376181],[4.87372,52.376168],[4.873738,52.376164],[4.873759,52.37616],[4.873826,52.376146]]}},{"type":"Feature","properties":{"id":530,"source":591,"target":582,"cost":164.97,"reverse_cost":-1,"capacity":1000,"reverse_capacity":-1,"x1":4.872977,"y1":52.374762,"x2":4.873826,"y2":52.376146},"geometry":{"type":"LineString","coordinates":[[4.872977,52.374762],[4.872987,52.374827],[4.872994,52.374848],[4.873012,52.374893],[4.873038,52.374957],[4.8736,52.375837],[4.873645,52.375901],[4.873693,52.375963],[4.873743,52.376012],[4.873759,52.376032],[4.873799,52.376085],[4.873807,52.376095],[4.873826,52.376146]]}},{"type":"Feature","properties":{"id":531,"source":592,"target":585,"cost":71.15,"reverse_cost":-1,"capacity":1200,"reverse_capacity":-1,"x1":4.875881,"y1":52.375651,"x2":4.874913,"y2":52.375896},"geometry":{"type":"LineString","coordinates":[[4.875881,52.375651],[4.875763,52.375679],[4.874913,52.375896]]}},{"type":"Feature","properties":{"id":532,"source":593,"target":342,"cost":37.87,"reverse_cost":-1,"capacity":1200,"reverse_capacity":-1,"x1":4.87673,"y1":52.374747,"x2":4.876212,"y2":52.374871},"geometry":{"type":"LineString","coordinates":[[4.87673,52.374747],[4.87672,52.374751],[4.876681,52.374762],[4.876607,52.374776],[4.876212,52.374871]]}},{"type":"Feature","properties":{"id":533,"source":594,"target":595,"cost":125.85,"reverse_cost":-1,"capacity":1200,"reverse_capacity":-1,"x1":4.875811,"y1":52.371372,"x2":4.874844,"y2":52.3719},"geometry":{"type":"LineString","coordinates":[[4.875811,52.371372],[4.8752,52.371213],[4.87516,52.371234],[4.874927,52.371692],[4.874877,52.3718],[4.874844,52.3719]]}},{"type":"Feature","properties":{"id":534,"source":596,"target":341,"cost":74.12,"reverse_cost":-1,"capacity":1200,"reverse_capacity":-1,"x1":4.876463,"y1":52.37227,"x2":4.876569,"y2":52.37163},"geometry":{"type":"LineString","coordinates":[[4.876463,52.37227],[4.876444,52.372147],[4.876379,52.37193],[4.876387,52.371898],[4.876569,52.37163]]}},{"type":"Feature","properties":{"id":535,"source":597,"target":598,"cost":53.46,"reverse_cost":-1,"capacity":600,"reverse_capacity":-1,"x1":4.872945,"y1":52.370459,"x2":4.87221,"y2":52.370287},"geometry":{"type":"LineString","coordinates":[[4.872945,52.370459],[4.87221,52.370287]]}},{"type":"Feature","properties":{"id":536,"source":599,"target":600,"cost":58.99,"reverse_cost":-1,"capacity":1200,"reverse_capacity":-1,"x1":4.874503,"y1":52.370827,"x2":4.873697,"y2":52.370629},"geometry":{"type":"LineString","coordinates":[[4.874503,52.370827],[4.874404,52.370803],[4.873697,52.370629]]}},{"type":"Feature","properties":{"id":537,"source":576,"target":601,"cost":80.22,"reverse_cost":-1,"capacity":1200,"reverse_capacity":-1,"x1":4.873685,"y1":52.369615,"x2":4.873424,"y2":52.370319},"geometry":{"type":"LineString","coordinates":[[4.873685,52.369615],[4.873424,52.370319]]}},{"type":"Feature","properties":{"id":538,"source":579,"target":602,"cost":198.92,"reverse_cost":-1,"capacity":1200,"reverse_capacity":-1,"x1":4.87383,"y1":52.367724,"x2":4.872677,"y2":52.369369},"geometry":{"type":"LineString","coordinates":[[4.87383,52.367724],[4.873823,52.367736],[4.873814,52.367751],[4.872677,52.369369]]}},{"type":"Feature","properties":{"id":539,"source":603,"target":594,"cost":21.34,"reverse_cost":-1,"capacity":1200,"reverse_capacity":-1,"x1":4.876101,"y1":52.371446,"x2":4.875811,"y2":52.371372},"geometry":{"type":"LineString","coordinates":[[4.876101,52.371446],[4.875811,52.371372]]}},{"type":"Feature","properties":{"id":540,"source":604,"target":605,"cost":86.83,"reverse_cost":-1,"capacity":1200,"reverse_capacity":-1,"x1":4.873319,"y1":52.370768,"x2":4.873212,"y2":52.371545},"geometry":{"type":"LineString","coordinates":[[4.873319,52.370768],[4.873232,52.371414],[4.873227,52.371517],[4.873212,52.371545]]}},{"type":"Feature","properties":{"id":541,"source":294,"target":573,"cost":58.58,"reverse_cost":-1,"capacity":1200,"reverse_capacity":-1,"x1":4.877231,"y1":52.364681,"x2":4.87686,"y2":52.365157},"geometry":{"type":"LineString","coordinates":[[4.877231,52.364681],[4.87686,52.365157]]}},{"type":"Feature","properties":{"id":542,"source":573,"target":606,"cost":64.68,"reverse_cost":-1,"capacity":1200,"reverse_capacity":-1,"x1":4.87686,"y1":52.365157,"x2":4.876419,"y2":52.365672},"geometry":{"type":"LineString","coordinates":[[4.87686,52.365157],[4.876419,52.365672]]}},{"type":"Feature","properties":{"id":543,"source":607,"target":608,"cost":64.67,"reverse_cost":-1,"capacity":800,"reverse_capacity":-1,"x1":4.874214,"y1":52.365976,"x2":4.873347,"y2":52.365735},"geometry":{"type":"LineString","coordinates":[[4.874214,52.365976],[4.873347,52.365735]]}},{"type":"Feature","properties":{"id":544,"source":609,"target":610,"cost":29.93,"reverse_cost":29.93,"capacity":1200,"reverse_capacity":1200,"x1":4.876815,"y1":52.373954,"x2":4.87638,"y2":52.373998},"geometry":{"type":"LineString","coordinates":[[4.876815,52.373954],[4.876796,52.373954],[4.876775,52.373955],[4.876733,52.37396],[4.876442,52.373991],[4.87638,52.373998]]}},{"type":"Feature","properties":{"id":545,"source":611,"target":612,"cost":5.0,"reverse_cost":-1,"capacity":600,"reverse_capacity":-1,"x1":4.876287,"y1":52.373722,"x2":4.876309,"y2":52.373765},"geometry":{"type":"LineString","coordinates":[[4.876287,52.373722],[4.876309,52.373765]]}},{"type":"Feature","properties":{"id":546,"source":613,"target":614,"cost":113.59,"reverse_cost":-1,"capacity":1200,"reverse_capacity":-1,"x1":4.871385,"y1":52.373901,"x2":4.872021,"y2":52.374846},"geometry":{"type":"LineString","coordinates":[[4.871385,52.373901],[4.871985,52.374781],[4.872021,52.374846]]}},{"type":"Feature","properties":{"id":547,"source":615,"target":616,"cost":9.75,"reverse_cost":-1,"capacity":1200,"reverse_capacity":-1,"x1":4.873388,"y1":52.365392,"x2":4.873519,"y2":52.365429},"geometry":{"type":"LineString","coordinates":[[4.873388,52.365392],[4.873426,52.365403],[4.873446,52.365409],[4.873463,52.365413],[4.873519,52.365429]]}},{"type":"Feature","properties":{"id":548,"source":616,"target":617,"cost":98.2,"reverse_cost":-1,"capacity":1200,"reverse_capacity":-1,"x1":4.873519,"y1":52.365429,"x2":4.874841,"y2":52.365786},"geometry":{"type":"LineString","coordinates":[[4.873519,52.365429],[4.873573,52.365444],[4.874841,52.365786]]}},{"type":"Feature","properties":{"id":549,"source":617,"target":571,"cost":183.22,"reverse_cost":-1,"capacity":1200,"reverse_capacity":-1,"x1":4.874841,"y1":52.365786,"x2":4.877261,"y2":52.366516},"geometry":{"type":"LineString","coordinates":[[4.874841,52.365786],[4.876021,52.366133],[4.876083,52.366152],[4.876145,52.366171],[4.877167,52.366483],[4.877261,52.366516]]}},{"type":"Feature","properties":{"id":550,"source":618,"target":619,"cost":63.29,"reverse_cost":-1,"capacity":600,"reverse_capacity":-1,"x1":4.873978,"y1":52.366472,"x2":4.87312,"y2":52.36625},"geometry":{"type":"LineString","coordinates":[[4.873978,52.366472],[4.87312,52.36625]]}},{"type":"Feature","properties":{"id":551,"source":619,"target":620,"cost":11.46,"reverse_cost":-1,"capacity":600,"reverse_capacity":-1,"x1":4.87312,"y1":52.36625,"x2":4.872968,"y2":52.366205},"geometry":{"type":"LineString","coordinates":[[4.87312,52.36625],[4.873042,52.366227],[4.872968,52.366205]]}},{"type":"Feature","properties":{"id":552,"source":608,"target":621,"cost":3.65,"reverse_cost":3.65,"capacity":1600,"reverse_capacity":1600,"x1":4.873347,"y1":52.365735,"x2":4.873298,"y2":52.365721},"geometry":{"type":"LineString","coordinates":[[4.873347,52.365735],[4.873298,52.365721]]}},{"type":"Feature","properties":{"id":553,"source":621,"target":622,"cost":9.72,"reverse_cost":9.72,"capacity":1600,"reverse_capacity":1600,"x1":4.873298,"y1":52.365721,"x2":4.873166,"y2":52.365688},"geometry":{"type":"LineString","coordinates":[[4.873298,52.365721],[4.873254,52.365709],[4.873235,52.365704],[4.87322,52.3657],[4.873166,52.365688]]}},{"type":"Feature","properties":{"id":554,"source":622,"target":623,"cost":3.88,"reverse_cost":3.88,"capacity":1600,"reverse_capacity":1600,"x1":4.873166,"y1":52.365688,"x2":4.873114,"y2":52.365673},"geometry":{"type":"LineString","coordinates":[[4.873166,52.365688],[4.873114,52.365673]]}},{"type":"Feature","properties":{"id":555,"source":617,"target":624,"cost":59.72,"reverse_cost":-1,"capacity":1200,"reverse_capacity":-1,"x1":4.874841,"y1":52.365786,"x2":4.875227,"y2":52.365304},"geometry":{"type":"LineString","coordinates":[[4.874841,52.365786],[4.875227,52.365304]]}},{"type":"Feature","properties":{"id":556,"source":624,"target":574,"cost":59.96,"reverse_cost":-1,"capacity":1200,"reverse_capacity":-1,"x1":4.875227,"y1":52.365304,"x2":4.875623,"y2":52.364822},"geometry":{"type":"LineString","coordinates":[[4.875227,52.365304],[4.875623,52.364822]]}},{"type":"Feature","properties":{"id":557,"source":574,"target":293,"cost":62.63,"reverse_cost":-1,"capacity":1200,"reverse_capacity":-1,"x1":4.875623,"y1":52.364822,"x2":4.875989,"y2":52.364305},"geometry":{"type":"LineString","coordinates":[[4.875623,52.364822],[4.875989,52.364305]]}},{"type":"Feature","properties":{"id":558,"source":293,"target":625,"cost":62.07,"reverse_cost":-1,"capacity":1200,"reverse_capacity":-1,"x1":4.875989,"y1":52.364305,"x2":4.876367,"y2":52.363799},"geometry":{"type":"LineString","coordinates":[[4.875989,52.364305],[4.876076,52.364191],[4.876093,52.364131],[4.876367,52.363799]]}},{"type":"Feature","properties":{"id":559,"source":499,"target":606,"cost":108.57,"reverse_cost":108.57,"capacity":1200,"reverse_capacity":1200,"x1":4.877864,"y1":52.366089,"x2":4.876419,"y2":52.365672},"geometry":{"type":"LineString","coordinates":[[4.877864,52.366089],[4.877763,52.366054],[4.877697,52.366034],[4.87766,52.366023],[4.877621,52.366012],[4.876419,52.365672]]}},{"type":"Feature","properties":{"id":560,"source":606,"target":624,"cost":90.73,"reverse_cost":90.73,"capacity":1200,"reverse_capacity":1200,"x1":4.876419,"y1":52.365672,"x2":4.875227,"y2":52.365304},"geometry":{"type":"LineString","coordinates":[[4.876419,52.365672],[4.875227,52.365304]]}},{"type":"Feature","properties":{"id":561,"source":624,"target":626,"cost":67.3,"reverse_cost":67.3,"capacity":1200,"reverse_capacity":1200,"x1":4.875227,"y1":52.365304,"x2":4.874326,"y2":52.365051},"geometry":{"type":"LineString","coordinates":[[4.875227,52.365304],[4.874326,52.365051]]}},{"type":"Feature","properties":{"id":562,"source":334,"target":578,"cost":70.73,"reverse_cost":-1,"capacity":1200,"reverse_capacity":-1,"x1":4.875875,"y1":52.366473,"x2":4.874936,"y2":52.366206},"geometry":{"type":"LineString","coordinates":[[4.875875,52.366473],[4.875036,52.366213],[4.874936,52.366206]]}},{"type":"Feature","properties":{"id":563,"source":585,"target":627,"cost":180.2,"reverse_cost":-1,"capacity":1200,"reverse_capacity":-1,"x1":4.874913,"y1":52.375896,"x2":4.873994,"y2":52.374376},"geometry":{"type":"LineString","coordinates":[[4.874913,52.375896],[4.874032,52.374436],[4.873994,52.374376]]}},{"type":"Feature","properties":{"id":564,"source":628,"target":629,"cost":243.31,"reverse_cost":-1,"capacity":1200,"reverse_capacity":-1,"x1":4.875018,"y1":52.373488,"x2":4.871618,"y2":52.372804},"geometry":{"type":"LineString","coordinates":[[4.875018,52.373488],[4.874946,52.373487],[4.874815,52.373463],[4.874082,52.373311],[4.872909,52.373068],[4.871695,52.372816],[4.871618,52.372804]]}},{"type":"Feature","properties":{"id":565,"source":629,"target":630,"cost":8.98,"reverse_cost":-1,"capacity":1200,"reverse_capacity":-1,"x1":4.871618,"y1":52.372804,"x2":4.87149,"y2":52.372783},"geometry":{"type":"LineString","coordinates":[[4.871618,52.372804],[4.871538,52.37279],[4.871513,52.372786],[4.87149,52.372783]]}},{"type":"Feature","properties":{"id":566,"source":631,"target":632,"cost":156.91,"reverse_cost":-1,"capacity":1200,"reverse_capacity":-1,"x1":4.872547,"y1":52.372566,"x2":4.871786,"y2":52.371261},"geometry":{"type":"LineString","coordinates":[[4.872547,52.372566],[4.872604,52.372481],[4.872324,52.372042],[4.87206,52.371627],[4.871893,52.371373],[4.871806,52.371279],[4.871786,52.371261]]}},{"type":"Feature","properties":{"id":567,"source":582,"target":585,"cost":78.89,"reverse_cost":-1,"capacity":1200,"reverse_capacity":-1,"x1":4.873826,"y1":52.376146,"x2":4.874913,"y2":52.375896},"geometry":{"type":"LineString","coordinates":[[4.873826,52.376146],[4.873894,52.376128],[4.874913,52.375896]]}},{"type":"Feature","properties":{"id":568,"source":633,"target":634,"cost":46.98,"reverse_cost":-1,"capacity":1200,"reverse_capacity":-1,"x1":4.872082,"y1":52.376563,"x2":4.872729,"y2":52.376414},"geometry":{"type":"LineString","coordinates":[[4.872082,52.376563],[4.872729,52.376414]]}},{"type":"Feature","properties":{"id":569,"source":589,"target":634,"cost":10.81,"reverse_cost":-1,"capacity":1200,"reverse_capacity":-1,"x1":4.872878,"y1":52.376379,"x2":4.872729,"y2":52.376414},"geometry":{"type":"LineString","coordinates":[[4.872878,52.376379],[4.872729,52.376414]]}},{"type":"Feature","properties":{"id":570,"source":634,"target":635,"cost":180.02,"reverse_cost":-1,"capacity":1200,"reverse_capacity":-1,"x1":4.872729,"y1":52.376414,"x2":4.871767,"y2":52.374905},"geometry":{"type":"LineString","coordinates":[[4.872729,52.376414],[4.871792,52.374944],[4.871767,52.374905]]}},{"type":"Feature","properties":{"id":571,"source":589,"target":590,"cost":57.57,"reverse_cost":-1,"capacity":1200,"reverse_capacity":-1,"x1":4.872878,"y1":52.376379,"x2":4.873661,"y2":52.376181},"geometry":{"type":"LineString","coordinates":[[4.872878,52.376379],[4.873563,52.376201],[4.873661,52.376181]]}},{"type":"Feature","properties":{"id":572,"source":557,"target":328,"cost":74.69,"reverse_cost":74.69,"capacity":600,"reverse_capacity":600,"x1":4.87701,"y1":52.373776,"x2":4.876775,"y2":52.373122},"geometry":{"type":"LineString","coordinates":[[4.87701,52.373776],[4.876971,52.373722],[4.876785,52.373181],[4.876775,52.373122]]}},{"type":"Feature","properties":{"id":573,"source":636,"target":637,"cost":21.92,"reverse_cost":-1,"capacity":1600,"reverse_capacity":-1,"x1":4.875431,"y1":52.37412,"x2":4.875116,"y2":52.374164},"geometry":{"type":"LineString","coordinates":[[4.875431,52.37412],[4.875304,52.374135],[4.875166,52.374156],[4.875116,52.374164]]}},{"type":"Feature","properties":{"id":574,"source":638,"target":636,"cost":10.68,"reverse_cost":-1,"capacity":1600,"reverse_capacity":-1,"x1":4.875585,"y1":52.374102,"x2":4.875431,"y2":52.37412},"geometry":{"type":"LineString","coordinates":[[4.875585,52.374102],[4.875431,52.37412]]}},{"type":"Feature","properties":{"id":575,"source":639,"target":640,"cost":12.84,"reverse_cost":-1,"capacity":800,"reverse_capacity":-1,"x1":4.876296,"y1":52.374021,"x2":4.876114,"y2":52.374054},"geometry":{"type":"LineString","coordinates":[[4.876296,52.374021],[4.876275,52.374026],[4.876235,52.374035],[4.876202,52.37404],[4.876114,52.374054]]}},{"type":"Feature","properties":{"id":576,"source":641,"target":642,"cost":7.52,"reverse_cost":-1,"capacity":600,"reverse_capacity":-1,"x1":4.872473,"y1":52.371373,"x2":4.872517,"y2":52.371435},"geometry":{"type":"LineString","coordinates":[[4.872473,52.371373],[4.872506,52.37142],[4.872517,52.371435]]}},{"type":"Feature","properties":{"id":577,"source":642,"target":643,"cost":11.67,"reverse_cost":-1,"capacity":600,"reverse_capacity":-1,"x1":4.872517,"y1":52.371435,"x2":4.872588,"y2":52.371531},"geometry":{"type":"LineString","coordinates":[[4.872517,52.371435],[4.87253,52.371451],[4.872588,52.371531]]}},{"type":"Feature","properties":{"id":578,"source":644,"target":645,"cost":24.79,"reverse_cost":-1,"capacity":1500,"reverse_capacity":-1,"x1":4.874963,"y1":52.37407,"x2":4.874982,"y2":52.373848},"geometry":{"type":"LineString","coordinates":[[4.874963,52.37407],[4.874972,52.373969],[4.874982,52.373848]]}},{"type":"Feature","properties":{"id":579,"source":646,"target":647,"cost":20.93,"reverse_cost":-1,"capacity":1200,"reverse_capacity":-1,"x1":4.875003,"y1":52.374183,"x2":4.874698,"y2":52.374196},"geometry":{"type":"LineString","coordinates":[[4.875003,52.374183],[4.874928,52.374196],[4.874865,52.374196],[4.874698,52.374196]]}},{"type":"Feature","properties":{"id":580,"source":648,"target":649,"cost":13.68,"reverse_cost":13.68,"capacity":3000,"reverse_capacity":3000,"x1":4.874918,"y1":52.37326,"x2":4.874974,"y2":52.373378},"geometry":{"type":"LineString","coordinates":[[4.874918,52.37326],[4.874974,52.373378]]}},{"type":"Feature","properties":{"id":581,"source":650,"target":646,"cost":43.18,"reverse_cost":-1,"capacity":1500,"reverse_capacity":-1,"x1":4.875191,"y1":52.37455,"x2":4.875003,"y2":52.374183},"geometry":{"type":"LineString","coordinates":[[4.875191,52.37455],[4.875126,52.37449],[4.875065,52.374332],[4.87505,52.374297],[4.875029,52.374246],[4.875018,52.374219],[4.875003,52.374183]]}},{"type":"Feature","properties":{"id":582,"source":646,"target":651,"cost":8.65,"reverse_cost":-1,"capacity":1500,"reverse_capacity":-1,"x1":4.875003,"y1":52.374183,"x2":4.874971,"y2":52.374108},"geometry":{"type":"LineString","coordinates":[[4.875003,52.374183],[4.874971,52.374108]]}},{"type":"Feature","properties":{"id":583,"source":652,"target":653,"cost":82.35,"reverse_cost":82.35,"capacity":4500,"reverse_capacity":4500,"x1":4.874088,"y1":52.371826,"x2":4.874101,"y2":52.372553},"geometry":{"type":"LineString","coordinates":[[4.874088,52.371826],[4.874069,52.371875],[4.87404,52.371944],[4.874025,52.371981],[4.873999,52.372103],[4.873996,52.372263],[4.874017,52.372366],[4.874101,52.372553]]}},{"type":"Feature","properties":{"id":584,"source":654,"target":655,"cost":111.1,"reverse_cost":-1,"capacity":600,"reverse_capacity":-1,"x1":4.87323,"y1":52.363008,"x2":4.874757,"y2":52.363367},"geometry":{"type":"LineString","coordinates":[[4.87323,52.363008],[4.874667,52.363344],[4.87471,52.363355],[4.874757,52.363367]]}},{"type":"Feature","properties":{"id":585,"source":656,"target":657,"cost":5.77,"reverse_cost":-1,"capacity":1200,"reverse_capacity":-1,"x1":4.878599,"y1":52.364389,"x2":4.878514,"y2":52.364388},"geometry":{"type":"LineString","coordinates":[[4.878599,52.364389],[4.878514,52.364388]]}},{"type":"Feature","properties":{"id":586,"source":657,"target":625,"cost":160.5,"reverse_cost":-1,"capacity":1200,"reverse_capacity":-1,"x1":4.878514,"y1":52.364388,"x2":4.876367,"y2":52.363799},"geometry":{"type":"LineString","coordinates":[[4.878514,52.364388],[4.87842,52.364385],[4.878329,52.36436],[4.877621,52.364164],[4.877565,52.364145],[4.877497,52.364112],[4.877453,52.364095],[4.876367,52.363799]]}},{"type":"Feature","properties":{"id":587,"source":625,"target":658,"cost":107.29,"reverse_cost":-1,"capacity":1200,"reverse_capacity":-1,"x1":4.876367,"y1":52.363799,"x2":4.874903,"y2":52.363445},"geometry":{"type":"LineString","coordinates":[[4.876367,52.363799],[4.876238,52.363783],[4.874968,52.363448],[4.874903,52.363445]]}},{"type":"Feature","properties":{"id":588,"source":659,"target":654,"cost":74.58,"reverse_cost":74.58,"capacity":1200,"reverse_capacity":1200,"x1":4.873616,"y1":52.36238,"x2":4.87323,"y2":52.363008},"geometry":{"type":"LineString","coordinates":[[4.873616,52.36238],[4.873596,52.362429],[4.873579,52.362456],[4.873563,52.362482],[4.873539,52.362519],[4.87323,52.363008]]}},{"type":"Feature","properties":{"id":589,"source":654,"target":660,"cost":50.15,"reverse_cost":50.15,"capacity":1200,"reverse_capacity":1200,"x1":4.87323,"y1":52.363008,"x2":4.872947,"y2":52.363425},"geometry":{"type":"LineString","coordinates":[[4.87323,52.363008],[4.872947,52.363425]]}},{"type":"Feature","properties":{"id":590,"source":660,"target":661,"cost":96.91,"reverse_cost":96.91,"capacity":1200,"reverse_capacity":1200,"x1":4.872947,"y1":52.363425,"x2":4.872413,"y2":52.364232},"geometry":{"type":"LineString","coordinates":[[4.872947,52.363425],[4.872899,52.363485],[4.872644,52.363904],[4.872444,52.364185],[4.872413,52.364232]]}},{"type":"Feature","properties":{"id":591,"source":661,"target":662,"cost":29.39,"reverse_cost":29.39,"capacity":1200,"reverse_capacity":1200,"x1":4.872413,"y1":52.364232,"x2":4.872243,"y2":52.364475},"geometry":{"type":"LineString","coordinates":[[4.872413,52.364232],[4.872276,52.364417],[4.872243,52.364475]]}},{"type":"Feature","properties":{"id":592,"source":662,"target":663,"cost":38.42,"reverse_cost":38.42,"capacity":1200,"reverse_capacity":1200,"x1":4.872243,"y1":52.364475,"x2":4.871993,"y2":52.364782},"geometry":{"type":"LineString","coordinates":[[4.872243,52.364475],[4.872094,52.364701],[4.87205,52.364742],[4.871993,52.364782]]}},{"type":"Feature","properties":{"id":593,"source":664,"target":654,"cost":374.47,"reverse_cost":-1,"capacity":1200,"reverse_capacity":-1,"x1":4.868161,"y1":52.361682,"x2":4.87323,"y2":52.363008},"geometry":{"type":"LineString","coordinates":[[4.868161,52.361682],[4.868284,52.361715],[4.869651,52.362067],[4.870171,52.362205],[4.870502,52.362293],[4.870771,52.36236],[4.871065,52.362435],[4.871447,52.362535],[4.87323,52.363008]]}},{"type":"Feature","properties":{"id":594,"source":665,"target":666,"cost":61.95,"reverse_cost":-1,"capacity":1200,"reverse_capacity":-1,"x1":4.87392,"y1":52.361737,"x2":4.873657,"y2":52.362266},"geometry":{"type":"LineString","coordinates":[[4.87392,52.361737],[4.873854,52.36199],[4.873729,52.362164],[4.8737,52.362204],[4.873683,52.362227],[4.873657,52.362266]]}},{"type":"Feature","properties":{"id":595,"source":667,"target":659,"cost":113.8,"reverse_cost":-1,"capacity":1200,"reverse_capacity":-1,"x1":4.875158,"y1":52.362781,"x2":4.873616,"y2":52.36238},"geometry":{"type":"LineString","coordinates":[[4.875158,52.362781],[4.875137,52.362776],[4.875125,52.362772],[4.874958,52.362728],[4.873913,52.36246],[4.873842,52.362443],[4.873744,52.362419],[4.873616,52.36238]]}},{"type":"Feature","properties":{"id":596,"source":659,"target":668,"cost":1238.7,"reverse_cost":-1,"capacity":1200,"reverse_capacity":-1,"x1":4.873616,"y1":52.36238,"x2":4.85675,"y2":52.358153},"geometry":{"type":"LineString","coordinates":[[4.873616,52.36238],[4.873438,52.36233],[4.873203,52.362259],[4.871602,52.361846],[4.869328,52.361259],[4.869287,52.361249],[4.867876,52.360881],[4.867768,52.360857],[4.865772,52.360412],[4.865718,52.3604],[4.865569,52.360361],[4.865522,52.360349],[4.865447,52.36033],[4.865305,52.360293],[4.863648,52.359892],[4.862232,52.359567],[4.862038,52.359535],[4.86185,52.359496],[4.861806,52.359482],[4.861549,52.359401],[4.861195,52.359316],[4.860315,52.359092],[4.860248,52.359074],[4.860123,52.359041],[4.860073,52.359028],[4.859922,52.358986],[4.859885,52.358976],[4.859748,52.358938],[4.858763,52.358659],[4.857264,52.358272],[4.857076,52.358231],[4.856826,52.358173],[4.85675,52.358153]]}},{"type":"Feature","properties":{"id":597,"source":666,"target":659,"cost":13.01,"reverse_cost":13.01,"capacity":1600,"reverse_capacity":1600,"x1":4.873657,"y1":52.362266,"x2":4.873616,"y2":52.36238},"geometry":{"type":"LineString","coordinates":[[4.873657,52.362266],[4.873641,52.362313],[4.873635,52.362328],[4.873631,52.362339],[4.873616,52.36238]]}},{"type":"Feature","properties":{"id":598,"source":669,"target":670,"cost":80.42,"reverse_cost":80.42,"capacity":1600,"reverse_capacity":1600,"x1":4.890125,"y1":52.381983,"x2":4.889516,"y2":52.381369},"geometry":{"type":"LineString","coordinates":[[4.890125,52.381983],[4.890035,52.381937],[4.890004,52.381917],[4.88998,52.381899],[4.889516,52.381369]]}},{"type":"Feature","properties":{"id":599,"source":671,"target":672,"cost":73.43,"reverse_cost":-1,"capacity":1200,"reverse_capacity":-1,"x1":4.889137,"y1":52.38158,"x2":4.889658,"y2":52.382158},"geometry":{"type":"LineString","coordinates":[[4.889137,52.38158],[4.889612,52.382088],[4.889658,52.382158]]}},{"type":"Feature","properties":{"id":600,"source":670,"target":673,"cost":137.55,"reverse_cost":-1,"capacity":800,"reverse_capacity":-1,"x1":4.889516,"y1":52.381369,"x2":4.891008,"y2":52.380532},"geometry":{"type":"LineString","coordinates":[[4.889516,52.381369],[4.89028,52.380938],[4.890923,52.38058],[4.891008,52.380532]]}},{"type":"Feature","properties":{"id":601,"source":673,"target":674,"cost":93.78,"reverse_cost":-1,"capacity":800,"reverse_capacity":-1,"x1":4.891008,"y1":52.380532,"x2":4.892277,"y2":52.380198},"geometry":{"type":"LineString","coordinates":[[4.891008,52.380532],[4.891728,52.380339],[4.89185,52.380307],[4.892277,52.380198]]}},{"type":"Feature","properties":{"id":602,"source":674,"target":675,"cost":39.66,"reverse_cost":-1,"capacity":800,"reverse_capacity":-1,"x1":4.892277,"y1":52.380198,"x2":4.892803,"y2":52.380045},"geometry":{"type":"LineString","coordinates":[[4.892277,52.380198],[4.89242,52.38016],[4.892633,52.380106],[4.892716,52.380079],[4.892729,52.380075],[4.892803,52.380045]]}},{"type":"Feature","properties":{"id":603,"source":675,"target":676,"cost":36.36,"reverse_cost":-1,"capacity":800,"reverse_capacity":-1,"x1":4.892803,"y1":52.380045,"x2":4.893194,"y2":52.379822},"geometry":{"type":"LineString","coordinates":[[4.892803,52.380045],[4.89312,52.379862],[4.893194,52.379822]]}},{"type":"Feature","properties":{"id":604,"source":676,"target":677,"cost":93.71,"reverse_cost":-1,"capacity":800,"reverse_capacity":-1,"x1":4.893194,"y1":52.379822,"x2":4.894192,"y2":52.379239},"geometry":{"type":"LineString","coordinates":[[4.893194,52.379822],[4.893744,52.379493],[4.894034,52.379326],[4.894192,52.379239]]}},{"type":"Feature","properties":{"id":605,"source":676,"target":678,"cost":74.88,"reverse_cost":-1,"capacity":1200,"reverse_capacity":-1,"x1":4.893194,"y1":52.379822,"x2":4.892664,"y2":52.379231},"geometry":{"type":"LineString","coordinates":[[4.893194,52.379822],[4.89287,52.379465],[4.892664,52.379231]]}},{"type":"Feature","properties":{"id":606,"source":679,"target":680,"cost":10.46,"reverse_cost":10.46,"capacity":1200,"reverse_capacity":1200,"x1":4.890058,"y1":52.37948,"x2":4.890132,"y2":52.379563},"geometry":{"type":"LineString","coordinates":[[4.890058,52.37948],[4.890132,52.379563]]}},{"type":"Feature","properties":{"id":607,"source":681,"target":682,"cost":10.98,"reverse_cost":-1,"capacity":1200,"reverse_capacity":-1,"x1":4.889522,"y1":52.37969,"x2":4.88966,"y2":52.379638},"geometry":{"type":"LineString","coordinates":[[4.889522,52.37969],[4.88966,52.379638]]}},{"type":"Feature","properties":{"id":608,"source":675,"target":683,"cost":89.15,"reverse_cost":-1,"capacity":1200,"reverse_capacity":-1,"x1":4.892803,"y1":52.380045,"x2":4.892161,"y2":52.379346},"geometry":{"type":"LineString","coordinates":[[4.892803,52.380045],[4.892161,52.379346]]}},{"type":"Feature","properties":{"id":609,"source":684,"target":673,"cost":77.48,"reverse_cost":-1,"capacity":1200,"reverse_capacity":-1,"x1":4.891552,"y1":52.381145,"x2":4.891008,"y2":52.380532},"geometry":{"type":"LineString","coordinates":[[4.891552,52.381145],[4.891008,52.380532]]}},{"type":"Feature","properties":{"id":610,"source":685,"target":684,"cost":140.9,"reverse_cost":-1,"capacity":1200,"reverse_capacity":-1,"x1":4.893174,"y1":52.380369,"x2":4.891552,"y2":52.381145},"geometry":{"type":"LineString","coordinates":[[4.893174,52.380369],[4.893112,52.38039],[4.892751,52.380492],[4.892725,52.380501],[4.892689,52.380518],[4.892651,52.380538],[4.891552,52.381145]]}},{"type":"Feature","properties":{"id":611,"source":679,"target":551,"cost":113.3,"reverse_cost":-1,"capacity":1200,"reverse_capacity":-1,"x1":4.890058,"y1":52.37948,"x2":4.891617,"y2":52.379116},"geometry":{"type":"LineString","coordinates":[[4.890058,52.37948],[4.890136,52.379462],[4.891536,52.379135],[4.891617,52.379116]]}},{"type":"Feature","properties":{"id":612,"source":686,"target":238,"cost":45.51,"reverse_cost":45.51,"capacity":1200,"reverse_capacity":1200,"x1":4.893585,"y1":52.378087,"x2":4.89422,"y2":52.378197},"geometry":{"type":"LineString","coordinates":[[4.893585,52.378087],[4.893739,52.378083],[4.89422,52.378197]]}},{"type":"Feature","properties":{"id":613,"source":674,"target":687,"cost":92.49,"reverse_cost":-1,"capacity":1200,"reverse_capacity":-1,"x1":4.892277,"y1":52.380198,"x2":4.891776,"y2":52.379429},"geometry":{"type":"LineString","coordinates":[[4.892277,52.380198],[4.892004,52.37975],[4.891775,52.379473],[4.891776,52.379429]]}},{"type":"Feature","properties":{"id":614,"source":688,"target":689,"cost":62.4,"reverse_cost":-1,"capacity":1200,"reverse_capacity":-1,"x1":4.894611,"y1":52.37959,"x2":4.89391,"y2":52.379952},"geometry":{"type":"LineString","coordinates":[[4.894611,52.37959],[4.894525,52.379628],[4.89436,52.379706],[4.89391,52.379952]]}},{"type":"Feature","properties":{"id":615,"source":685,"target":675,"cost":43.97,"reverse_cost":-1,"capacity":1200,"reverse_capacity":-1,"x1":4.893174,"y1":52.380369,"x2":4.892803,"y2":52.380045},"geometry":{"type":"LineString","coordinates":[[4.893174,52.380369],[4.892803,52.380045]]}},{"type":"Feature","properties":{"id":616,"source":690,"target":685,"cost":8.22,"reverse_cost":-1,"capacity":1200,"reverse_capacity":-1,"x1":4.893269,"y1":52.380324,"x2":4.893174,"y2":52.380369},"geometry":{"type":"LineString","coordinates":[[4.893269,52.380324],[4.893195,52.380361],[4.893174,52.380369]]}},{"type":"Feature","properties":{"id":617,"source":673,"target":691,"cost":98.06,"reverse_cost":-1,"capacity":1200,"reverse_capacity":-1,"x1":4.891008,"y1":52.380532,"x2":4.890305,"y2":52.379762},"geometry":{"type":"LineString","coordinates":[[4.891008,52.380532],[4.890305,52.379762]]}},{"type":"Feature","properties":{"id":618,"source":692,"target":693,"cost":18.19,"reverse_cost":-1,"capacity":1600,"reverse_capacity":-1,"x1":4.89702,"y1":52.381013,"x2":4.897091,"y2":52.380857},"geometry":{"type":"LineString","coordinates":[[4.89702,52.381013],[4.897022,52.380978],[4.897032,52.380947],[4.897057,52.380897],[4.897091,52.380857]]}},{"type":"Feature","properties":{"id":619,"source":694,"target":695,"cost":39.27,"reverse_cost":-1,"capacity":1200,"reverse_capacity":-1,"x1":4.894233,"y1":52.378663,"x2":4.894609,"y2":52.378929},"geometry":{"type":"LineString","coordinates":[[4.894233,52.378663],[4.894338,52.378749],[4.894406,52.378805],[4.89451,52.378874],[4.894609,52.378929]]}},{"type":"Feature","properties":{"id":620,"source":696,"target":697,"cost":6.4,"reverse_cost":6.4,"capacity":1200,"reverse_capacity":1200,"x1":4.893834,"y1":52.378947,"x2":4.893777,"y2":52.378902},"geometry":{"type":"LineString","coordinates":[[4.893834,52.378947],[4.893777,52.378902]]}},{"type":"Feature","properties":{"id":621,"source":698,"target":669,"cost":131.68,"reverse_cost":131.68,"capacity":1200,"reverse_capacity":1200,"x1":4.891604,"y1":52.381217,"x2":4.890125,"y2":52.381983},"geometry":{"type":"LineString","coordinates":[[4.891604,52.381217],[4.890705,52.381669],[4.890125,52.381983]]}},{"type":"Feature","properties":{"id":622,"source":229,"target":227,"cost":38.19,"reverse_cost":38.19,"capacity":1200,"reverse_capacity":1200,"x1":4.892226,"y1":52.379122,"x2":4.892758,"y2":52.37901},"geometry":{"type":"LineString","coordinates":[[4.892226,52.379122],[4.892278,52.379114],[4.892758,52.37901]]}},{"type":"Feature","properties":{"id":623,"source":699,"target":683,"cost":12.89,"reverse_cost":-1,"capacity":1200,"reverse_capacity":-1,"x1":4.892336,"y1":52.379301,"x2":4.892161,"y2":52.379346},"geometry":{"type":"LineString","coordinates":[[4.892336,52.379301],[4.892161,52.379346]]}},{"type":"Feature","properties":{"id":624,"source":677,"target":696,"cost":40.53,"reverse_cost":40.53,"capacity":1200,"reverse_capacity":1200,"x1":4.894192,"y1":52.379239,"x2":4.893834,"y2":52.378947},"geometry":{"type":"LineString","coordinates":[[4.894192,52.379239],[4.894127,52.379186],[4.893834,52.378947]]}},{"type":"Feature","properties":{"id":625,"source":551,"target":700,"cost":7.16,"reverse_cost":7.16,"capacity":1200,"reverse_capacity":1200,"x1":4.891617,"y1":52.379116,"x2":4.891658,"y2":52.379176},"geometry":{"type":"LineString","coordinates":[[4.891617,52.379116],[4.891658,52.379176]]}},{"type":"Feature","properties":{"id":626,"source":701,"target":702,"cost":33.89,"reverse_cost":-1,"capacity":1600,"reverse_capacity":-1,"x1":4.897946,"y1":52.379055,"x2":4.897731,"y2":52.378788},"geometry":{"type":"LineString","coordinates":[[4.897946,52.379055],[4.897919,52.378994],[4.897901,52.378925],[4.897731,52.378788]]}},{"type":"Feature","properties":{"id":627,"source":238,"target":694,"cost":51.79,"reverse_cost":-1,"capacity":1200,"reverse_capacity":-1,"x1":4.89422,"y1":52.378197,"x2":4.894233,"y2":52.378663},"geometry":{"type":"LineString","coordinates":[[4.89422,52.378197],[4.894227,52.378464],[4.894231,52.378578],[4.894232,52.378626],[4.894233,52.378663]]}},{"type":"Feature","properties":{"id":628,"source":703,"target":704,"cost":15.44,"reverse_cost":15.44,"capacity":1200,"reverse_capacity":1200,"x1":4.891637,"y1":52.381262,"x2":4.891735,"y2":52.381387},"geometry":{"type":"LineString","coordinates":[[4.891637,52.381262],[4.891696,52.381337],[4.891735,52.381387]]}},{"type":"Feature","properties":{"id":629,"source":704,"target":705,"cost":13.22,"reverse_cost":13.22,"capacity":1200,"reverse_capacity":1200,"x1":4.891735,"y1":52.381387,"x2":4.891829,"y2":52.381492},"geometry":{"type":"LineString","coordinates":[[4.891735,52.381387],[4.891769,52.381426],[4.891781,52.381439],[4.891794,52.381453],[4.891829,52.381492]]}},{"type":"Feature","properties":{"id":630,"source":706,"target":707,"cost":43.36,"reverse_cost":-1,"capacity":2000,"reverse_capacity":-1,"x1":4.894718,"y1":52.38016,"x2":4.894527,"y2":52.380515},"geometry":{"type":"LineString","coordinates":[[4.894718,52.38016],[4.894711,52.380237],[4.894701,52.380316],[4.894677,52.380388],[4.894657,52.380423],[4.894633,52.38045],[4.894605,52.380473],[4.894569,52.380495],[4.894527,52.380515]]}},{"type":"Feature","properties":{"id":631,"source":708,"target":709,"cost":63.76,"reverse_cost":-1,"capacity":2000,"reverse_capacity":-1,"x1":4.894418,"y1":52.380482,"x2":4.894543,"y2":52.379932},"geometry":{"type":"LineString","coordinates":[[4.894418,52.380482],[4.894448,52.380465],[4.894472,52.380448],[4.894491,52.380431],[4.894506,52.380412],[4.894521,52.380391],[4.894538,52.380363],[4.894546,52.380333],[4.894543,52.379962],[4.894543,52.379932]]}},{"type":"Feature","properties":{"id":632,"source":710,"target":704,"cost":116.75,"reverse_cost":-1,"capacity":2000,"reverse_capacity":-1,"x1":4.890375,"y1":52.382027,"x2":4.891735,"y2":52.381387},"geometry":{"type":"LineString","coordinates":[[4.890375,52.382027],[4.891175,52.381617],[4.89134,52.381542],[4.891466,52.381487],[4.891589,52.381438],[4.891735,52.381387]]}},{"type":"Feature","properties":{"id":633,"source":707,"target":711,"cost":79.43,"reverse_cost":-1,"capacity":2000,"reverse_capacity":-1,"x1":4.894527,"y1":52.380515,"x2":4.893548,"y2":52.380902},"geometry":{"type":"LineString","coordinates":[[4.894527,52.380515],[4.8939,52.380794],[4.893831,52.38082],[4.89375,52.380845],[4.893548,52.380902]]}},{"type":"Feature","properties":{"id":634,"source":712,"target":706,"cost":35.16,"reverse_cost":-1,"capacity":1200,"reverse_capacity":-1,"x1":4.895181,"y1":52.380112,"x2":4.894718,"y2":52.38016},"geometry":{"type":"LineString","coordinates":[[4.895181,52.380112],[4.895061,52.380085],[4.894994,52.380078],[4.894926,52.38008],[4.894868,52.380087],[4.894812,52.380104],[4.894771,52.380122],[4.894718,52.38016]]}},{"type":"Feature","properties":{"id":635,"source":713,"target":714,"cost":6.53,"reverse_cost":-1,"capacity":2000,"reverse_capacity":-1,"x1":4.894841,"y1":52.379717,"x2":4.894795,"y2":52.379769},"geometry":{"type":"LineString","coordinates":[[4.894841,52.379717],[4.894795,52.379769]]}},{"type":"Feature","properties":{"id":636,"source":715,"target":716,"cost":20.09,"reverse_cost":-1,"capacity":2000,"reverse_capacity":-1,"x1":4.895202,"y1":52.37938,"x2":4.895432,"y2":52.379266},"geometry":{"type":"LineString","coordinates":[[4.895202,52.37938],[4.895312,52.379326],[4.895432,52.379266]]}},{"type":"Feature","properties":{"id":637,"source":717,"target":718,"cost":9.87,"reverse_cost":-1,"capacity":2000,"reverse_capacity":-1,"x1":4.89471,"y1":52.37964,"x2":4.894817,"y2":52.379579},"geometry":{"type":"LineString","coordinates":[[4.89471,52.37964],[4.894817,52.379579]]}},{"type":"Feature","properties":{"id":638,"source":719,"target":720,"cost":32.26,"reverse_cost":-1,"capacity":2000,"reverse_capacity":-1,"x1":4.895279,"y1":52.379439,"x2":4.894963,"y2":52.379656},"geometry":{"type":"LineString","coordinates":[[4.895279,52.379439],[4.895205,52.379496],[4.895109,52.379563],[4.895027,52.379618],[4.894963,52.379656]]}},{"type":"Feature","properties":{"id":639,"source":721,"target":722,"cost":26.55,"reverse_cost":-1,"capacity":3000,"reverse_capacity":-1,"x1":4.896558,"y1":52.381437,"x2":4.896299,"y2":52.381616},"geometry":{"type":"LineString","coordinates":[[4.896558,52.381437],[4.896299,52.381616]]}},{"type":"Feature","properties":{"id":640,"source":723,"target":724,"cost":4.59,"reverse_cost":-1,"capacity":4500,"reverse_capacity":-1,"x1":4.896242,"y1":52.381495,"x2":4.896287,"y2":52.381464},"geometry":{"type":"LineString","coordinates":[[4.896242,52.381495],[4.896287,52.381464]]}},{"type":"Feature","properties":{"id":641,"source":725,"target":726,"cost":188.53,"reverse_cost":-1,"capacity":1500,"reverse_capacity":-1,"x1":4.896256,"y1":52.381648,"x2":4.894341,"y2":52.382859},"geometry":{"type":"LineString","coordinates":[[4.896256,52.381648],[4.896233,52.381663],[4.89531,52.38232],[4.894997,52.382536],[4.894806,52.382661],[4.894737,52.382705],[4.894664,52.382748],[4.894615,52.382773],[4.894567,52.382792],[4.894505,52.382814],[4.894427,52.382838],[4.894341,52.382859]]}},{"type":"Feature","properties":{"id":642,"source":727,"target":728,"cost":228.25,"reverse_cost":-1,"capacity":1500,"reverse_capacity":-1,"x1":4.893181,"y1":52.383015,"x2":4.895714,"y2":52.381908},"geometry":{"type":"LineString","coordinates":[[4.893181,52.383015],[4.893196,52.382984],[4.893215,52.382948],[4.893232,52.382923],[4.893256,52.382897],[4.893279,52.382876],[4.893301,52.382858],[4.893347,52.382845],[4.893393,52.382832],[4.893441,52.382829],[4.893503,52.382826],[4.893639,52.382824],[4.893895,52.382832],[4.894083,52.382829],[4.894296,52.382805],[4.894535,52.382738],[4.894708,52.382646],[4.895056,52.382395],[4.89516,52.382326],[4.895179,52.382312],[4.895535,52.382072],[4.895714,52.381908]]}},{"type":"Feature","properties":{"id":643,"source":729,"target":730,"cost":13.43,"reverse_cost":-1,"capacity":3000,"reverse_capacity":-1,"x1":4.89648,"y1":52.38133,"x2":4.89662,"y2":52.381244},"geometry":{"type":"LineString","coordinates":[[4.89648,52.38133],[4.896542,52.381292],[4.89662,52.381244]]}},{"type":"Feature","properties":{"id":644,"source":716,"target":731,"cost":123.71,"reverse_cost":123.71,"capacity":2000,"reverse_capacity":2000,"x1":4.895432,"y1":52.379266,"x2":4.896782,"y2":52.378519},"geometry":{"type":"LineString","coordinates":[[4.895432,52.379266],[4.895533,52.379213],[4.895714,52.379115],[4.896469,52.378706],[4.896609,52.378628],[4.896614,52.378625],[4.896713,52.378565],[4.896782,52.378519]]}},{"type":"Feature","properties":{"id":645,"source":732,"target":733,"cost":59.23,"reverse_cost":-1,"capacity":1200,"reverse_capacity":-1,"x1":4.886438,"y1":52.378946,"x2":4.886194,"y2":52.379457},"geometry":{"type":"LineString","coordinates":[[4.886438,52.378946],[4.886194,52.379457]]}},{"type":"Feature","properties":{"id":646,"source":734,"target":735,"cost":106.84,"reverse_cost":-1,"capacity":1200,"reverse_capacity":-1,"x1":4.886053,"y1":52.37981,"x2":4.884546,"y2":52.379532},"geometry":{"type":"LineString","coordinates":[[4.886053,52.37981],[4.884546,52.379532]]}},{"type":"Feature","properties":{"id":647,"source":735,"target":736,"cost":121.44,"reverse_cost":-1,"capacity":1200,"reverse_capacity":-1,"x1":4.884546,"y1":52.379532,"x2":4.88282,"y2":52.379244},"geometry":{"type":"LineString","coordinates":[[4.884546,52.379532],[4.88282,52.379244]]}},{"type":"Feature","properties":{"id":648,"source":737,"target":736,"cost":68.56,"reverse_cost":-1,"capacity":1200,"reverse_capacity":-1,"x1":4.88257,"y1":52.379841,"x2":4.88282,"y2":52.379244},"geometry":{"type":"LineString","coordinates":[[4.88257,52.379841],[4.88282,52.379244]]}},{"type":"Feature","properties":{"id":649,"source":738,"target":739,"cost":358.96,"reverse_cost":-1,"capacity":1200,"reverse_capacity":-1,"x1":4.878522,"y1":52.378568,"x2":4.880802,"y2":52.381097},"geometry":{"type":"LineString","coordinates":[[4.878522,52.378568],[4.878762,52.378954],[4.879279,52.379774],[4.880189,52.381203],[4.880225,52.38122],[4.880272,52.381223],[4.880318,52.381214],[4.880702,52.381121],[4.880779,52.381102],[4.880802,52.381097]]}},{"type":"Feature","properties":{"id":650,"source":681,"target":740,"cost":265.37,"reverse_cost":-1,"capacity":1200,"reverse_capacity":-1,"x1":4.889522,"y1":52.37969,"x2":4.887651,"y2":52.377594},"geometry":{"type":"LineString","coordinates":[[4.889522,52.37969],[4.888331,52.378355],[4.887781,52.377739],[4.887651,52.377594]]}},{"type":"Feature","properties":{"id":651,"source":740,"target":533,"cost":259.57,"reverse_cost":-1,"capacity":1200,"reverse_capacity":-1,"x1":4.887651,"y1":52.377594,"x2":4.885785,"y2":52.375557},"geometry":{"type":"LineString","coordinates":[[4.887651,52.377594],[4.887084,52.376975],[4.886513,52.376352],[4.885968,52.375757],[4.885785,52.375557]]}},{"type":"Feature","properties":{"id":652,"source":741,"target":742,"cost":122.44,"reverse_cost":-1,"capacity":2000,"reverse_capacity":-1,"x1":4.872752,"y1":52.379078,"x2":4.871665,"y2":52.379853},"geometry":{"type":"LineString","coordinates":[[4.872752,52.379078],[4.871909,52.379375],[4.871829,52.379441],[4.871784,52.379508],[4.871723,52.379685],[4.871687,52.37979],[4.871665,52.379853]]}},{"type":"Feature","properties":{"id":653,"source":743,"target":744,"cost":93.01,"reverse_cost":-1,"capacity":1200,"reverse_capacity":-1,"x1":4.873811,"y1":52.379581,"x2":4.875092,"y2":52.379284},"geometry":{"type":"LineString","coordinates":[[4.873811,52.379581],[4.875092,52.379284]]}},{"type":"Feature","properties":{"id":654,"source":745,"target":744,"cost":42.39,"reverse_cost":-1,"capacity":1200,"reverse_capacity":-1,"x1":4.875521,"y1":52.37954,"x2":4.875092,"y2":52.379284},"geometry":{"type":"LineString","coordinates":[[4.875521,52.37954],[4.875391,52.379511],[4.875299,52.37947],[4.875242,52.379434],[4.875156,52.379367],[4.875092,52.379284]]}},{"type":"Feature","properties":{"id":655,"source":744,"target":746,"cost":32.29,"reverse_cost":-1,"capacity":1200,"reverse_capacity":-1,"x1":4.875092,"y1":52.379284,"x2":4.875114,"y2":52.378999},"geometry":{"type":"LineString","coordinates":[[4.875092,52.379284],[4.875063,52.379193],[4.875068,52.379114],[4.875086,52.379056],[4.875114,52.378999]]}},{"type":"Feature","properties":{"id":656,"source":747,"target":748,"cost":90.66,"reverse_cost":-1,"capacity":1200,"reverse_capacity":-1,"x1":4.880886,"y1":52.378801,"x2":4.880523,"y2":52.379586},"geometry":{"type":"LineString","coordinates":[[4.880886,52.378801],[4.880523,52.379586]]}},{"type":"Feature","properties":{"id":657,"source":733,"target":749,"cost":106.58,"reverse_cost":-1,"capacity":1200,"reverse_capacity":-1,"x1":4.886194,"y1":52.379457,"x2":4.884691,"y2":52.379181},"geometry":{"type":"LineString","coordinates":[[4.886194,52.379457],[4.884691,52.379181]]}},{"type":"Feature","properties":{"id":658,"source":749,"target":750,"cost":119.59,"reverse_cost":-1,"capacity":1200,"reverse_capacity":-1,"x1":4.884691,"y1":52.379181,"x2":4.882999,"y2":52.378882},"geometry":{"type":"LineString","coordinates":[[4.884691,52.379181],[4.88453,52.379152],[4.882999,52.378882]]}},{"type":"Feature","properties":{"id":659,"source":751,"target":752,"cost":119.99,"reverse_cost":-1,"capacity":1200,"reverse_capacity":-1,"x1":4.878473,"y1":52.379963,"x2":4.876878,"y2":52.379692},"geometry":{"type":"LineString","coordinates":[[4.878473,52.379963],[4.878357,52.379986],[4.878211,52.380012],[4.878039,52.380035],[4.877856,52.380039],[4.877728,52.380013],[4.877587,52.379967],[4.877583,52.379965],[4.877076,52.379766],[4.876878,52.379692]]}},{"type":"Feature","properties":{"id":660,"source":752,"target":745,"cost":105.52,"reverse_cost":-1,"capacity":1200,"reverse_capacity":-1,"x1":4.876878,"y1":52.379692,"x2":4.875521,"y2":52.37954},"geometry":{"type":"LineString","coordinates":[[4.876878,52.379692],[4.876246,52.379425],[4.876209,52.37942],[4.876119,52.379464],[4.875997,52.379509],[4.875886,52.379536],[4.87575,52.379553],[4.875638,52.379555],[4.875521,52.37954]]}},{"type":"Feature","properties":{"id":661,"source":753,"target":754,"cost":204.21,"reverse_cost":-1,"capacity":1200,"reverse_capacity":-1,"x1":4.881372,"y1":52.381997,"x2":4.881586,"y2":52.383505},"geometry":{"type":"LineString","coordinates":[[4.881372,52.381997],[4.881348,52.382003],[4.881276,52.382019],[4.881241,52.382026],[4.881053,52.382065],[4.880838,52.382117],[4.880827,52.382123],[4.8808,52.382139],[4.880779,52.382176],[4.880787,52.382212],[4.881058,52.382651],[4.881586,52.383505]]}},{"type":"Feature","properties":{"id":662,"source":755,"target":756,"cost":142.02,"reverse_cost":-1,"capacity":1200,"reverse_capacity":-1,"x1":4.881627,"y1":52.381325,"x2":4.883664,"y2":52.381616},"geometry":{"type":"LineString","coordinates":[[4.881627,52.381325],[4.883664,52.381616]]}},{"type":"Feature","properties":{"id":663,"source":756,"target":757,"cost":131.38,"reverse_cost":-1,"capacity":1200,"reverse_capacity":-1,"x1":4.883664,"y1":52.381616,"x2":4.885532,"y2":52.381921},"geometry":{"type":"LineString","coordinates":[[4.883664,52.381616],[4.885457,52.381897],[4.885532,52.381921]]}},{"type":"Feature","properties":{"id":664,"source":758,"target":756,"cost":55.3,"reverse_cost":-1,"capacity":1200,"reverse_capacity":-1,"x1":4.88386,"y1":52.381134,"x2":4.883664,"y2":52.381616},"geometry":{"type":"LineString","coordinates":[[4.88386,52.381134],[4.883664,52.381616]]}},{"type":"Feature","properties":{"id":665,"source":756,"target":759,"cost":43.9,"reverse_cost":-1,"capacity":1200,"reverse_capacity":-1,"x1":4.883664,"y1":52.381616,"x2":4.883508,"y2":52.382},"geometry":{"type":"LineString","coordinates":[[4.883664,52.381616],[4.883508,52.382]]}},{"type":"Feature","properties":{"id":666,"source":760,"target":670,"cost":9.95,"reverse_cost":-1,"capacity":1600,"reverse_capacity":-1,"x1":4.889409,"y1":52.381431,"x2":4.889516,"y2":52.381369},"geometry":{"type":"LineString","coordinates":[[4.889409,52.381431],[4.889516,52.381369]]}},{"type":"Feature","properties":{"id":667,"source":761,"target":671,"cost":47.84,"reverse_cost":47.84,"capacity":1200,"reverse_capacity":1200,"x1":4.888801,"y1":52.381202,"x2":4.889137,"y2":52.38158},"geometry":{"type":"LineString","coordinates":[[4.888801,52.381202],[4.889137,52.38158]]}},{"type":"Feature","properties":{"id":668,"source":762,"target":763,"cost":164.64,"reverse_cost":-1,"capacity":1200,"reverse_capacity":-1,"x1":4.882959,"y1":52.383361,"x2":4.884745,"y2":52.382363},"geometry":{"type":"LineString","coordinates":[[4.882959,52.383361],[4.883013,52.38335],[4.883784,52.382909],[4.884661,52.382411],[4.884745,52.382363]]}},{"type":"Feature","properties":{"id":669,"source":763,"target":764,"cost":17.88,"reverse_cost":-1,"capacity":1200,"reverse_capacity":-1,"x1":4.884745,"y1":52.382363,"x2":4.884936,"y2":52.382252},"geometry":{"type":"LineString","coordinates":[[4.884745,52.382363],[4.884936,52.382252]]}},{"type":"Feature","properties":{"id":670,"source":764,"target":757,"cost":54.73,"reverse_cost":-1,"capacity":1200,"reverse_capacity":-1,"x1":4.884936,"y1":52.382252,"x2":4.885532,"y2":52.381921},"geometry":{"type":"LineString","coordinates":[[4.884936,52.382252],[4.885532,52.381921]]}},{"type":"Feature","properties":{"id":671,"source":757,"target":765,"cost":57.27,"reverse_cost":-1,"capacity":1200,"reverse_capacity":-1,"x1":4.885532,"y1":52.381921,"x2":4.886161,"y2":52.381578},"geometry":{"type":"LineString","coordinates":[[4.885532,52.381921],[4.885938,52.381692],[4.885988,52.381665],[4.886161,52.381578]]}},{"type":"Feature","properties":{"id":672,"source":766,"target":758,"cost":179.73,"reverse_cost":179.73,"capacity":1200,"reverse_capacity":1200,"x1":4.881284,"y1":52.38076,"x2":4.88386,"y2":52.381134},"geometry":{"type":"LineString","coordinates":[[4.881284,52.38076],[4.881446,52.380776],[4.881877,52.380836],[4.88386,52.381134]]}},{"type":"Feature","properties":{"id":673,"source":758,"target":767,"cost":107.26,"reverse_cost":107.26,"capacity":1200,"reverse_capacity":1200,"x1":4.88386,"y1":52.381134,"x2":4.885394,"y2":52.381364},"geometry":{"type":"LineString","coordinates":[[4.88386,52.381134],[4.885394,52.381364]]}},{"type":"Feature","properties":{"id":674,"source":767,"target":768,"cost":61.56,"reverse_cost":61.56,"capacity":1200,"reverse_capacity":1200,"x1":4.885394,"y1":52.381364,"x2":4.88625,"y2":52.38153},"geometry":{"type":"LineString","coordinates":[[4.885394,52.381364],[4.886157,52.381485],[4.88625,52.38153]]}},{"type":"Feature","properties":{"id":675,"source":769,"target":770,"cost":21.81,"reverse_cost":21.81,"capacity":1200,"reverse_capacity":1200,"x1":4.876135,"y1":52.381355,"x2":4.876005,"y2":52.381534},"geometry":{"type":"LineString","coordinates":[[4.876135,52.381355],[4.876005,52.381534]]}},{"type":"Feature","properties":{"id":676,"source":770,"target":771,"cost":16.03,"reverse_cost":16.03,"capacity":1200,"reverse_capacity":1200,"x1":4.876005,"y1":52.381534,"x2":4.875914,"y2":52.381667},"geometry":{"type":"LineString","coordinates":[[4.876005,52.381534],[4.875914,52.381667]]}},{"type":"Feature","properties":{"id":677,"source":772,"target":670,"cost":106.95,"reverse_cost":-1,"capacity":1200,"reverse_capacity":-1,"x1":4.888756,"y1":52.38053,"x2":4.889516,"y2":52.381369},"geometry":{"type":"LineString","coordinates":[[4.888756,52.38053],[4.888778,52.380589],[4.888898,52.380725],[4.889317,52.381178],[4.889405,52.381249],[4.889516,52.381369]]}},{"type":"Feature","properties":{"id":678,"source":773,"target":770,"cost":181.17,"reverse_cost":181.17,"capacity":1200,"reverse_capacity":1200,"x1":4.877851,"y1":52.382711,"x2":4.876005,"y2":52.381534},"geometry":{"type":"LineString","coordinates":[[4.877851,52.382711],[4.877837,52.382702],[4.877285,52.38235],[4.876005,52.381534]]}},{"type":"Feature","properties":{"id":679,"source":774,"target":775,"cost":87.76,"reverse_cost":87.76,"capacity":1200,"reverse_capacity":1200,"x1":4.87472,"y1":52.38151,"x2":4.875645,"y2":52.382062},"geometry":{"type":"LineString","coordinates":[[4.87472,52.38151],[4.874953,52.381649],[4.875208,52.381801],[4.875645,52.382062]]}},{"type":"Feature","properties":{"id":680,"source":775,"target":776,"cost":160.22,"reverse_cost":160.22,"capacity":1200,"reverse_capacity":1200,"x1":4.875645,"y1":52.382062,"x2":4.87728,"y2":52.3831},"geometry":{"type":"LineString","coordinates":[[4.875645,52.382062],[4.876469,52.382589],[4.876684,52.382726],[4.877212,52.383049],[4.877229,52.383061],[4.87724,52.38307],[4.877254,52.38308],[4.87728,52.3831]]}},{"type":"Feature","properties":{"id":681,"source":777,"target":759,"cost":111.05,"reverse_cost":-1,"capacity":1200,"reverse_capacity":-1,"x1":4.881916,"y1":52.381767,"x2":4.883508,"y2":52.382},"geometry":{"type":"LineString","coordinates":[[4.881916,52.381767],[4.883508,52.382]]}},{"type":"Feature","properties":{"id":682,"source":759,"target":764,"cost":101.68,"reverse_cost":-1,"capacity":1200,"reverse_capacity":-1,"x1":4.883508,"y1":52.382,"x2":4.884936,"y2":52.382252},"geometry":{"type":"LineString","coordinates":[[4.883508,52.382],[4.884808,52.382194],[4.884936,52.382252]]}},{"type":"Feature","properties":{"id":683,"source":765,"target":778,"cost":8.19,"reverse_cost":8.19,"capacity":1200,"reverse_capacity":1200,"x1":4.886161,"y1":52.381578,"x2":4.886243,"y2":52.381631},"geometry":{"type":"LineString","coordinates":[[4.886161,52.381578],[4.886243,52.381631]]}},{"type":"Feature","properties":{"id":684,"source":779,"target":780,"cost":54.97,"reverse_cost":-1,"capacity":1200,"reverse_capacity":-1,"x1":4.886512,"y1":52.3818,"x2":4.887057,"y2":52.382166},"geometry":{"type":"LineString","coordinates":[[4.886512,52.3818],[4.887057,52.382166]]}},{"type":"Feature","properties":{"id":685,"source":780,"target":781,"cost":47.97,"reverse_cost":-1,"capacity":1200,"reverse_capacity":-1,"x1":4.887057,"y1":52.382166,"x2":4.88754,"y2":52.382481},"geometry":{"type":"LineString","coordinates":[[4.887057,52.382166],[4.88754,52.382481]]}},{"type":"Feature","properties":{"id":686,"source":769,"target":782,"cost":206.51,"reverse_cost":-1,"capacity":1200,"reverse_capacity":-1,"x1":4.876135,"y1":52.381355,"x2":4.87896,"y2":52.38204},"geometry":{"type":"LineString","coordinates":[[4.876135,52.381355],[4.877079,52.381577],[4.877947,52.38178],[4.878819,52.381985],[4.878941,52.382033],[4.87896,52.38204]]}},{"type":"Feature","properties":{"id":687,"source":761,"target":783,"cost":51.56,"reverse_cost":-1,"capacity":1200,"reverse_capacity":-1,"x1":4.888801,"y1":52.381202,"x2":4.888438,"y2":52.380794},"geometry":{"type":"LineString","coordinates":[[4.888801,52.381202],[4.888438,52.380794]]}},{"type":"Feature","properties":{"id":688,"source":758,"target":784,"cost":52.83,"reverse_cost":-1,"capacity":1200,"reverse_capacity":-1,"x1":4.88386,"y1":52.381134,"x2":4.884068,"y2":52.380676},"geometry":{"type":"LineString","coordinates":[[4.88386,52.381134],[4.884068,52.380676]]}},{"type":"Feature","properties":{"id":689,"source":784,"target":785,"cost":51.01,"reverse_cost":-1,"capacity":1200,"reverse_capacity":-1,"x1":4.884068,"y1":52.380676,"x2":4.884248,"y2":52.380231},"geometry":{"type":"LineString","coordinates":[[4.884068,52.380676],[4.884248,52.380231]]}},{"type":"Feature","properties":{"id":690,"source":786,"target":787,"cost":99.06,"reverse_cost":-1,"capacity":1200,"reverse_capacity":-1,"x1":4.88095,"y1":52.380237,"x2":4.88237,"y2":52.380432},"geometry":{"type":"LineString","coordinates":[[4.88095,52.380237],[4.881021,52.380231],[4.882102,52.38039],[4.88237,52.380432]]}},{"type":"Feature","properties":{"id":691,"source":787,"target":784,"cost":118.43,"reverse_cost":-1,"capacity":1200,"reverse_capacity":-1,"x1":4.88237,"y1":52.380432,"x2":4.884068,"y2":52.380676},"geometry":{"type":"LineString","coordinates":[[4.88237,52.380432],[4.884068,52.380676]]}},{"type":"Feature","properties":{"id":692,"source":788,"target":789,"cost":51.03,"reverse_cost":-1,"capacity":1200,"reverse_capacity":-1,"x1":4.885778,"y1":52.380461,"x2":4.885593,"y2":52.380906},"geometry":{"type":"LineString","coordinates":[[4.885778,52.380461],[4.885593,52.380906]]}},{"type":"Feature","properties":{"id":693,"source":789,"target":767,"cost":52.78,"reverse_cost":-1,"capacity":1200,"reverse_capacity":-1,"x1":4.885593,"y1":52.380906,"x2":4.885394,"y2":52.381364},"geometry":{"type":"LineString","coordinates":[[4.885593,52.380906],[4.885394,52.381364]]}},{"type":"Feature","properties":{"id":694,"source":790,"target":791,"cost":27.77,"reverse_cost":27.77,"capacity":1200,"reverse_capacity":1200,"x1":4.881059,"y1":52.38081,"x2":4.88068,"y2":52.380904},"geometry":{"type":"LineString","coordinates":[[4.881059,52.38081],[4.880775,52.380881],[4.880702,52.380899],[4.88068,52.380904]]}},{"type":"Feature","properties":{"id":695,"source":766,"target":792,"cost":3.3,"reverse_cost":3.3,"capacity":1200,"reverse_capacity":1200,"x1":4.881284,"y1":52.38076,"x2":4.881238,"y2":52.380771},"geometry":{"type":"LineString","coordinates":[[4.881284,52.38076],[4.881238,52.380771]]}},{"type":"Feature","properties":{"id":696,"source":793,"target":781,"cost":307.69,"reverse_cost":-1,"capacity":1600,"reverse_capacity":-1,"x1":4.884205,"y1":52.384355,"x2":4.88754,"y2":52.382481},"geometry":{"type":"LineString","coordinates":[[4.884205,52.384355],[4.885096,52.383836],[4.885231,52.38376],[4.886019,52.383313],[4.886093,52.383273],[4.886653,52.382973],[4.886805,52.382886],[4.886982,52.382784],[4.88754,52.382481]]}},{"type":"Feature","properties":{"id":697,"source":781,"target":671,"cost":147.71,"reverse_cost":-1,"capacity":1600,"reverse_capacity":-1,"x1":4.88754,"y1":52.382481,"x2":4.889137,"y2":52.38158},"geometry":{"type":"LineString","coordinates":[[4.88754,52.382481],[4.887639,52.382428],[4.888303,52.382074],[4.888374,52.382032],[4.888884,52.38173],[4.889137,52.38158]]}},{"type":"Feature","properties":{"id":698,"source":763,"target":794,"cost":93.17,"reverse_cost":-1,"capacity":1200,"reverse_capacity":-1,"x1":4.884745,"y1":52.382363,"x2":4.883433,"y2":52.382143},"geometry":{"type":"LineString","coordinates":[[4.884745,52.382363],[4.884681,52.382326],[4.883897,52.382216],[4.883832,52.382206],[4.883433,52.382143]]}},{"type":"Feature","properties":{"id":699,"source":794,"target":795,"cost":98.4,"reverse_cost":-1,"capacity":1200,"reverse_capacity":-1,"x1":4.883433,"y1":52.382143,"x2":4.882024,"y2":52.381935},"geometry":{"type":"LineString","coordinates":[[4.883433,52.382143],[4.882955,52.382067],[4.882024,52.381935]]}},{"type":"Feature","properties":{"id":700,"source":794,"target":759,"cost":16.67,"reverse_cost":16.67,"capacity":1200,"reverse_capacity":1200,"x1":4.883433,"y1":52.382143,"x2":4.883508,"y2":52.382},"geometry":{"type":"LineString","coordinates":[[4.883433,52.382143],[4.883508,52.382]]}},{"type":"Feature","properties":{"id":701,"source":796,"target":797,"cost":3.17,"reverse_cost":-1,"capacity":1200,"reverse_capacity":-1,"x1":4.875279,"y1":52.378356,"x2":4.87532,"y2":52.378344},"geometry":{"type":"LineString","coordinates":[[4.875279,52.378356],[4.87532,52.378344]]}},{"type":"Feature","properties":{"id":702,"source":583,"target":798,"cost":15.06,"reverse_cost":-1,"capacity":1000,"reverse_capacity":-1,"x1":4.874808,"y1":52.377619,"x2":4.874865,"y2":52.37775},"geometry":{"type":"LineString","coordinates":[[4.874808,52.377619],[4.874814,52.377633],[4.874825,52.377655],[4.874836,52.377676],[4.874853,52.377729],[4.874865,52.37775]]}},{"type":"Feature","properties":{"id":703,"source":798,"target":796,"cost":73.1,"reverse_cost":-1,"capacity":1000,"reverse_capacity":-1,"x1":4.874865,"y1":52.37775,"x2":4.875279,"y2":52.378356},"geometry":{"type":"LineString","coordinates":[[4.874865,52.37775],[4.874909,52.377822],[4.875191,52.378249],[4.875279,52.378356]]}},{"type":"Feature","properties":{"id":704,"source":799,"target":520,"cost":73.5,"reverse_cost":-1,"capacity":1200,"reverse_capacity":-1,"x1":4.885135,"y1":52.378145,"x2":4.886162,"y2":52.378353},"geometry":{"type":"LineString","coordinates":[[4.885135,52.378145],[4.886162,52.378353]]}},{"type":"Feature","properties":{"id":705,"source":518,"target":800,"cost":60.26,"reverse_cost":-1,"capacity":1200,"reverse_capacity":-1,"x1":4.883599,"y1":52.377821,"x2":4.883306,"y2":52.378333},"geometry":{"type":"LineString","coordinates":[[4.883599,52.377821],[4.883439,52.378098],[4.883306,52.378333]]}},{"type":"Feature","properties":{"id":706,"source":552,"target":801,"cost":7.84,"reverse_cost":7.84,"capacity":1200,"reverse_capacity":1200,"x1":4.886427,"y1":52.378013,"x2":4.886326,"y2":52.378048},"geometry":{"type":"LineString","coordinates":[[4.886427,52.378013],[4.886326,52.378048]]}},{"type":"Feature","properties":{"id":707,"source":529,"target":515,"cost":211.71,"reverse_cost":-1,"capacity":1200,"reverse_capacity":-1,"x1":4.878758,"y1":52.376799,"x2":4.881691,"y2":52.37742},"geometry":{"type":"LineString","coordinates":[[4.878758,52.376799],[4.878818,52.376786],[4.879667,52.376969],[4.879833,52.377004],[4.879981,52.377038],[4.880926,52.377249],[4.881691,52.37742]]}},{"type":"Feature","properties":{"id":708,"source":515,"target":518,"cost":136.96,"reverse_cost":-1,"capacity":1200,"reverse_capacity":-1,"x1":4.881691,"y1":52.37742,"x2":4.883599,"y2":52.377821},"geometry":{"type":"LineString","coordinates":[[4.881691,52.37742],[4.883599,52.377821]]}},{"type":"Feature","properties":{"id":709,"source":518,"target":799,"cost":110.28,"reverse_cost":-1,"capacity":1200,"reverse_capacity":-1,"x1":4.883599,"y1":52.377821,"x2":4.885135,"y2":52.378145},"geometry":{"type":"LineString","coordinates":[[4.883599,52.377821],[4.885135,52.378145]]}},{"type":"Feature","properties":{"id":710,"source":802,"target":588,"cost":58.32,"reverse_cost":-1,"capacity":1200,"reverse_capacity":-1,"x1":4.87313,"y1":52.378167,"x2":4.873926,"y2":52.37797},"geometry":{"type":"LineString","coordinates":[[4.87313,52.378167],[4.873926,52.37797]]}},{"type":"Feature","properties":{"id":711,"source":516,"target":803,"cost":13.26,"reverse_cost":13.26,"capacity":1200,"reverse_capacity":1200,"x1":4.881371,"y1":52.377977,"x2":4.881305,"y2":52.37809},"geometry":{"type":"LineString","coordinates":[[4.881371,52.377977],[4.881337,52.37804],[4.881305,52.37809]]}},{"type":"Feature","properties":{"id":712,"source":740,"target":552,"cost":95.31,"reverse_cost":-1,"capacity":1200,"reverse_capacity":-1,"x1":4.887651,"y1":52.377594,"x2":4.886427,"y2":52.378013},"geometry":{"type":"LineString","coordinates":[[4.887651,52.377594],[4.886427,52.378013]]}},{"type":"Feature","properties":{"id":713,"source":804,"target":588,"cost":51.31,"reverse_cost":51.31,"capacity":1200,"reverse_capacity":1200,"x1":4.874632,"y1":52.377804,"x2":4.873926,"y2":52.37797},"geometry":{"type":"LineString","coordinates":[[4.874632,52.377804],[4.874584,52.377816],[4.873926,52.37797]]}},{"type":"Feature","properties":{"id":714,"source":787,"target":805,"cost":51.87,"reverse_cost":-1,"capacity":1200,"reverse_capacity":-1,"x1":4.88237,"y1":52.380432,"x2":4.882559,"y2":52.37998},"geometry":{"type":"LineString","coordinates":[[4.88237,52.380432],[4.882559,52.37998]]}},{"type":"Feature","properties":{"id":715,"source":734,"target":806,"cost":59.54,"reverse_cost":-1,"capacity":1200,"reverse_capacity":-1,"x1":4.886053,"y1":52.37981,"x2":4.885833,"y2":52.380328},"geometry":{"type":"LineString","coordinates":[[4.886053,52.37981],[4.885833,52.380328]]}},{"type":"Feature","properties":{"id":716,"source":745,"target":807,"cost":62.13,"reverse_cost":62.13,"capacity":1200,"reverse_capacity":1200,"x1":4.875521,"y1":52.37954,"x2":4.875286,"y2":52.380081},"geometry":{"type":"LineString","coordinates":[[4.875521,52.37954],[4.875286,52.380081]]}},{"type":"Feature","properties":{"id":717,"source":800,"target":808,"cost":12.89,"reverse_cost":12.89,"capacity":1200,"reverse_capacity":1200,"x1":4.883306,"y1":52.378333,"x2":4.883247,"y2":52.378443},"geometry":{"type":"LineString","coordinates":[[4.883306,52.378333],[4.883247,52.378443]]}},{"type":"Feature","properties":{"id":718,"source":809,"target":810,"cost":173.8,"reverse_cost":-1,"capacity":1200,"reverse_capacity":-1,"x1":4.878973,"y1":52.380751,"x2":4.876518,"y2":52.38031},"geometry":{"type":"LineString","coordinates":[[4.878973,52.380751],[4.876946,52.380369],[4.876634,52.38033],[4.876518,52.38031]]}},{"type":"Feature","properties":{"id":719,"source":811,"target":807,"cost":83.38,"reverse_cost":-1,"capacity":1200,"reverse_capacity":-1,"x1":4.874101,"y1":52.379914,"x2":4.875286,"y2":52.380081},"geometry":{"type":"LineString","coordinates":[[4.874101,52.379914],[4.87422,52.379903],[4.87427,52.379901],[4.875286,52.380081]]}},{"type":"Feature","properties":{"id":720,"source":806,"target":788,"cost":15.21,"reverse_cost":15.21,"capacity":1200,"reverse_capacity":1200,"x1":4.885833,"y1":52.380328,"x2":4.885778,"y2":52.380461},"geometry":{"type":"LineString","coordinates":[[4.885833,52.380328],[4.885778,52.380461]]}},{"type":"Feature","properties":{"id":721,"source":812,"target":813,"cost":87.73,"reverse_cost":-1,"capacity":1200,"reverse_capacity":-1,"x1":4.881265,"y1":52.378841,"x2":4.881052,"y2":52.379619},"geometry":{"type":"LineString","coordinates":[[4.881265,52.378841],[4.881052,52.379619]]}},{"type":"Feature","properties":{"id":722,"source":807,"target":810,"cost":87.38,"reverse_cost":-1,"capacity":1200,"reverse_capacity":-1,"x1":4.875286,"y1":52.380081,"x2":4.876518,"y2":52.38031},"geometry":{"type":"LineString","coordinates":[[4.875286,52.380081],[4.876518,52.38031]]}},{"type":"Feature","properties":{"id":723,"source":814,"target":681,"cost":94.22,"reverse_cost":-1,"capacity":1200,"reverse_capacity":-1,"x1":4.888506,"y1":52.380267,"x2":4.889522,"y2":52.37969},"geometry":{"type":"LineString","coordinates":[[4.888506,52.380267],[4.889522,52.37969]]}},{"type":"Feature","properties":{"id":724,"source":552,"target":814,"cost":287.65,"reverse_cost":-1,"capacity":1200,"reverse_capacity":-1,"x1":4.886427,"y1":52.378013,"x2":4.888506,"y2":52.380267},"geometry":{"type":"LineString","coordinates":[[4.886427,52.378013],[4.88663,52.37825],[4.886972,52.378617],[4.888506,52.380267]]}},{"type":"Feature","properties":{"id":725,"source":815,"target":785,"cost":14.78,"reverse_cost":14.78,"capacity":1200,"reverse_capacity":1200,"x1":4.884299,"y1":52.380101,"x2":4.884248,"y2":52.380231},"geometry":{"type":"LineString","coordinates":[[4.884299,52.380101],[4.884248,52.380231]]}},{"type":"Feature","properties":{"id":726,"source":816,"target":788,"cost":128.28,"reverse_cost":-1,"capacity":1200,"reverse_capacity":-1,"x1":4.887589,"y1":52.380765,"x2":4.885778,"y2":52.380461},"geometry":{"type":"LineString","coordinates":[[4.887589,52.380765],[4.887483,52.380714],[4.885778,52.380461]]}},{"type":"Feature","properties":{"id":727,"source":788,"target":785,"cost":106.96,"reverse_cost":-1,"capacity":1200,"reverse_capacity":-1,"x1":4.885778,"y1":52.380461,"x2":4.884248,"y2":52.380231},"geometry":{"type":"LineString","coordinates":[[4.885778,52.380461],[4.884414,52.380254],[4.884248,52.380231]]}},{"type":"Feature","properties":{"id":728,"source":817,"target":734,"cost":115.69,"reverse_cost":-1,"capacity":1200,"reverse_capacity":-1,"x1":4.887691,"y1":52.380069,"x2":4.886053,"y2":52.37981},"geometry":{"type":"LineString","coordinates":[[4.887691,52.380069],[4.887604,52.380083],[4.886053,52.37981]]}},{"type":"Feature","properties":{"id":729,"source":735,"target":815,"cost":65.49,"reverse_cost":-1,"capacity":1200,"reverse_capacity":-1,"x1":4.884546,"y1":52.379532,"x2":4.884299,"y2":52.380101},"geometry":{"type":"LineString","coordinates":[[4.884546,52.379532],[4.884421,52.379825],[4.884299,52.380101]]}},{"type":"Feature","properties":{"id":730,"source":737,"target":805,"cost":15.38,"reverse_cost":15.38,"capacity":1200,"reverse_capacity":1200,"x1":4.88257,"y1":52.379841,"x2":4.882559,"y2":52.37998},"geometry":{"type":"LineString","coordinates":[[4.88257,52.379841],[4.882559,52.37998]]}},{"type":"Feature","properties":{"id":731,"source":816,"target":818,"cost":20.83,"reverse_cost":-1,"capacity":600,"reverse_capacity":-1,"x1":4.887589,"y1":52.380765,"x2":4.887817,"y2":52.380639},"geometry":{"type":"LineString","coordinates":[[4.887589,52.380765],[4.887817,52.380639]]}},{"type":"Feature","properties":{"id":732,"source":818,"target":819,"cost":26.27,"reverse_cost":-1,"capacity":600,"reverse_capacity":-1,"x1":4.887817,"y1":52.380639,"x2":4.888105,"y2":52.380481},"geometry":{"type":"LineString","coordinates":[[4.887817,52.380639],[4.888105,52.380481]]}},{"type":"Feature","properties":{"id":733,"source":820,"target":780,"cost":306.15,"reverse_cost":-1,"capacity":1200,"reverse_capacity":-1,"x1":4.883735,"y1":52.384028,"x2":4.887057,"y2":52.382166},"geometry":{"type":"LineString","coordinates":[[4.883735,52.384028],[4.884171,52.383781],[4.884604,52.383547],[4.884639,52.383529],[4.885556,52.383011],[4.886118,52.382698],[4.886187,52.382661],[4.887057,52.382166]]}},{"type":"Feature","properties":{"id":734,"source":780,"target":761,"cost":159.7,"reverse_cost":-1,"capacity":1200,"reverse_capacity":-1,"x1":4.887057,"y1":52.382166,"x2":4.888801,"y2":52.381202},"geometry":{"type":"LineString","coordinates":[[4.887057,52.382166],[4.888801,52.381202]]}},{"type":"Feature","properties":{"id":735,"source":530,"target":516,"cost":145.22,"reverse_cost":-1,"capacity":1200,"reverse_capacity":-1,"x1":4.879316,"y1":52.377673,"x2":4.881371,"y2":52.377977},"geometry":{"type":"LineString","coordinates":[[4.879316,52.377673],[4.87942,52.377655],[4.879507,52.377649],[4.87957,52.377648],[4.879641,52.377654],[4.880869,52.377885],[4.881371,52.377977]]}},{"type":"Feature","properties":{"id":736,"source":516,"target":800,"cost":137.16,"reverse_cost":-1,"capacity":1200,"reverse_capacity":-1,"x1":4.881371,"y1":52.377977,"x2":4.883306,"y2":52.378333},"geometry":{"type":"LineString","coordinates":[[4.881371,52.377977],[4.882771,52.378233],[4.883306,52.378333]]}},{"type":"Feature","properties":{"id":737,"source":800,"target":821,"cost":114.97,"reverse_cost":-1,"capacity":1200,"reverse_capacity":-1,"x1":4.883306,"y1":52.378333,"x2":4.88493,"y2":52.378626},"geometry":{"type":"LineString","coordinates":[[4.883306,52.378333],[4.88493,52.378626]]}},{"type":"Feature","properties":{"id":738,"source":821,"target":822,"cost":86.46,"reverse_cost":-1,"capacity":1200,"reverse_capacity":-1,"x1":4.88493,"y1":52.378626,"x2":4.886109,"y2":52.378896},"geometry":{"type":"LineString","coordinates":[[4.88493,52.378626],[4.885912,52.378809],[4.886012,52.378838],[4.886057,52.378862],[4.886109,52.378896]]}},{"type":"Feature","properties":{"id":739,"source":748,"target":813,"cost":37.26,"reverse_cost":-1,"capacity":1200,"reverse_capacity":-1,"x1":4.880523,"y1":52.379586,"x2":4.881052,"y2":52.379619},"geometry":{"type":"LineString","coordinates":[[4.880523,52.379586],[4.880621,52.379559],[4.881052,52.379619]]}},{"type":"Feature","properties":{"id":740,"source":813,"target":737,"cost":105.97,"reverse_cost":-1,"capacity":1200,"reverse_capacity":-1,"x1":4.881052,"y1":52.379619,"x2":4.88257,"y2":52.379841},"geometry":{"type":"LineString","coordinates":[[4.881052,52.379619],[4.881298,52.379654],[4.88257,52.379841]]}},{"type":"Feature","properties":{"id":741,"source":737,"target":815,"cost":120.9,"reverse_cost":-1,"capacity":1200,"reverse_capacity":-1,"x1":4.88257,"y1":52.379841,"x2":4.884299,"y2":52.380101},"geometry":{"type":"LineString","coordinates":[[4.88257,52.379841],[4.883104,52.379925],[4.884083,52.380067],[4.884299,52.380101]]}},{"type":"Feature","properties":{"id":742,"source":736,"target":823,"cost":23.73,"reverse_cost":-1,"capacity":1200,"reverse_capacity":-1,"x1":4.88282,"y1":52.379244,"x2":4.882907,"y2":52.379038},"geometry":{"type":"LineString","coordinates":[[4.88282,52.379244],[4.882907,52.379038]]}},{"type":"Feature","properties":{"id":743,"source":823,"target":750,"cost":18.37,"reverse_cost":-1,"capacity":1200,"reverse_capacity":-1,"x1":4.882907,"y1":52.379038,"x2":4.882999,"y2":52.378882},"geometry":{"type":"LineString","coordinates":[[4.882907,52.379038],[4.882999,52.378882]]}},{"type":"Feature","properties":{"id":744,"source":750,"target":808,"cost":51.65,"reverse_cost":-1,"capacity":1200,"reverse_capacity":-1,"x1":4.882999,"y1":52.378882,"x2":4.883247,"y2":52.378443},"geometry":{"type":"LineString","coordinates":[[4.882999,52.378882],[4.883247,52.378443]]}},{"type":"Feature","properties":{"id":745,"source":824,"target":825,"cost":120.18,"reverse_cost":-1,"capacity":1000,"reverse_capacity":-1,"x1":4.875415,"y1":52.378774,"x2":4.874705,"y2":52.377788},"geometry":{"type":"LineString","coordinates":[[4.875415,52.378774],[4.875372,52.378748],[4.875364,52.378737],[4.87534,52.378705],[4.875216,52.378519],[4.874824,52.377932],[4.874784,52.377871],[4.874705,52.377788]]}},{"type":"Feature","properties":{"id":746,"source":825,"target":590,"cost":192.48,"reverse_cost":-1,"capacity":1000,"reverse_capacity":-1,"x1":4.874705,"y1":52.377788,"x2":4.873661,"y2":52.376181},"geometry":{"type":"LineString","coordinates":[[4.874705,52.377788],[4.874673,52.377751],[4.874658,52.377731],[4.874647,52.377713],[4.874639,52.3777],[4.874622,52.377663],[4.874612,52.377634],[4.874602,52.377588],[4.873661,52.376181]]}},{"type":"Feature","properties":{"id":747,"source":590,"target":826,"cost":163.31,"reverse_cost":-1,"capacity":1000,"reverse_capacity":-1,"x1":4.873661,"y1":52.376181,"x2":4.872744,"y2":52.374827},"geometry":{"type":"LineString","coordinates":[[4.873661,52.376181],[4.873637,52.376161],[4.873606,52.376128],[4.873588,52.376107],[4.873571,52.376078],[4.873564,52.376067],[4.873544,52.376015],[4.873537,52.375982],[4.873156,52.375403],[4.873063,52.375278],[4.873,52.375202],[4.87292,52.375086],[4.872838,52.374962],[4.872824,52.374939],[4.872797,52.374898],[4.872765,52.374854],[4.872744,52.374827]]}},{"type":"Feature","properties":{"id":748,"source":747,"target":803,"cost":84.06,"reverse_cost":-1,"capacity":1200,"reverse_capacity":-1,"x1":4.880886,"y1":52.378801,"x2":4.881305,"y2":52.37809},"geometry":{"type":"LineString","coordinates":[[4.880886,52.378801],[4.881305,52.37809]]}},{"type":"Feature","properties":{"id":749,"source":827,"target":747,"cost":62.35,"reverse_cost":-1,"capacity":1200,"reverse_capacity":-1,"x1":4.879979,"y1":52.378713,"x2":4.880886,"y2":52.378801},"geometry":{"type":"LineString","coordinates":[[4.879979,52.378713],[4.880886,52.378801]]}},{"type":"Feature","properties":{"id":750,"source":828,"target":749,"cost":50.61,"reverse_cost":-1,"capacity":1200,"reverse_capacity":-1,"x1":4.884884,"y1":52.378741,"x2":4.884691,"y2":52.379181},"geometry":{"type":"LineString","coordinates":[[4.884884,52.378741],[4.884691,52.379181]]}},{"type":"Feature","properties":{"id":751,"source":749,"target":735,"cost":40.27,"reverse_cost":-1,"capacity":1200,"reverse_capacity":-1,"x1":4.884691,"y1":52.379181,"x2":4.884546,"y2":52.379532},"geometry":{"type":"LineString","coordinates":[[4.884691,52.379181],[4.884546,52.379532]]}},{"type":"Feature","properties":{"id":752,"source":746,"target":824,"cost":32.49,"reverse_cost":-1,"capacity":1000,"reverse_capacity":-1,"x1":4.875114,"y1":52.378999,"x2":4.875415,"y2":52.378774},"geometry":{"type":"LineString","coordinates":[[4.875114,52.378999],[4.875166,52.378977],[4.875376,52.378812],[4.875415,52.378774]]}},{"type":"Feature","properties":{"id":753,"source":829,"target":830,"cost":55.73,"reverse_cost":-1,"capacity":1000,"reverse_capacity":-1,"x1":4.873711,"y1":52.378814,"x2":4.874492,"y2":52.378836},"geometry":{"type":"LineString","coordinates":[[4.873711,52.378814],[4.873874,52.378776],[4.873978,52.378764],[4.874078,52.378759],[4.874223,52.378767],[4.874299,52.378774],[4.874358,52.378791],[4.874492,52.378836]]}},{"type":"Feature","properties":{"id":754,"source":812,"target":823,"cost":113.59,"reverse_cost":-1,"capacity":1200,"reverse_capacity":-1,"x1":4.881265,"y1":52.378841,"x2":4.882907,"y2":52.379038},"geometry":{"type":"LineString","coordinates":[[4.881265,52.378841],[4.881642,52.378877],[4.881999,52.378916],[4.882777,52.37902],[4.882907,52.379038]]}},{"type":"Feature","properties":{"id":755,"source":831,"target":832,"cost":81.97,"reverse_cost":-1,"capacity":1200,"reverse_capacity":-1,"x1":4.873253,"y1":52.378933,"x2":4.872709,"y2":52.378275},"geometry":{"type":"LineString","coordinates":[[4.873253,52.378933],[4.872709,52.378275]]}},{"type":"Feature","properties":{"id":756,"source":747,"target":812,"cost":26.11,"reverse_cost":-1,"capacity":1200,"reverse_capacity":-1,"x1":4.880886,"y1":52.378801,"x2":4.881265,"y2":52.378841},"geometry":{"type":"LineString","coordinates":[[4.880886,52.378801],[4.881265,52.378841]]}},{"type":"Feature","properties":{"id":757,"source":530,"target":827,"cost":124.11,"reverse_cost":-1,"capacity":1200,"reverse_capacity":-1,"x1":4.879316,"y1":52.377673,"x2":4.879979,"y2":52.378713},"geometry":{"type":"LineString","coordinates":[[4.879316,52.377673],[4.879364,52.37775],[4.879979,52.378713]]}},{"type":"Feature","properties":{"id":758,"source":827,"target":748,"cost":103.78,"reverse_cost":-1,"capacity":1200,"reverse_capacity":-1,"x1":4.879979,"y1":52.378713,"x2":4.880523,"y2":52.379586},"geometry":{"type":"LineString","coordinates":[[4.879979,52.378713],[4.880523,52.379586]]}},{"type":"Feature","properties":{"id":759,"source":748,"target":833,"cost":12.88,"reverse_cost":-1,"capacity":1200,"reverse_capacity":-1,"x1":4.880523,"y1":52.379586,"x2":4.880598,"y2":52.379692},"geometry":{"type":"LineString","coordinates":[[4.880523,52.379586],[4.880598,52.379692]]}},{"type":"Feature","properties":{"id":760,"source":833,"target":786,"cost":65.1,"reverse_cost":-1,"capacity":1200,"reverse_capacity":-1,"x1":4.880598,"y1":52.379692,"x2":4.88095,"y2":52.380237},"geometry":{"type":"LineString","coordinates":[[4.880598,52.379692],[4.88095,52.380237]]}},{"type":"Feature","properties":{"id":761,"source":786,"target":766,"cost":62.46,"reverse_cost":-1,"capacity":1200,"reverse_capacity":-1,"x1":4.88095,"y1":52.380237,"x2":4.881284,"y2":52.38076},"geometry":{"type":"LineString","coordinates":[[4.88095,52.380237],[4.881284,52.38076]]}},{"type":"Feature","properties":{"id":762,"source":766,"target":755,"cost":66.98,"reverse_cost":-1,"capacity":1200,"reverse_capacity":-1,"x1":4.881284,"y1":52.38076,"x2":4.881627,"y2":52.381325},"geometry":{"type":"LineString","coordinates":[[4.881284,52.38076],[4.881627,52.381325]]}},{"type":"Feature","properties":{"id":763,"source":755,"target":777,"cost":52.94,"reverse_cost":-1,"capacity":1200,"reverse_capacity":-1,"x1":4.881627,"y1":52.381325,"x2":4.881916,"y2":52.381767},"geometry":{"type":"LineString","coordinates":[[4.881627,52.381325],[4.881916,52.381767]]}},{"type":"Feature","properties":{"id":764,"source":777,"target":795,"cost":20.01,"reverse_cost":-1,"capacity":1200,"reverse_capacity":-1,"x1":4.881916,"y1":52.381767,"x2":4.882024,"y2":52.381935},"geometry":{"type":"LineString","coordinates":[[4.881916,52.381767],[4.882024,52.381935]]}},{"type":"Feature","properties":{"id":765,"source":795,"target":762,"cost":171.81,"reverse_cost":-1,"capacity":1200,"reverse_capacity":-1,"x1":4.882024,"y1":52.381935,"x2":4.882959,"y2":52.383361},"geometry":{"type":"LineString","coordinates":[[4.882024,52.381935],[4.882356,52.382467],[4.882534,52.382757],[4.882906,52.383344],[4.882959,52.383361]]}},{"type":"Feature","properties":{"id":766,"source":834,"target":835,"cost":9.83,"reverse_cost":9.83,"capacity":1200,"reverse_capacity":1200,"x1":4.879268,"y1":52.377684,"x2":4.879132,"y2":52.377715},"geometry":{"type":"LineString","coordinates":[[4.879268,52.377684],[4.879132,52.377715]]}},{"type":"Feature","properties":{"id":767,"source":530,"target":834,"cost":3.49,"reverse_cost":3.49,"capacity":1200,"reverse_capacity":1200,"x1":4.879316,"y1":52.377673,"x2":4.879268,"y2":52.377684},"geometry":{"type":"LineString","coordinates":[[4.879316,52.377673],[4.879268,52.377684]]}},{"type":"Feature","properties":{"id":768,"source":588,"target":830,"cost":103.61,"reverse_cost":-1,"capacity":1200,"reverse_capacity":-1,"x1":4.873926,"y1":52.37797,"x2":4.874492,"y2":52.378836},"geometry":{"type":"LineString","coordinates":[[4.873926,52.37797],[4.874311,52.37856],[4.874422,52.378737],[4.874492,52.378836]]}},{"type":"Feature","properties":{"id":769,"source":821,"target":828,"cost":13.22,"reverse_cost":13.22,"capacity":1200,"reverse_capacity":1200,"x1":4.88493,"y1":52.378626,"x2":4.884884,"y2":52.378741},"geometry":{"type":"LineString","coordinates":[[4.88493,52.378626],[4.884884,52.378741]]}},{"type":"Feature","properties":{"id":770,"source":831,"target":836,"cost":8.69,"reverse_cost":8.69,"capacity":2000,"reverse_capacity":2000,"x1":4.873253,"y1":52.378933,"x2":4.873135,"y2":52.378964},"geometry":{"type":"LineString","coordinates":[[4.873253,52.378933],[4.873135,52.378964]]}},{"type":"Feature","properties":{"id":771,"source":837,"target":838,"cost":3.5,"reverse_cost":-1,"capacity":2000,"reverse_capacity":-1,"x1":4.875516,"y1":52.37881,"x2":4.875488,"y2":52.378836},"geometry":{"type":"LineString","coordinates":[[4.875516,52.37881],[4.875488,52.378836]]}},{"type":"Feature","properties":{"id":772,"source":839,"target":840,"cost":50.75,"reverse_cost":50.75,"capacity":3000,"reverse_capacity":3000,"x1":4.87728,"y1":52.377874,"x2":4.877536,"y2":52.378302},"geometry":{"type":"LineString","coordinates":[[4.87728,52.377874],[4.877371,52.377994],[4.877536,52.378302]]}},{"type":"Feature","properties":{"id":773,"source":841,"target":666,"cost":1326.28,"reverse_cost":-1,"capacity":1200,"reverse_capacity":-1,"x1":4.855648,"y1":52.357676,"x2":4.873657,"y2":52.362266},"geometry":{"type":"LineString","coordinates":[[4.855648,52.357676],[4.855719,52.357706],[4.857148,52.358131],[4.857328,52.358184],[4.858829,52.358566],[4.859407,52.358701],[4.859758,52.358802],[4.859829,52.358822],[4.859969,52.358863],[4.859995,52.358871],[4.860139,52.358912],[4.860194,52.358928],[4.860321,52.358967],[4.860651,52.359068],[4.861353,52.359254],[4.861611,52.359322],[4.861715,52.359339],[4.861883,52.35937],[4.862103,52.359435],[4.863624,52.359812],[4.86472,52.360053],[4.865315,52.360172],[4.865372,52.360184],[4.865519,52.360217],[4.865588,52.360233],[4.865628,52.360242],[4.86579,52.36028],[4.865983,52.360326],[4.867357,52.360649],[4.867825,52.360759],[4.867919,52.360781],[4.868571,52.360946],[4.869351,52.361143],[4.869393,52.361153],[4.871324,52.361664],[4.871673,52.361756],[4.871872,52.361809],[4.873334,52.362198],[4.873436,52.362215],[4.873505,52.362227],[4.873657,52.362266]]}},{"type":"Feature","properties":{"id":774,"source":666,"target":842,"cost":61.6,"reverse_cost":-1,"capacity":1200,"reverse_capacity":-1,"x1":4.873657,"y1":52.362266,"x2":4.874493,"y2":52.362482},"geometry":{"type":"LineString","coordinates":[[4.873657,52.362266],[4.873913,52.362338],[4.874493,52.362482]]}},{"type":"Feature","properties":{"id":775,"source":239,"target":244,"cost":59.31,"reverse_cost":-1,"capacity":2000,"reverse_capacity":-1,"x1":4.893073,"y1":52.372678,"x2":4.893355,"y2":52.373182},"geometry":{"type":"LineString","coordinates":[[4.893073,52.372678],[4.893139,52.372832],[4.893212,52.372966],[4.893271,52.373061],[4.893319,52.373134],[4.893355,52.373182]]}},{"type":"Feature","properties":{"id":776,"source":186,"target":843,"cost":3.77,"reverse_cost":3.77,"capacity":1200,"reverse_capacity":1200,"x1":4.899175,"y1":52.37373,"x2":4.899223,"y2":52.373713},"geometry":{"type":"LineString","coordinates":[[4.899175,52.37373],[4.899223,52.373713]]}},{"type":"Feature","properties":{"id":777,"source":844,"target":845,"cost":190.92,"reverse_cost":-1,"capacity":1200,"reverse_capacity":-1,"x1":4.889858,"y1":52.367316,"x2":4.89262,"y2":52.367073},"geometry":{"type":"LineString","coordinates":[[4.889858,52.367316],[4.889887,52.367325],[4.889918,52.367328],[4.889947,52.367329],[4.889982,52.367326],[4.890024,52.367321],[4.89042,52.36726],[4.890826,52.3672],[4.891361,52.367125],[4.891562,52.367097],[4.891663,52.367087],[4.89175,52.367084],[4.891889,52.367084],[4.89244,52.367075],[4.89262,52.367073]]}},{"type":"Feature","properties":{"id":778,"source":465,"target":846,"cost":4.93,"reverse_cost":-1,"capacity":1200,"reverse_capacity":-1,"x1":4.887763,"y1":52.368429,"x2":4.88781,"y2":52.368395},"geometry":{"type":"LineString","coordinates":[[4.887763,52.368429],[4.88781,52.368395]]}},{"type":"Feature","properties":{"id":779,"source":474,"target":847,"cost":153.14,"reverse_cost":-1,"capacity":1200,"reverse_capacity":-1,"x1":4.888094,"y1":52.368187,"x2":4.889548,"y2":52.367134},"geometry":{"type":"LineString","coordinates":[[4.888094,52.368187],[4.888711,52.367734],[4.889106,52.367452],[4.889268,52.367337],[4.889325,52.367294],[4.889437,52.367211],[4.889464,52.36719],[4.889483,52.367177],[4.889496,52.367167],[4.889548,52.367134]]}},{"type":"Feature","properties":{"id":780,"source":848,"target":356,"cost":5.7,"reverse_cost":-1,"capacity":1200,"reverse_capacity":-1,"x1":4.886974,"y1":52.368111,"x2":4.886978,"y2":52.368162},"geometry":{"type":"LineString","coordinates":[[4.886974,52.368111],[4.886978,52.368162]]}},{"type":"Feature","properties":{"id":781,"source":849,"target":850,"cost":5.07,"reverse_cost":-1,"capacity":1200,"reverse_capacity":-1,"x1":4.888587,"y1":52.366816,"x2":4.888524,"y2":52.366791},"geometry":{"type":"LineString","coordinates":[[4.888587,52.366816],[4.888524,52.366791]]}},{"type":"Feature","properties":{"id":782,"source":851,"target":852,"cost":28.0,"reverse_cost":-1,"capacity":1200,"reverse_capacity":-1,"x1":4.888638,"y1":52.366836,"x2":4.889002,"y2":52.366955},"geometry":{"type":"LineString","coordinates":[[4.888638,52.366836],[4.889002,52.366955]]}},{"type":"Feature","properties":{"id":783,"source":852,"target":847,"cost":42.11,"reverse_cost":-1,"capacity":1200,"reverse_capacity":-1,"x1":4.889002,"y1":52.366955,"x2":4.889548,"y2":52.367134},"geometry":{"type":"LineString","coordinates":[[4.889002,52.366955],[4.889503,52.367116],[4.889548,52.367134]]}},{"type":"Feature","properties":{"id":784,"source":852,"target":853,"cost":77.11,"reverse_cost":77.11,"capacity":1200,"reverse_capacity":1200,"x1":4.889002,"y1":52.366955,"x2":4.889947,"y2":52.366571},"geometry":{"type":"LineString","coordinates":[[4.889002,52.366955],[4.889426,52.366777],[4.889645,52.366688],[4.889931,52.366577],[4.889947,52.366571]]}},{"type":"Feature","properties":{"id":785,"source":854,"target":855,"cost":9.3,"reverse_cost":-1,"capacity":2400,"reverse_capacity":-1,"x1":4.872544,"y1":52.374759,"x2":4.872493,"y2":52.374682},"geometry":{"type":"LineString","coordinates":[[4.872544,52.374759],[4.872517,52.374731],[4.872499,52.374699],[4.872493,52.374682]]}},{"type":"Feature","properties":{"id":786,"source":856,"target":857,"cost":121.73,"reverse_cost":-1,"capacity":1200,"reverse_capacity":-1,"x1":4.877488,"y1":52.375275,"x2":4.878125,"y2":52.376298},"geometry":{"type":"LineString","coordinates":[[4.877488,52.375275],[4.878125,52.376298]]}},{"type":"Feature","properties":{"id":787,"source":857,"target":858,"cost":161.76,"reverse_cost":-1,"capacity":1200,"reverse_capacity":-1,"x1":4.878125,"y1":52.376298,"x2":4.878499,"y2":52.37753},"geometry":{"type":"LineString","coordinates":[[4.878125,52.376298],[4.878838,52.377452],[4.878568,52.377514],[4.878517,52.377526],[4.878499,52.37753]]}},{"type":"Feature","properties":{"id":788,"source":857,"target":859,"cost":25.7,"reverse_cost":25.7,"capacity":1200,"reverse_capacity":1200,"x1":4.878125,"y1":52.376298,"x2":4.877773,"y2":52.376383},"geometry":{"type":"LineString","coordinates":[[4.878125,52.376298],[4.877792,52.376378],[4.877773,52.376383]]}},{"type":"Feature","properties":{"id":789,"source":859,"target":344,"cost":39.95,"reverse_cost":39.95,"capacity":1200,"reverse_capacity":1200,"x1":4.877773,"y1":52.376383,"x2":4.877225,"y2":52.376515},"geometry":{"type":"LineString","coordinates":[[4.877773,52.376383],[4.877755,52.376387],[4.877662,52.376409],[4.877225,52.376515]]}},{"type":"Feature","properties":{"id":790,"source":860,"target":861,"cost":36.61,"reverse_cost":-1,"capacity":1000,"reverse_capacity":-1,"x1":4.890717,"y1":52.372605,"x2":4.8907,"y2":52.372934},"geometry":{"type":"LineString","coordinates":[[4.890717,52.372605],[4.890713,52.372679],[4.890711,52.372736],[4.8907,52.372934]]}},{"type":"Feature","properties":{"id":791,"source":461,"target":860,"cost":90.22,"reverse_cost":-1,"capacity":2000,"reverse_capacity":-1,"x1":4.88951,"y1":52.372275,"x2":4.890717,"y2":52.372605},"geometry":{"type":"LineString","coordinates":[[4.88951,52.372275],[4.889818,52.372372],[4.890403,52.372557],[4.890522,52.372581],[4.890604,52.372591],[4.89062,52.372593],[4.89064,52.372595],[4.890717,52.372605]]}},{"type":"Feature","properties":{"id":792,"source":862,"target":124,"cost":87.93,"reverse_cost":-1,"capacity":1200,"reverse_capacity":-1,"x1":4.900169,"y1":52.369504,"x2":4.89904,"y2":52.369846},"geometry":{"type":"LineString","coordinates":[[4.900169,52.369504],[4.900156,52.369523],[4.900136,52.369538],[4.899844,52.369694],[4.899809,52.369704],[4.899731,52.369718],[4.89904,52.369846]]}},{"type":"Feature","properties":{"id":793,"source":124,"target":129,"cost":65.76,"reverse_cost":-1,"capacity":1200,"reverse_capacity":-1,"x1":4.89904,"y1":52.369846,"x2":4.898116,"y2":52.370023},"geometry":{"type":"LineString","coordinates":[[4.89904,52.369846],[4.898183,52.370005],[4.898116,52.370023]]}},{"type":"Feature","properties":{"id":794,"source":863,"target":864,"cost":3.46,"reverse_cost":-1,"capacity":1200,"reverse_capacity":-1,"x1":4.904621,"y1":52.366642,"x2":4.90458,"y2":52.366624},"geometry":{"type":"LineString","coordinates":[[4.904621,52.366642],[4.90458,52.366624]]}},{"type":"Feature","properties":{"id":795,"source":30,"target":865,"cost":22.01,"reverse_cost":-1,"capacity":1200,"reverse_capacity":-1,"x1":4.90227,"y1":52.366774,"x2":4.90204,"y2":52.366901},"geometry":{"type":"LineString","coordinates":[[4.90227,52.366774],[4.902238,52.366777],[4.902211,52.366783],[4.902121,52.366822],[4.902081,52.366862],[4.90204,52.366901]]}},{"type":"Feature","properties":{"id":796,"source":866,"target":863,"cost":112.37,"reverse_cost":-1,"capacity":3000,"reverse_capacity":-1,"x1":4.903993,"y1":52.367571,"x2":4.904621,"y2":52.366642},"geometry":{"type":"LineString","coordinates":[[4.903993,52.367571],[4.904057,52.367522],[4.904098,52.367486],[4.904135,52.367447],[4.904162,52.367416],[4.904192,52.367377],[4.904621,52.366642]]}},{"type":"Feature","properties":{"id":797,"source":28,"target":867,"cost":156.35,"reverse_cost":156.35,"capacity":1200,"reverse_capacity":1200,"x1":4.902138,"y1":52.365786,"x2":4.904338,"y2":52.366202},"geometry":{"type":"LineString","coordinates":[[4.902138,52.365786],[4.904078,52.366152],[4.904338,52.366202]]}},{"type":"Feature","properties":{"id":798,"source":601,"target":597,"cost":37.46,"reverse_cost":-1,"capacity":1200,"reverse_capacity":-1,"x1":4.873424,"y1":52.370319,"x2":4.872945,"y2":52.370459},"geometry":{"type":"LineString","coordinates":[[4.873424,52.370319],[4.873346,52.370336],[4.873213,52.370343],[4.873122,52.370369],[4.873026,52.370423],[4.872989,52.37045],[4.872945,52.370459]]}},{"type":"Feature","properties":{"id":799,"source":600,"target":604,"cost":30.84,"reverse_cost":-1,"capacity":1200,"reverse_capacity":-1,"x1":4.873697,"y1":52.370629,"x2":4.873319,"y2":52.370768},"geometry":{"type":"LineString","coordinates":[[4.873697,52.370629],[4.873628,52.370635],[4.873565,52.370673],[4.873535,52.370693],[4.8735,52.370708],[4.873402,52.370735],[4.873357,52.370745],[4.873319,52.370768]]}},{"type":"Feature","properties":{"id":800,"source":868,"target":869,"cost":218.06,"reverse_cost":-1,"capacity":1200,"reverse_capacity":-1,"x1":4.890159,"y1":52.370632,"x2":4.89073,"y2":52.37243},"geometry":{"type":"LineString","coordinates":[[4.890159,52.370632],[4.890189,52.370637],[4.89023,52.370644],[4.890305,52.370676],[4.890363,52.370719],[4.890477,52.370793],[4.890649,52.370932],[4.890773,52.37106],[4.890841,52.371206],[4.890848,52.371318],[4.890836,52.371382],[4.890828,52.371425],[4.890798,52.371501],[4.890771,52.371778],[4.890763,52.371934],[4.89075,52.372138],[4.89073,52.37243]]}},{"type":"Feature","properties":{"id":801,"source":870,"target":871,"cost":69.33,"reverse_cost":69.33,"capacity":1200,"reverse_capacity":1200,"x1":4.876652,"y1":52.362379,"x2":4.876253,"y2":52.362953},"geometry":{"type":"LineString","coordinates":[[4.876652,52.362379],[4.876291,52.362896],[4.876253,52.362953]]}},{"type":"Feature","properties":{"id":802,"source":872,"target":615,"cost":11.66,"reverse_cost":-1,"capacity":1000,"reverse_capacity":-1,"x1":4.873318,"y1":52.365488,"x2":4.873388,"y2":52.365392},"geometry":{"type":"LineString","coordinates":[[4.873318,52.365488],[4.873388,52.365392]]}},{"type":"Feature","properties":{"id":803,"source":615,"target":873,"cost":125.59,"reverse_cost":-1,"capacity":1000,"reverse_capacity":-1,"x1":4.873388,"y1":52.365392,"x2":4.874103,"y2":52.364353},"geometry":{"type":"LineString","coordinates":[[4.873388,52.365392],[4.873516,52.365202],[4.873574,52.365086],[4.873646,52.364987],[4.873667,52.364958],[4.873699,52.364917],[4.873726,52.36488],[4.873754,52.364842],[4.873822,52.364726],[4.87392,52.364619],[4.874103,52.364353]]}},{"type":"Feature","properties":{"id":804,"source":873,"target":874,"cost":60.28,"reverse_cost":-1,"capacity":1000,"reverse_capacity":-1,"x1":4.874103,"y1":52.364353,"x2":4.874426,"y2":52.363849},"geometry":{"type":"LineString","coordinates":[[4.874103,52.364353],[4.874284,52.364092],[4.874331,52.363985],[4.874426,52.363849]]}},{"type":"Feature","properties":{"id":805,"source":874,"target":655,"cost":58.34,"reverse_cost":-1,"capacity":1000,"reverse_capacity":-1,"x1":4.874426,"y1":52.363849,"x2":4.874757,"y2":52.363367},"geometry":{"type":"LineString","coordinates":[[4.874426,52.363849],[4.874471,52.363786],[4.874545,52.363711],[4.874623,52.363604],[4.874676,52.363483],[4.874757,52.363367]]}},{"type":"Feature","properties":{"id":806,"source":655,"target":667,"cost":70.54,"reverse_cost":-1,"capacity":1000,"reverse_capacity":-1,"x1":4.874757,"y1":52.363367,"x2":4.875158,"y2":52.362781},"geometry":{"type":"LineString","coordinates":[[4.874757,52.363367],[4.875055,52.362933],[4.875073,52.362907],[4.875105,52.362864],[4.875132,52.362827],[4.875151,52.362794],[4.875158,52.362781]]}},{"type":"Feature","properties":{"id":807,"source":667,"target":875,"cost":13.57,"reverse_cost":-1,"capacity":1000,"reverse_capacity":-1,"x1":4.875158,"y1":52.362781,"x2":4.875259,"y2":52.362676},"geometry":{"type":"LineString","coordinates":[[4.875158,52.362781],[4.875183,52.362756],[4.875196,52.362742],[4.875207,52.362731],[4.875217,52.362721],[4.875239,52.362698],[4.875259,52.362676]]}},{"type":"Feature","properties":{"id":808,"source":875,"target":876,"cost":5.78,"reverse_cost":-1,"capacity":1000,"reverse_capacity":-1,"x1":4.875259,"y1":52.362676,"x2":4.875298,"y2":52.36263},"geometry":{"type":"LineString","coordinates":[[4.875259,52.362676],[4.875286,52.362645],[4.875298,52.36263]]}},{"type":"Feature","properties":{"id":809,"source":123,"target":877,"cost":33.04,"reverse_cost":33.04,"capacity":1200,"reverse_capacity":1200,"x1":4.899334,"y1":52.370159,"x2":4.89979,"y2":52.370056},"geometry":{"type":"LineString","coordinates":[[4.899334,52.370159],[4.899527,52.370118],[4.899724,52.370073],[4.89979,52.370056]]}},{"type":"Feature","properties":{"id":810,"source":378,"target":878,"cost":11.7,"reverse_cost":11.7,"capacity":1200,"reverse_capacity":1200,"x1":4.888802,"y1":52.372186,"x2":4.88863,"y2":52.372187},"geometry":{"type":"LineString","coordinates":[[4.888802,52.372186],[4.88863,52.372187]]}},{"type":"Feature","properties":{"id":811,"source":879,"target":880,"cost":14.77,"reverse_cost":-1,"capacity":1000,"reverse_capacity":-1,"x1":4.898904,"y1":52.376756,"x2":4.899099,"y2":52.376705},"geometry":{"type":"LineString","coordinates":[[4.898904,52.376756],[4.898939,52.37674],[4.898974,52.376725],[4.899013,52.376713],[4.899037,52.376709],[4.899057,52.376706],[4.899099,52.376705]]}},{"type":"Feature","properties":{"id":812,"source":880,"target":881,"cost":24.65,"reverse_cost":-1,"capacity":1000,"reverse_capacity":-1,"x1":4.899099,"y1":52.376705,"x2":4.899458,"y2":52.37674},"geometry":{"type":"LineString","coordinates":[[4.899099,52.376705],[4.899134,52.376705],[4.899458,52.37674]]}},{"type":"Feature","properties":{"id":813,"source":881,"target":882,"cost":89.61,"reverse_cost":-1,"capacity":1000,"reverse_capacity":-1,"x1":4.899458,"y1":52.37674,"x2":4.900762,"y2":52.376865},"geometry":{"type":"LineString","coordinates":[[4.899458,52.37674],[4.900762,52.376865]]}},{"type":"Feature","properties":{"id":814,"source":882,"target":883,"cost":92.34,"reverse_cost":-1,"capacity":1000,"reverse_capacity":-1,"x1":4.900762,"y1":52.376865,"x2":4.902093,"y2":52.376889},"geometry":{"type":"LineString","coordinates":[[4.900762,52.376865],[4.901047,52.376892],[4.901327,52.37692],[4.901544,52.37694],[4.901589,52.376943],[4.901634,52.376944],[4.901676,52.376944],[4.901719,52.376945],[4.901812,52.376944],[4.901851,52.376944],[4.901883,52.376942],[4.901918,52.376937],[4.901945,52.376933],[4.901983,52.376925],[4.902021,52.376915],[4.902054,52.376904],[4.902093,52.376889]]}},{"type":"Feature","properties":{"id":815,"source":884,"target":126,"cost":15.96,"reverse_cost":15.96,"capacity":1200,"reverse_capacity":1200,"x1":4.894907,"y1":52.369132,"x2":4.894989,"y2":52.369266},"geometry":{"type":"LineString","coordinates":[[4.894907,52.369132],[4.894961,52.369239],[4.894989,52.369266]]}},{"type":"Feature","properties":{"id":816,"source":885,"target":287,"cost":20.38,"reverse_cost":20.38,"capacity":1200,"reverse_capacity":1200,"x1":4.902078,"y1":52.362583,"x2":4.901994,"y2":52.362759},"geometry":{"type":"LineString","coordinates":[[4.902078,52.362583],[4.902032,52.362679],[4.901994,52.362759]]}},{"type":"Feature","properties":{"id":817,"source":199,"target":886,"cost":25.25,"reverse_cost":-1,"capacity":2000,"reverse_capacity":-1,"x1":4.901594,"y1":52.366516,"x2":4.901811,"y2":52.3667},"geometry":{"type":"LineString","coordinates":[[4.901594,52.366516],[4.901626,52.36654],[4.901679,52.36658],[4.901811,52.3667]]}},{"type":"Feature","properties":{"id":818,"source":887,"target":165,"cost":10.94,"reverse_cost":-1,"capacity":1200,"reverse_capacity":-1,"x1":4.89598,"y1":52.367618,"x2":4.896023,"y2":52.367713},"geometry":{"type":"LineString","coordinates":[[4.89598,52.367618],[4.896023,52.367713]]}},{"type":"Feature","properties":{"id":819,"source":163,"target":888,"cost":16.99,"reverse_cost":-1,"capacity":1600,"reverse_capacity":-1,"x1":4.895772,"y1":52.367049,"x2":4.895819,"y2":52.367199},"geometry":{"type":"LineString","coordinates":[[4.895772,52.367049],[4.895795,52.367129],[4.895819,52.367199]]}},{"type":"Feature","properties":{"id":820,"source":889,"target":207,"cost":9.17,"reverse_cost":9.17,"capacity":1200,"reverse_capacity":1200,"x1":4.896057,"y1":52.364876,"x2":4.896023,"y2":52.364956},"geometry":{"type":"LineString","coordinates":[[4.896057,52.364876],[4.896023,52.364956]]}},{"type":"Feature","properties":{"id":821,"source":203,"target":889,"cost":20.33,"reverse_cost":20.33,"capacity":1200,"reverse_capacity":1200,"x1":4.896069,"y1":52.364694,"x2":4.896057,"y2":52.364876},"geometry":{"type":"LineString","coordinates":[[4.896069,52.364694],[4.896057,52.364876]]}},{"type":"Feature","properties":{"id":822,"source":262,"target":890,"cost":10.36,"reverse_cost":10.36,"capacity":1200,"reverse_capacity":1200,"x1":4.896171,"y1":52.363193,"x2":4.896171,"y2":52.363286},"geometry":{"type":"LineString","coordinates":[[4.896171,52.363193],[4.896171,52.363286]]}},{"type":"Feature","properties":{"id":823,"source":891,"target":276,"cost":7.98,"reverse_cost":7.98,"capacity":600,"reverse_capacity":600,"x1":4.895893,"y1":52.363563,"x2":4.895776,"y2":52.363571},"geometry":{"type":"LineString","coordinates":[[4.895893,52.363563],[4.895776,52.363571]]}},{"type":"Feature","properties":{"id":824,"source":891,"target":892,"cost":9.17,"reverse_cost":9.17,"capacity":600,"reverse_capacity":600,"x1":4.895893,"y1":52.363563,"x2":4.896028,"y2":52.363566},"geometry":{"type":"LineString","coordinates":[[4.895893,52.363563],[4.896028,52.363566]]}},{"type":"Feature","properties":{"id":825,"source":893,"target":894,"cost":13.78,"reverse_cost":-1,"capacity":2000,"reverse_capacity":-1,"x1":4.900524,"y1":52.366313,"x2":4.900327,"y2":52.36631},"geometry":{"type":"LineString","coordinates":[[4.900524,52.366313],[4.900463,52.366299],[4.900409,52.366299],[4.900327,52.36631]]}},{"type":"Feature","properties":{"id":826,"source":836,"target":741,"cost":28.96,"reverse_cost":28.96,"capacity":2000,"reverse_capacity":2000,"x1":4.873135,"y1":52.378964,"x2":4.872752,"y2":52.379078},"geometry":{"type":"LineString","coordinates":[[4.873135,52.378964],[4.872752,52.379078]]}},{"type":"Feature","properties":{"id":827,"source":840,"target":895,"cost":30.56,"reverse_cost":-1,"capacity":1500,"reverse_capacity":-1,"x1":4.877536,"y1":52.378302,"x2":4.877728,"y2":52.37855},"geometry":{"type":"LineString","coordinates":[[4.877536,52.378302],[4.877645,52.378424],[4.877673,52.378466],[4.877688,52.37849],[4.877728,52.37855]]}},{"type":"Feature","properties":{"id":828,"source":895,"target":896,"cost":12.85,"reverse_cost":-1,"capacity":1500,"reverse_capacity":-1,"x1":4.877728,"y1":52.37855,"x2":4.877791,"y2":52.378659},"geometry":{"type":"LineString","coordinates":[[4.877728,52.37855],[4.877752,52.378596],[4.877761,52.37861],[4.877767,52.378621],[4.877787,52.378653],[4.877791,52.378659]]}},{"type":"Feature","properties":{"id":829,"source":896,"target":897,"cost":151.66,"reverse_cost":-1,"capacity":1500,"reverse_capacity":-1,"x1":4.877791,"y1":52.378659,"x2":4.878624,"y2":52.379925},"geometry":{"type":"LineString","coordinates":[[4.877791,52.378659],[4.877823,52.378716],[4.877896,52.378838],[4.878624,52.379925]]}},{"type":"Feature","properties":{"id":830,"source":897,"target":898,"cost":133.76,"reverse_cost":-1,"capacity":1500,"reverse_capacity":-1,"x1":4.878624,"y1":52.379925,"x2":4.879294,"y2":52.381056},"geometry":{"type":"LineString","coordinates":[[4.878624,52.379925],[4.8791,52.38069],[4.879294,52.381056]]}},{"type":"Feature","properties":{"id":831,"source":831,"target":743,"cost":81.38,"reverse_cost":-1,"capacity":1200,"reverse_capacity":-1,"x1":4.873253,"y1":52.378933,"x2":4.873811,"y2":52.379581},"geometry":{"type":"LineString","coordinates":[[4.873253,52.378933],[4.873811,52.379581]]}},{"type":"Feature","properties":{"id":832,"source":743,"target":811,"cost":41.99,"reverse_cost":-1,"capacity":1200,"reverse_capacity":-1,"x1":4.873811,"y1":52.379581,"x2":4.874101,"y2":52.379914},"geometry":{"type":"LineString","coordinates":[[4.873811,52.379581],[4.874101,52.379914]]}},{"type":"Feature","properties":{"id":833,"source":811,"target":899,"cost":30.37,"reverse_cost":-1,"capacity":1200,"reverse_capacity":-1,"x1":4.874101,"y1":52.379914,"x2":4.874293,"y2":52.380161},"geometry":{"type":"LineString","coordinates":[[4.874101,52.379914],[4.874293,52.380161]]}},{"type":"Feature","properties":{"id":834,"source":752,"target":810,"cost":72.88,"reverse_cost":72.88,"capacity":1200,"reverse_capacity":1200,"x1":4.876878,"y1":52.379692,"x2":4.876518,"y2":52.38031},"geometry":{"type":"LineString","coordinates":[[4.876878,52.379692],[4.876518,52.38031]]}},{"type":"Feature","properties":{"id":835,"source":810,"target":900,"cost":66.86,"reverse_cost":66.86,"capacity":1200,"reverse_capacity":1200,"x1":4.876518,"y1":52.38031,"x2":4.876292,"y2":52.380886},"geometry":{"type":"LineString","coordinates":[[4.876518,52.38031],[4.876395,52.38057],[4.876269,52.380841],[4.87627,52.380861],[4.876292,52.380886]]}},{"type":"Feature","properties":{"id":836,"source":259,"target":901,"cost":260.11,"reverse_cost":-1,"capacity":1200,"reverse_capacity":-1,"x1":4.89585,"y1":52.362426,"x2":4.892111,"y2":52.362935},"geometry":{"type":"LineString","coordinates":[[4.89585,52.362426],[4.895663,52.362448],[4.892257,52.362915],[4.892207,52.362921],[4.892167,52.362927],[4.892111,52.362935]]}},{"type":"Feature","properties":{"id":837,"source":902,"target":903,"cost":15.63,"reverse_cost":-1,"capacity":1600,"reverse_capacity":-1,"x1":4.897547,"y1":52.378628,"x2":4.897408,"y2":52.378515},"geometry":{"type":"LineString","coordinates":[[4.897547,52.378628],[4.897408,52.378515]]}},{"type":"Feature","properties":{"id":838,"source":904,"target":905,"cost":7.03,"reverse_cost":7.03,"capacity":1200,"reverse_capacity":1200,"x1":4.893951,"y1":52.367621,"x2":4.89403,"y2":52.367662},"geometry":{"type":"LineString","coordinates":[[4.893951,52.367621],[4.89403,52.367662]]}},{"type":"Feature","properties":{"id":839,"source":904,"target":173,"cost":21.26,"reverse_cost":-1,"capacity":1200,"reverse_capacity":-1,"x1":4.893951,"y1":52.367621,"x2":4.893697,"y2":52.367509},"geometry":{"type":"LineString","coordinates":[[4.893951,52.367621],[4.893697,52.367509]]}},{"type":"Feature","properties":{"id":840,"source":832,"target":802,"cost":30.98,"reverse_cost":-1,"capacity":1200,"reverse_capacity":-1,"x1":4.872709,"y1":52.378275,"x2":4.87313,"y2":52.378167},"geometry":{"type":"LineString","coordinates":[[4.872709,52.378275],[4.87313,52.378167]]}},{"type":"Feature","properties":{"id":841,"source":906,"target":87,"cost":16.51,"reverse_cost":-1,"capacity":3000,"reverse_capacity":-1,"x1":4.905684,"y1":52.365138,"x2":4.905597,"y2":52.365277},"geometry":{"type":"LineString","coordinates":[[4.905684,52.365138],[4.905597,52.365277]]}},{"type":"Feature","properties":{"id":842,"source":907,"target":908,"cost":16.35,"reverse_cost":-1,"capacity":4500,"reverse_capacity":-1,"x1":4.905496,"y1":52.365256,"x2":4.905579,"y2":52.365118},"geometry":{"type":"LineString","coordinates":[[4.905496,52.365256],[4.905579,52.365118]]}},{"type":"Feature","properties":{"id":843,"source":427,"target":909,"cost":11.1,"reverse_cost":11.1,"capacity":1200,"reverse_capacity":1200,"x1":4.883242,"y1":52.375179,"x2":4.883322,"y2":52.375267},"geometry":{"type":"LineString","coordinates":[[4.883242,52.375179],[4.883322,52.375267]]}},{"type":"Feature","properties":{"id":844,"source":909,"target":405,"cost":7.66,"reverse_cost":7.66,"capacity":1200,"reverse_capacity":1200,"x1":4.883322,"y1":52.375267,"x2":4.883372,"y2":52.375328},"geometry":{"type":"LineString","coordinates":[[4.883322,52.375267],[4.883372,52.375328]]}},{"type":"Feature","properties":{"id":845,"source":910,"target":772,"cost":5.52,"reverse_cost":5.52,"capacity":1200,"reverse_capacity":1200,"x1":4.888716,"y1":52.380487,"x2":4.888756,"y2":52.38053},"geometry":{"type":"LineString","coordinates":[[4.888716,52.380487],[4.888756,52.38053]]}},{"type":"Feature","properties":{"id":846,"source":911,"target":910,"cost":21.68,"reverse_cost":21.68,"capacity":1200,"reverse_capacity":1200,"x1":4.888555,"y1":52.380319,"x2":4.888716,"y2":52.380487},"geometry":{"type":"LineString","coordinates":[[4.888555,52.380319],[4.888716,52.380487]]}},{"type":"Feature","properties":{"id":847,"source":912,"target":814,"cost":8.54,"reverse_cost":-1,"capacity":1200,"reverse_capacity":-1,"x1":4.888405,"y1":52.380313,"x2":4.888506,"y2":52.380267},"geometry":{"type":"LineString","coordinates":[[4.888405,52.380313],[4.888506,52.380267]]}},{"type":"Feature","properties":{"id":848,"source":913,"target":914,"cost":20.54,"reverse_cost":-1,"capacity":1200,"reverse_capacity":-1,"x1":4.888476,"y1":52.366775,"x2":4.888218,"y2":52.366679},"geometry":{"type":"LineString","coordinates":[[4.888476,52.366775],[4.888278,52.366708],[4.888241,52.366692],[4.888218,52.366679]]}},{"type":"Feature","properties":{"id":849,"source":915,"target":916,"cost":27.75,"reverse_cost":-1,"capacity":1200,"reverse_capacity":-1,"x1":4.888785,"y1":52.368875,"x2":4.888966,"y2":52.368652},"geometry":{"type":"LineString","coordinates":[[4.888785,52.368875],[4.88883,52.368804],[4.888847,52.368781],[4.888866,52.368757],[4.888903,52.368714],[4.888924,52.36869],[4.888944,52.368671],[4.888966,52.368652]]}},{"type":"Feature","properties":{"id":850,"source":237,"target":247,"cost":439.45,"reverse_cost":-1,"capacity":1200,"reverse_capacity":-1,"x1":4.894468,"y1":52.377372,"x2":4.890283,"y2":52.374374},"geometry":{"type":"LineString","coordinates":[[4.894468,52.377372],[4.894406,52.377343],[4.894339,52.377309],[4.894246,52.377257],[4.893935,52.377091],[4.893775,52.377002],[4.893584,52.376891],[4.893392,52.376774],[4.893114,52.376586],[4.892834,52.376387],[4.892551,52.376187],[4.892272,52.375991],[4.891966,52.375755],[4.891647,52.37551],[4.891336,52.375271],[4.891038,52.375025],[4.890812,52.374846],[4.890623,52.374682],[4.890456,52.374539],[4.8904,52.37449],[4.89034,52.374434],[4.890283,52.374374]]}},{"type":"Feature","properties":{"id":851,"source":917,"target":918,"cost":6.6,"reverse_cost":-1,"capacity":3000,"reverse_capacity":-1,"x1":4.902705,"y1":52.376377,"x2":4.90276,"y2":52.376328},"geometry":{"type":"LineString","coordinates":[[4.902705,52.376377],[4.90276,52.376328]]}},{"type":"Feature","properties":{"id":852,"source":919,"target":920,"cost":40.83,"reverse_cost":-1,"capacity":2400,"reverse_capacity":-1,"x1":4.903548,"y1":52.375265,"x2":4.90345,"y2":52.375624},"geometry":{"type":"LineString","coordinates":[[4.903548,52.375265],[4.903511,52.375324],[4.903486,52.375375],[4.903473,52.375405],[4.903464,52.375436],[4.903454,52.37548],[4.90345,52.375624]]}},{"type":"Feature","properties":{"id":853,"source":921,"target":919,"cost":6.97,"reverse_cost":-1,"capacity":2400,"reverse_capacity":-1,"x1":4.903603,"y1":52.375212,"x2":4.903548,"y2":52.375265},"geometry":{"type":"LineString","coordinates":[[4.903603,52.375212],[4.903572,52.375238],[4.903548,52.375265]]}},{"type":"Feature","properties":{"id":854,"source":922,"target":923,"cost":9.06,"reverse_cost":-1,"capacity":3000,"reverse_capacity":-1,"x1":4.903372,"y1":52.375258,"x2":4.903445,"y2":52.37519},"geometry":{"type":"LineString","coordinates":[[4.903372,52.375258],[4.903407,52.375221],[4.903445,52.37519]]}},{"type":"Feature","properties":{"id":855,"source":144,"target":109,"cost":165.08,"reverse_cost":-1,"capacity":1200,"reverse_capacity":-1,"x1":4.893589,"y1":52.370808,"x2":4.893239,"y2":52.36934},"geometry":{"type":"LineString","coordinates":[[4.893589,52.370808],[4.89359,52.370719],[4.893506,52.370413],[4.893461,52.37019],[4.893439,52.370088],[4.893397,52.369938],[4.893239,52.36934]]}},{"type":"Feature","properties":{"id":856,"source":924,"target":925,"cost":4.1,"reverse_cost":-1,"capacity":1200,"reverse_capacity":-1,"x1":4.902313,"y1":52.376713,"x2":4.902296,"y2":52.376678},"geometry":{"type":"LineString","coordinates":[[4.902313,52.376713],[4.902296,52.376678]]}},{"type":"Feature","properties":{"id":857,"source":926,"target":917,"cost":34.23,"reverse_cost":-1,"capacity":3000,"reverse_capacity":-1,"x1":4.902412,"y1":52.376628,"x2":4.902705,"y2":52.376377},"geometry":{"type":"LineString","coordinates":[[4.902412,52.376628],[4.902705,52.376377]]}},{"type":"Feature","properties":{"id":858,"source":927,"target":284,"cost":29.21,"reverse_cost":-1,"capacity":1200,"reverse_capacity":-1,"x1":4.891914,"y1":52.362961,"x2":4.891494,"y2":52.363016},"geometry":{"type":"LineString","coordinates":[[4.891914,52.362961],[4.891892,52.362963],[4.891829,52.362972],[4.891494,52.363016]]}},{"type":"Feature","properties":{"id":859,"source":628,"target":649,"cost":12.62,"reverse_cost":12.62,"capacity":3000,"reverse_capacity":3000,"x1":4.875018,"y1":52.373488,"x2":4.874974,"y2":52.373378},"geometry":{"type":"LineString","coordinates":[[4.875018,52.373488],[4.874974,52.373378]]}},{"type":"Feature","properties":{"id":860,"source":928,"target":929,"cost":69.88,"reverse_cost":69.88,"capacity":1200,"reverse_capacity":1200,"x1":4.871833,"y1":52.365866,"x2":4.872758,"y2":52.366141},"geometry":{"type":"LineString","coordinates":[[4.871833,52.365866],[4.872758,52.366141]]}},{"type":"Feature","properties":{"id":861,"source":930,"target":931,"cost":10.52,"reverse_cost":-1,"capacity":1500,"reverse_capacity":-1,"x1":4.879032,"y1":52.38163,"x2":4.879058,"y2":52.381537},"geometry":{"type":"LineString","coordinates":[[4.879032,52.38163],[4.879058,52.381537]]}},{"type":"Feature","properties":{"id":862,"source":931,"target":809,"cost":88.49,"reverse_cost":-1,"capacity":1500,"reverse_capacity":-1,"x1":4.879058,"y1":52.381537,"x2":4.878973,"y2":52.380751},"geometry":{"type":"LineString","coordinates":[[4.879058,52.381537],[4.879068,52.381483],[4.879082,52.381411],[4.879095,52.381246],[4.879089,52.381087],[4.879061,52.380929],[4.878973,52.380751]]}},{"type":"Feature","properties":{"id":863,"source":809,"target":751,"cost":93.97,"reverse_cost":-1,"capacity":1500,"reverse_capacity":-1,"x1":4.878973,"y1":52.380751,"x2":4.878473,"y2":52.379963},"geometry":{"type":"LineString","coordinates":[[4.878973,52.380751],[4.878473,52.379963]]}},{"type":"Feature","properties":{"id":864,"source":751,"target":932,"cost":151.73,"reverse_cost":-1,"capacity":1500,"reverse_capacity":-1,"x1":4.878473,"y1":52.379963,"x2":4.877671,"y2":52.378692},"geometry":{"type":"LineString","coordinates":[[4.878473,52.379963],[4.877761,52.378913],[4.877739,52.378877],[4.877736,52.37887],[4.877714,52.378825],[4.877699,52.378781],[4.877682,52.378732],[4.877671,52.378692]]}},{"type":"Feature","properties":{"id":865,"source":933,"target":934,"cost":12.39,"reverse_cost":-1,"capacity":1500,"reverse_capacity":-1,"x1":4.879176,"y1":52.381807,"x2":4.879136,"y2":52.381915},"geometry":{"type":"LineString","coordinates":[[4.879176,52.381807],[4.879136,52.381915]]}},{"type":"Feature","properties":{"id":866,"source":935,"target":936,"cost":9.99,"reverse_cost":-1,"capacity":800,"reverse_capacity":-1,"x1":4.876839,"y1":52.370418,"x2":4.876897,"y2":52.370335},"geometry":{"type":"LineString","coordinates":[[4.876839,52.370418],[4.876897,52.370335]]}},{"type":"Feature","properties":{"id":867,"source":936,"target":503,"cost":55.5,"reverse_cost":-1,"capacity":800,"reverse_capacity":-1,"x1":4.876897,"y1":52.370335,"x2":4.877167,"y2":52.369865},"geometry":{"type":"LineString","coordinates":[[4.876897,52.370335],[4.876985,52.370215],[4.877025,52.370159],[4.877045,52.370125],[4.877079,52.370058],[4.877111,52.369991],[4.877167,52.369865]]}},{"type":"Feature","properties":{"id":868,"source":937,"target":938,"cost":54.98,"reverse_cost":-1,"capacity":1200,"reverse_capacity":-1,"x1":4.899113,"y1":52.376609,"x2":4.899624,"y2":52.376227},"geometry":{"type":"LineString","coordinates":[[4.899113,52.376609],[4.899125,52.376589],[4.899142,52.376572],[4.899176,52.376548],[4.899572,52.376266],[4.899624,52.376227]]}},{"type":"Feature","properties":{"id":869,"source":938,"target":140,"cost":56.07,"reverse_cost":-1,"capacity":1200,"reverse_capacity":-1,"x1":4.899624,"y1":52.376227,"x2":4.900136,"y2":52.375831},"geometry":{"type":"LineString","coordinates":[[4.899624,52.376227],[4.899897,52.376022],[4.90003,52.375921],[4.900136,52.375831]]}},{"type":"Feature","properties":{"id":870,"source":939,"target":159,"cost":5.77,"reverse_cost":5.77,"capacity":1200,"reverse_capacity":1200,"x1":4.901261,"y1":52.370507,"x2":4.901179,"y2":52.370495},"geometry":{"type":"LineString","coordinates":[[4.901261,52.370507],[4.901179,52.370495]]}},{"type":"Feature","properties":{"id":871,"source":159,"target":51,"cost":38.08,"reverse_cost":38.08,"capacity":1200,"reverse_capacity":1200,"x1":4.901179,"y1":52.370495,"x2":4.900635,"y2":52.370514},"geometry":{"type":"LineString","coordinates":[[4.901179,52.370495],[4.901154,52.370508],[4.901125,52.370511],[4.900777,52.37049],[4.900735,52.370491],[4.900699,52.370496],[4.900635,52.370514]]}},{"type":"Feature","properties":{"id":872,"source":940,"target":27,"cost":70.43,"reverse_cost":70.43,"capacity":1200,"reverse_capacity":1200,"x1":4.901212,"y1":52.371643,"x2":4.901593,"y2":52.371055},"geometry":{"type":"LineString","coordinates":[[4.901212,52.371643],[4.901294,52.371534],[4.901465,52.371262],[4.901563,52.371107],[4.901578,52.37109],[4.901593,52.371055]]}},{"type":"Feature","properties":{"id":873,"source":941,"target":942,"cost":21.67,"reverse_cost":21.67,"capacity":1200,"reverse_capacity":1200,"x1":4.874132,"y1":52.366515,"x2":4.874425,"y2":52.366593},"geometry":{"type":"LineString","coordinates":[[4.874132,52.366515],[4.874425,52.366593]]}},{"type":"Feature","properties":{"id":874,"source":942,"target":337,"cost":10.04,"reverse_cost":10.04,"capacity":1200,"reverse_capacity":1200,"x1":4.874425,"y1":52.366593,"x2":4.874561,"y2":52.366628},"geometry":{"type":"LineString","coordinates":[[4.874425,52.366593],[4.874561,52.366628]]}},{"type":"Feature","properties":{"id":875,"source":581,"target":943,"cost":18.57,"reverse_cost":18.57,"capacity":1200,"reverse_capacity":1200,"x1":4.872264,"y1":52.369259,"x2":4.872515,"y2":52.369325},"geometry":{"type":"LineString","coordinates":[[4.872264,52.369259],[4.872515,52.369325]]}},{"type":"Feature","properties":{"id":876,"source":943,"target":602,"cost":12.03,"reverse_cost":12.03,"capacity":1200,"reverse_capacity":1200,"x1":4.872515,"y1":52.369325,"x2":4.872677,"y2":52.369369},"geometry":{"type":"LineString","coordinates":[[4.872515,52.369325],[4.872677,52.369369]]}},{"type":"Feature","properties":{"id":877,"source":602,"target":576,"cost":73.73,"reverse_cost":73.73,"capacity":1200,"reverse_capacity":1200,"x1":4.872677,"y1":52.369369,"x2":4.873685,"y2":52.369615},"geometry":{"type":"LineString","coordinates":[[4.872677,52.369369],[4.873685,52.369615]]}},{"type":"Feature","properties":{"id":878,"source":576,"target":944,"cost":88.29,"reverse_cost":88.29,"capacity":1200,"reverse_capacity":1200,"x1":4.873685,"y1":52.369615,"x2":4.874889,"y2":52.369916},"geometry":{"type":"LineString","coordinates":[[4.873685,52.369615],[4.87481,52.369896],[4.874889,52.369916]]}},{"type":"Feature","properties":{"id":879,"source":572,"target":945,"cost":30.84,"reverse_cost":30.84,"capacity":3000,"reverse_capacity":3000,"x1":4.877238,"y1":52.366542,"x2":4.877048,"y2":52.366794},"geometry":{"type":"LineString","coordinates":[[4.877238,52.366542],[4.877132,52.366669],[4.877048,52.366794]]}},{"type":"Feature","properties":{"id":880,"source":375,"target":946,"cost":15.72,"reverse_cost":-1,"capacity":1200,"reverse_capacity":-1,"x1":4.879176,"y1":52.367858,"x2":4.879266,"y2":52.367728},"geometry":{"type":"LineString","coordinates":[[4.879176,52.367858],[4.879266,52.367728]]}},{"type":"Feature","properties":{"id":881,"source":946,"target":475,"cost":4.41,"reverse_cost":-1,"capacity":1200,"reverse_capacity":-1,"x1":4.879266,"y1":52.367728,"x2":4.879292,"y2":52.367692},"geometry":{"type":"LineString","coordinates":[[4.879266,52.367728],[4.879292,52.367692]]}},{"type":"Feature","properties":{"id":882,"source":509,"target":372,"cost":10.4,"reverse_cost":-1,"capacity":1200,"reverse_capacity":-1,"x1":4.879656,"y1":52.367206,"x2":4.879791,"y2":52.36725},"geometry":{"type":"LineString","coordinates":[[4.879656,52.367206],[4.879791,52.36725]]}},{"type":"Feature","properties":{"id":883,"source":947,"target":507,"cost":5.38,"reverse_cost":5.38,"capacity":1200,"reverse_capacity":1200,"x1":4.880035,"y1":52.366681,"x2":4.880003,"y2":52.366725},"geometry":{"type":"LineString","coordinates":[[4.880035,52.366681],[4.880003,52.366725]]}},{"type":"Feature","properties":{"id":884,"source":486,"target":947,"cost":6.48,"reverse_cost":6.48,"capacity":1200,"reverse_capacity":1200,"x1":4.880071,"y1":52.366627,"x2":4.880035,"y2":52.366681},"geometry":{"type":"LineString","coordinates":[[4.880071,52.366627],[4.880035,52.366681]]}},{"type":"Feature","properties":{"id":885,"source":472,"target":948,"cost":7.71,"reverse_cost":7.71,"capacity":1200,"reverse_capacity":1200,"x1":4.882449,"y1":52.366181,"x2":4.882506,"y2":52.366121},"geometry":{"type":"LineString","coordinates":[[4.882449,52.366181],[4.882506,52.366121]]}},{"type":"Feature","properties":{"id":886,"source":949,"target":950,"cost":10.94,"reverse_cost":10.94,"capacity":1200,"reverse_capacity":1200,"x1":4.88313,"y1":52.366148,"x2":4.883037,"y2":52.366228},"geometry":{"type":"LineString","coordinates":[[4.88313,52.366148],[4.883037,52.366228]]}},{"type":"Feature","properties":{"id":887,"source":487,"target":951,"cost":8.71,"reverse_cost":8.71,"capacity":1200,"reverse_capacity":1200,"x1":4.882934,"y1":52.366357,"x2":4.882817,"y2":52.366326},"geometry":{"type":"LineString","coordinates":[[4.882934,52.366357],[4.882817,52.366326]]}},{"type":"Feature","properties":{"id":888,"source":478,"target":469,"cost":7.39,"reverse_cost":-1,"capacity":1200,"reverse_capacity":-1,"x1":4.882231,"y1":52.367454,"x2":4.882223,"y2":52.367388},"geometry":{"type":"LineString","coordinates":[[4.882231,52.367454],[4.882223,52.367388]]}},{"type":"Feature","properties":{"id":889,"source":467,"target":952,"cost":5.83,"reverse_cost":5.83,"capacity":1200,"reverse_capacity":1200,"x1":4.885228,"y1":52.366896,"x2":4.885167,"y2":52.366933},"geometry":{"type":"LineString","coordinates":[[4.885228,52.366896],[4.885167,52.366933]]}},{"type":"Feature","properties":{"id":890,"source":407,"target":953,"cost":6.18,"reverse_cost":6.18,"capacity":1200,"reverse_capacity":1200,"x1":4.877055,"y1":52.373966,"x2":4.876965,"y2":52.373959},"geometry":{"type":"LineString","coordinates":[[4.877055,52.373966],[4.877008,52.373962],[4.876965,52.373959]]}},{"type":"Feature","properties":{"id":891,"source":445,"target":954,"cost":13.06,"reverse_cost":13.06,"capacity":1200,"reverse_capacity":1200,"x1":4.879645,"y1":52.371043,"x2":4.87957,"y2":52.371152},"geometry":{"type":"LineString","coordinates":[[4.879645,52.371043],[4.87957,52.371152]]}},{"type":"Feature","properties":{"id":892,"source":954,"target":460,"cost":3.45,"reverse_cost":3.45,"capacity":1200,"reverse_capacity":1200,"x1":4.87957,"y1":52.371152,"x2":4.87955,"y2":52.37118},"geometry":{"type":"LineString","coordinates":[[4.87957,52.371152],[4.87955,52.37118]]}},{"type":"Feature","properties":{"id":893,"source":955,"target":956,"cost":31.93,"reverse_cost":-1,"capacity":1200,"reverse_capacity":-1,"x1":4.880935,"y1":52.363216,"x2":4.880563,"y2":52.36304},"geometry":{"type":"LineString","coordinates":[[4.880935,52.363216],[4.880563,52.36304]]}},{"type":"Feature","properties":{"id":894,"source":956,"target":957,"cost":9.56,"reverse_cost":-1,"capacity":1200,"reverse_capacity":-1,"x1":4.880563,"y1":52.36304,"x2":4.88046,"y2":52.362982},"geometry":{"type":"LineString","coordinates":[[4.880563,52.36304],[4.880509,52.363005],[4.88046,52.362982]]}},{"type":"Feature","properties":{"id":895,"source":479,"target":958,"cost":26.64,"reverse_cost":26.64,"capacity":1200,"reverse_capacity":1200,"x1":4.884752,"y1":52.368848,"x2":4.884359,"y2":52.368857},"geometry":{"type":"LineString","coordinates":[[4.884752,52.368848],[4.884359,52.368857]]}},{"type":"Feature","properties":{"id":896,"source":958,"target":414,"cost":6.29,"reverse_cost":6.29,"capacity":1200,"reverse_capacity":1200,"x1":4.884359,"y1":52.368857,"x2":4.884267,"y2":52.368863},"geometry":{"type":"LineString","coordinates":[[4.884359,52.368857],[4.884267,52.368863]]}},{"type":"Feature","properties":{"id":897,"source":366,"target":959,"cost":23.49,"reverse_cost":23.49,"capacity":1200,"reverse_capacity":1200,"x1":4.88279,"y1":52.368916,"x2":4.882444,"y2":52.368927},"geometry":{"type":"LineString","coordinates":[[4.88279,52.368916],[4.882444,52.368927]]}},{"type":"Feature","properties":{"id":898,"source":959,"target":369,"cost":5.86,"reverse_cost":5.86,"capacity":1200,"reverse_capacity":1200,"x1":4.882444,"y1":52.368927,"x2":4.882359,"y2":52.368919},"geometry":{"type":"LineString","coordinates":[[4.882444,52.368927],[4.882402,52.368924],[4.882359,52.368919]]}},{"type":"Feature","properties":{"id":899,"source":368,"target":960,"cost":6.24,"reverse_cost":6.24,"capacity":1200,"reverse_capacity":1200,"x1":4.882333,"y1":52.368736,"x2":4.88234,"y2":52.368792},"geometry":{"type":"LineString","coordinates":[[4.882333,52.368736],[4.88234,52.368792]]}},{"type":"Feature","properties":{"id":900,"source":960,"target":369,"cost":14.13,"reverse_cost":14.13,"capacity":1200,"reverse_capacity":1200,"x1":4.88234,"y1":52.368792,"x2":4.882359,"y2":52.368919},"geometry":{"type":"LineString","coordinates":[[4.88234,52.368792],[4.882359,52.368919]]}},{"type":"Feature","properties":{"id":901,"source":455,"target":961,"cost":26.99,"reverse_cost":26.99,"capacity":1200,"reverse_capacity":1200,"x1":4.882543,"y1":52.370435,"x2":4.88294,"y2":52.370425},"geometry":{"type":"LineString","coordinates":[[4.882543,52.370435],[4.88294,52.370425]]}},{"type":"Feature","properties":{"id":902,"source":961,"target":454,"cost":3.25,"reverse_cost":3.25,"capacity":1200,"reverse_capacity":1200,"x1":4.88294,"y1":52.370425,"x2":4.882988,"y2":52.370424},"geometry":{"type":"LineString","coordinates":[[4.88294,52.370425],[4.882988,52.370424]]}},{"type":"Feature","properties":{"id":903,"source":390,"target":962,"cost":25.07,"reverse_cost":25.07,"capacity":1200,"reverse_capacity":1200,"x1":4.884513,"y1":52.370366,"x2":4.884881,"y2":52.370351},"geometry":{"type":"LineString","coordinates":[[4.884513,52.370366],[4.884881,52.370351]]}},{"type":"Feature","properties":{"id":904,"source":962,"target":386,"cost":5.99,"reverse_cost":5.99,"capacity":1200,"reverse_capacity":1200,"x1":4.884881,"y1":52.370351,"x2":4.88497,"y2":52.370348},"geometry":{"type":"LineString","coordinates":[[4.884881,52.370351],[4.88497,52.370348]]}},{"type":"Feature","properties":{"id":905,"source":349,"target":352,"cost":8.04,"reverse_cost":8.04,"capacity":1200,"reverse_capacity":1200,"x1":4.886751,"y1":52.370277,"x2":4.886634,"y2":52.370283},"geometry":{"type":"LineString","coordinates":[[4.886751,52.370277],[4.886634,52.370283]]}},{"type":"Feature","properties":{"id":906,"source":377,"target":963,"cost":24.09,"reverse_cost":24.09,"capacity":1200,"reverse_capacity":1200,"x1":4.888272,"y1":52.370181,"x2":4.887918,"y2":52.370203},"geometry":{"type":"LineString","coordinates":[[4.888272,52.370181],[4.887918,52.370203]]}},{"type":"Feature","properties":{"id":907,"source":963,"target":354,"cost":7.62,"reverse_cost":7.62,"capacity":1200,"reverse_capacity":1200,"x1":4.887918,"y1":52.370203,"x2":4.887807,"y2":52.370213},"geometry":{"type":"LineString","coordinates":[[4.887918,52.370203],[4.887807,52.370213]]}},{"type":"Feature","properties":{"id":908,"source":464,"target":964,"cost":24.15,"reverse_cost":24.15,"capacity":1200,"reverse_capacity":1200,"x1":4.88693,"y1":52.368773,"x2":4.886575,"y2":52.368785},"geometry":{"type":"LineString","coordinates":[[4.88693,52.368773],[4.886575,52.368785]]}},{"type":"Feature","properties":{"id":909,"source":964,"target":353,"cost":5.62,"reverse_cost":5.62,"capacity":1200,"reverse_capacity":1200,"x1":4.886575,"y1":52.368785,"x2":4.886492,"y2":52.368788},"geometry":{"type":"LineString","coordinates":[[4.886575,52.368785],[4.886492,52.368788]]}},{"type":"Feature","properties":{"id":910,"source":443,"target":965,"cost":22.0,"reverse_cost":22.0,"capacity":1200,"reverse_capacity":1200,"x1":4.887687,"y1":52.36875,"x2":4.888009,"y2":52.368769},"geometry":{"type":"LineString","coordinates":[[4.887687,52.36875],[4.888009,52.368769]]}},{"type":"Feature","properties":{"id":911,"source":965,"target":966,"cost":7.12,"reverse_cost":7.12,"capacity":1200,"reverse_capacity":1200,"x1":4.888009,"y1":52.368769,"x2":4.888114,"y2":52.368774},"geometry":{"type":"LineString","coordinates":[[4.888009,52.368769],[4.888114,52.368774]]}},{"type":"Feature","properties":{"id":912,"source":967,"target":968,"cost":9.9,"reverse_cost":-1,"capacity":1200,"reverse_capacity":-1,"x1":4.882621,"y1":52.371896,"x2":4.882614,"y2":52.371807},"geometry":{"type":"LineString","coordinates":[[4.882621,52.371896],[4.882614,52.371807]]}},{"type":"Feature","properties":{"id":913,"source":968,"target":452,"cost":6.44,"reverse_cost":-1,"capacity":1200,"reverse_capacity":-1,"x1":4.882614,"y1":52.371807,"x2":4.882599,"y2":52.37175},"geometry":{"type":"LineString","coordinates":[[4.882614,52.371807],[4.882599,52.37175]]}},{"type":"Feature","properties":{"id":914,"source":452,"target":438,"cost":83.56,"reverse_cost":-1,"capacity":1200,"reverse_capacity":-1,"x1":4.882599,"y1":52.37175,"x2":4.882519,"y2":52.371},"geometry":{"type":"LineString","coordinates":[[4.882599,52.37175],[4.882519,52.371]]}},{"type":"Feature","properties":{"id":915,"source":438,"target":453,"cost":63.0,"reverse_cost":-1,"capacity":1200,"reverse_capacity":-1,"x1":4.882519,"y1":52.371,"x2":4.882491,"y2":52.370433},"geometry":{"type":"LineString","coordinates":[[4.882519,52.371],[4.882491,52.370433]]}},{"type":"Feature","properties":{"id":916,"source":555,"target":969,"cost":25.88,"reverse_cost":25.88,"capacity":1200,"reverse_capacity":1200,"x1":4.883109,"y1":52.37241,"x2":4.882729,"y2":52.372423},"geometry":{"type":"LineString","coordinates":[[4.883109,52.37241],[4.882729,52.372423]]}},{"type":"Feature","properties":{"id":917,"source":969,"target":970,"cost":4.86,"reverse_cost":4.86,"capacity":1200,"reverse_capacity":1200,"x1":4.882729,"y1":52.372423,"x2":4.882657,"y2":52.372426},"geometry":{"type":"LineString","coordinates":[[4.882729,52.372423],[4.882657,52.372426]]}},{"type":"Feature","properties":{"id":918,"source":457,"target":971,"cost":28.02,"reverse_cost":28.02,"capacity":1200,"reverse_capacity":1200,"x1":4.885073,"y1":52.372347,"x2":4.884661,"y2":52.372356},"geometry":{"type":"LineString","coordinates":[[4.885073,52.372347],[4.884661,52.372356]]}},{"type":"Feature","properties":{"id":919,"source":971,"target":416,"cost":5.89,"reverse_cost":5.89,"capacity":1200,"reverse_capacity":1200,"x1":4.884661,"y1":52.372356,"x2":4.884574,"y2":52.372359},"geometry":{"type":"LineString","coordinates":[[4.884661,52.372356],[4.884574,52.372359]]}},{"type":"Feature","properties":{"id":920,"source":450,"target":972,"cost":20.68,"reverse_cost":20.68,"capacity":1200,"reverse_capacity":1200,"x1":4.887242,"y1":52.372259,"x2":4.886939,"y2":52.372274},"geometry":{"type":"LineString","coordinates":[[4.887242,52.372259],[4.886939,52.372274]]}},{"type":"Feature","properties":{"id":921,"source":972,"target":351,"cost":10.42,"reverse_cost":10.42,"capacity":1200,"reverse_capacity":1200,"x1":4.886939,"y1":52.372274,"x2":4.886785,"y2":52.37228},"geometry":{"type":"LineString","coordinates":[[4.886939,52.372274],[4.886785,52.37228]]}},{"type":"Feature","properties":{"id":922,"source":878,"target":973,"cost":20.96,"reverse_cost":20.96,"capacity":1200,"reverse_capacity":1200,"x1":4.88863,"y1":52.372187,"x2":4.888321,"y2":52.372193},"geometry":{"type":"LineString","coordinates":[[4.88863,52.372187],[4.888321,52.372193]]}},{"type":"Feature","properties":{"id":923,"source":973,"target":448,"cost":9.48,"reverse_cost":9.48,"capacity":1200,"reverse_capacity":1200,"x1":4.888321,"y1":52.372193,"x2":4.888182,"y2":52.372198},"geometry":{"type":"LineString","coordinates":[[4.888321,52.372193],[4.888182,52.372198]]}},{"type":"Feature","properties":{"id":924,"source":97,"target":974,"cost":7.26,"reverse_cost":7.26,"capacity":1200,"reverse_capacity":1200,"x1":4.889591,"y1":52.364426,"x2":4.889533,"y2":52.364371},"geometry":{"type":"LineString","coordinates":[[4.889591,52.364426],[4.889533,52.364371]]}},{"type":"Feature","properties":{"id":925,"source":422,"target":526,"cost":17.35,"reverse_cost":-1,"capacity":1200,"reverse_capacity":-1,"x1":4.877702,"y1":52.37513,"x2":4.877804,"y2":52.375273},"geometry":{"type":"LineString","coordinates":[[4.877702,52.37513],[4.877804,52.375273]]}},{"type":"Feature","properties":{"id":926,"source":558,"target":975,"cost":4.01,"reverse_cost":4.01,"capacity":1200,"reverse_capacity":1200,"x1":4.881208,"y1":52.374708,"x2":4.88119,"y2":52.374742},"geometry":{"type":"LineString","coordinates":[[4.881208,52.374708],[4.88119,52.374742]]}},{"type":"Feature","properties":{"id":927,"source":431,"target":976,"cost":12.96,"reverse_cost":12.96,"capacity":1200,"reverse_capacity":1200,"x1":4.880592,"y1":52.37574,"x2":4.880528,"y2":52.37585},"geometry":{"type":"LineString","coordinates":[[4.880592,52.37574],[4.880528,52.37585]]}},{"type":"Feature","properties":{"id":928,"source":976,"target":429,"cost":4.44,"reverse_cost":4.44,"capacity":1200,"reverse_capacity":1200,"x1":4.880528,"y1":52.37585,"x2":4.880506,"y2":52.375888},"geometry":{"type":"LineString","coordinates":[[4.880528,52.37585],[4.880506,52.375888]]}},{"type":"Feature","properties":{"id":929,"source":525,"target":977,"cost":11.08,"reverse_cost":11.08,"capacity":1200,"reverse_capacity":1200,"x1":4.882456,"y1":52.376151,"x2":4.882402,"y2":52.376245},"geometry":{"type":"LineString","coordinates":[[4.882456,52.376151],[4.882402,52.376245]]}},{"type":"Feature","properties":{"id":930,"source":977,"target":524,"cost":5.35,"reverse_cost":5.35,"capacity":1200,"reverse_capacity":1200,"x1":4.882402,"y1":52.376245,"x2":4.882371,"y2":52.376289},"geometry":{"type":"LineString","coordinates":[[4.882402,52.376245],[4.882371,52.376289]]}},{"type":"Feature","properties":{"id":931,"source":425,"target":978,"cost":13.13,"reverse_cost":13.13,"capacity":1200,"reverse_capacity":1200,"x1":4.886179,"y1":52.375248,"x2":4.886274,"y2":52.375351},"geometry":{"type":"LineString","coordinates":[[4.886179,52.375248],[4.886274,52.375351]]}},{"type":"Feature","properties":{"id":932,"source":978,"target":400,"cost":4.08,"reverse_cost":4.08,"capacity":1200,"reverse_capacity":1200,"x1":4.886274,"y1":52.375351,"x2":4.886295,"y2":52.375385},"geometry":{"type":"LineString","coordinates":[[4.886274,52.375351],[4.886295,52.375385]]}},{"type":"Feature","properties":{"id":933,"source":401,"target":979,"cost":28.28,"reverse_cost":28.28,"capacity":1200,"reverse_capacity":1200,"x1":4.886224,"y1":52.375405,"x2":4.885862,"y2":52.37553},"geometry":{"type":"LineString","coordinates":[[4.886224,52.375405],[4.885862,52.37553]]}},{"type":"Feature","properties":{"id":934,"source":979,"target":533,"cost":5.99,"reverse_cost":5.99,"capacity":1200,"reverse_capacity":1200,"x1":4.885862,"y1":52.37553,"x2":4.885785,"y2":52.375557},"geometry":{"type":"LineString","coordinates":[[4.885862,52.37553],[4.885785,52.375557]]}},{"type":"Feature","properties":{"id":935,"source":980,"target":981,"cost":10.99,"reverse_cost":10.99,"capacity":1200,"reverse_capacity":1200,"x1":4.885667,"y1":52.37543,"x2":4.885747,"y2":52.375516},"geometry":{"type":"LineString","coordinates":[[4.885667,52.37543],[4.885747,52.375516]]}},{"type":"Feature","properties":{"id":936,"source":981,"target":533,"cost":5.25,"reverse_cost":5.25,"capacity":1200,"reverse_capacity":1200,"x1":4.885747,"y1":52.375516,"x2":4.885785,"y2":52.375557},"geometry":{"type":"LineString","coordinates":[[4.885747,52.375516],[4.885785,52.375557]]}},{"type":"Feature","properties":{"id":937,"source":534,"target":982,"cost":10.01,"reverse_cost":10.01,"capacity":1200,"reverse_capacity":1200,"x1":4.884484,"y1":52.375844,"x2":4.884555,"y2":52.375923},"geometry":{"type":"LineString","coordinates":[[4.884484,52.375844],[4.884555,52.375923]]}},{"type":"Feature","properties":{"id":938,"source":982,"target":531,"cost":5.48,"reverse_cost":5.48,"capacity":1200,"reverse_capacity":1200,"x1":4.884555,"y1":52.375923,"x2":4.884582,"y2":52.375969},"geometry":{"type":"LineString","coordinates":[[4.884555,52.375923],[4.884582,52.375969]]}},{"type":"Feature","properties":{"id":939,"source":532,"target":983,"cost":20.06,"reverse_cost":20.06,"capacity":1200,"reverse_capacity":1200,"x1":4.884477,"y1":52.376013,"x2":4.884217,"y2":52.376099},"geometry":{"type":"LineString","coordinates":[[4.884477,52.376013],[4.884217,52.376099]]}},{"type":"Feature","properties":{"id":940,"source":983,"target":566,"cost":7.97,"reverse_cost":7.97,"capacity":1200,"reverse_capacity":1200,"x1":4.884217,"y1":52.376099,"x2":4.884114,"y2":52.376134},"geometry":{"type":"LineString","coordinates":[[4.884217,52.376099],[4.884114,52.376134]]}},{"type":"Feature","properties":{"id":941,"source":984,"target":396,"cost":7.51,"reverse_cost":-1,"capacity":1200,"reverse_capacity":-1,"x1":4.884496,"y1":52.376538,"x2":4.884435,"y2":52.376482},"geometry":{"type":"LineString","coordinates":[[4.884496,52.376538],[4.884435,52.376482]]}},{"type":"Feature","properties":{"id":942,"source":801,"target":985,"cost":22.23,"reverse_cost":22.23,"capacity":1200,"reverse_capacity":1200,"x1":4.886326,"y1":52.378048,"x2":4.886041,"y2":52.378146},"geometry":{"type":"LineString","coordinates":[[4.886326,52.378048],[4.886041,52.378146]]}},{"type":"Feature","properties":{"id":943,"source":985,"target":521,"cost":4.89,"reverse_cost":4.89,"capacity":1200,"reverse_capacity":1200,"x1":4.886041,"y1":52.378146,"x2":4.885986,"y2":52.378175},"geometry":{"type":"LineString","coordinates":[[4.886041,52.378146],[4.885986,52.378175]]}},{"type":"Feature","properties":{"id":944,"source":567,"target":986,"cost":27.53,"reverse_cost":27.53,"capacity":1200,"reverse_capacity":1200,"x1":4.888078,"y1":52.37745,"x2":4.887723,"y2":52.37757},"geometry":{"type":"LineString","coordinates":[[4.888078,52.37745],[4.887723,52.37757]]}},{"type":"Feature","properties":{"id":945,"source":986,"target":740,"cost":5.56,"reverse_cost":5.56,"capacity":1200,"reverse_capacity":1200,"x1":4.887723,"y1":52.37757,"x2":4.887651,"y2":52.377594},"geometry":{"type":"LineString","coordinates":[[4.887723,52.37757],[4.887651,52.377594]]}},{"type":"Feature","properties":{"id":946,"source":682,"target":987,"cost":23.73,"reverse_cost":-1,"capacity":1200,"reverse_capacity":-1,"x1":4.88966,"y1":52.379638,"x2":4.889955,"y2":52.379524},"geometry":{"type":"LineString","coordinates":[[4.88966,52.379638],[4.889955,52.379524]]}},{"type":"Feature","properties":{"id":947,"source":987,"target":679,"cost":8.52,"reverse_cost":-1,"capacity":1200,"reverse_capacity":-1,"x1":4.889955,"y1":52.379524,"x2":4.890058,"y2":52.37948},"geometry":{"type":"LineString","coordinates":[[4.889955,52.379524],[4.890058,52.37948]]}},{"type":"Feature","properties":{"id":948,"source":680,"target":988,"cost":16.92,"reverse_cost":16.92,"capacity":1200,"reverse_capacity":1200,"x1":4.890132,"y1":52.379563,"x2":4.890249,"y2":52.379697},"geometry":{"type":"LineString","coordinates":[[4.890132,52.379563],[4.890249,52.379697]]}},{"type":"Feature","properties":{"id":949,"source":988,"target":691,"cost":8.14,"reverse_cost":8.14,"capacity":1200,"reverse_capacity":1200,"x1":4.890249,"y1":52.379697,"x2":4.890305,"y2":52.379762},"geometry":{"type":"LineString","coordinates":[[4.890249,52.379697],[4.890305,52.379762]]}},{"type":"Feature","properties":{"id":950,"source":700,"target":989,"cost":20.01,"reverse_cost":20.01,"capacity":1200,"reverse_capacity":1200,"x1":4.891658,"y1":52.379176,"x2":4.891764,"y2":52.379344},"geometry":{"type":"LineString","coordinates":[[4.891658,52.379176],[4.891666,52.379188],[4.891764,52.379344]]}},{"type":"Feature","properties":{"id":951,"source":989,"target":687,"cost":9.55,"reverse_cost":9.55,"capacity":1200,"reverse_capacity":1200,"x1":4.891764,"y1":52.379344,"x2":4.891776,"y2":52.379429},"geometry":{"type":"LineString","coordinates":[[4.891764,52.379344],[4.891776,52.379429]]}},{"type":"Feature","properties":{"id":952,"source":697,"target":990,"cost":7.88,"reverse_cost":7.88,"capacity":1200,"reverse_capacity":1200,"x1":4.893777,"y1":52.378902,"x2":4.893712,"y2":52.378843},"geometry":{"type":"LineString","coordinates":[[4.893777,52.378902],[4.893712,52.378843]]}},{"type":"Feature","properties":{"id":953,"source":990,"target":224,"cost":4.75,"reverse_cost":4.75,"capacity":1200,"reverse_capacity":1200,"x1":4.893712,"y1":52.378843,"x2":4.893672,"y2":52.378808},"geometry":{"type":"LineString","coordinates":[[4.893712,52.378843],[4.893672,52.378808]]}},{"type":"Feature","properties":{"id":954,"source":219,"target":991,"cost":23.1,"reverse_cost":23.1,"capacity":1200,"reverse_capacity":1200,"x1":4.892255,"y1":52.376986,"x2":4.891946,"y2":52.377073},"geometry":{"type":"LineString","coordinates":[[4.892255,52.376986],[4.891946,52.377073]]}},{"type":"Feature","properties":{"id":955,"source":991,"target":225,"cost":9.76,"reverse_cost":9.76,"capacity":1200,"reverse_capacity":1200,"x1":4.891946,"y1":52.377073,"x2":4.891813,"y2":52.377107},"geometry":{"type":"LineString","coordinates":[[4.891946,52.377073],[4.891813,52.377107]]}},{"type":"Feature","properties":{"id":956,"source":234,"target":992,"cost":23.34,"reverse_cost":23.34,"capacity":1200,"reverse_capacity":1200,"x1":4.891404,"y1":52.376235,"x2":4.891081,"y2":52.376308},"geometry":{"type":"LineString","coordinates":[[4.891404,52.376235],[4.891081,52.376308]]}},{"type":"Feature","properties":{"id":957,"source":992,"target":223,"cost":8.3,"reverse_cost":8.3,"capacity":1200,"reverse_capacity":1200,"x1":4.891081,"y1":52.376308,"x2":4.89099,"y2":52.376357},"geometry":{"type":"LineString","coordinates":[[4.891081,52.376308],[4.89099,52.376357]]}},{"type":"Feature","properties":{"id":958,"source":993,"target":236,"cost":9.17,"reverse_cost":9.17,"capacity":1200,"reverse_capacity":1200,"x1":4.891105,"y1":52.376465,"x2":4.891031,"y2":52.376396},"geometry":{"type":"LineString","coordinates":[[4.891105,52.376465],[4.891031,52.376396]]}},{"type":"Feature","properties":{"id":959,"source":222,"target":993,"cost":4.09,"reverse_cost":4.09,"capacity":1200,"reverse_capacity":1200,"x1":4.89114,"y1":52.376495,"x2":4.891105,"y2":52.376465},"geometry":{"type":"LineString","coordinates":[[4.89114,52.376495],[4.891105,52.376465]]}},{"type":"Feature","properties":{"id":960,"source":214,"target":994,"cost":9.9,"reverse_cost":9.9,"capacity":1200,"reverse_capacity":1200,"x1":4.890075,"y1":52.376782,"x2":4.890145,"y2":52.37686},"geometry":{"type":"LineString","coordinates":[[4.890075,52.376782],[4.890095,52.376805],[4.890145,52.37686]]}},{"type":"Feature","properties":{"id":961,"source":994,"target":216,"cost":2.89,"reverse_cost":2.89,"capacity":1200,"reverse_capacity":1200,"x1":4.890145,"y1":52.37686,"x2":4.890166,"y2":52.376883},"geometry":{"type":"LineString","coordinates":[[4.890145,52.37686],[4.890166,52.376883]]}},{"type":"Feature","properties":{"id":962,"source":217,"target":995,"cost":21.63,"reverse_cost":21.63,"capacity":1200,"reverse_capacity":1200,"x1":4.889964,"y1":52.376783,"x2":4.889691,"y2":52.376883},"geometry":{"type":"LineString","coordinates":[[4.889964,52.376783],[4.889691,52.376883]]}},{"type":"Feature","properties":{"id":963,"source":995,"target":544,"cost":6.88,"reverse_cost":6.88,"capacity":1200,"reverse_capacity":1200,"x1":4.889691,"y1":52.376883,"x2":4.889604,"y2":52.376915},"geometry":{"type":"LineString","coordinates":[[4.889691,52.376883],[4.889604,52.376915]]}},{"type":"Feature","properties":{"id":964,"source":543,"target":996,"cost":13.18,"reverse_cost":13.18,"capacity":1200,"reverse_capacity":1200,"x1":4.887629,"y1":52.374753,"x2":4.887722,"y2":52.374857},"geometry":{"type":"LineString","coordinates":[[4.887629,52.374753],[4.887722,52.374857]]}},{"type":"Feature","properties":{"id":965,"source":996,"target":424,"cost":5.03,"reverse_cost":5.03,"capacity":1200,"reverse_capacity":1200,"x1":4.887722,"y1":52.374857,"x2":4.887755,"y2":52.374898},"geometry":{"type":"LineString","coordinates":[[4.887722,52.374857],[4.887755,52.374898]]}},{"type":"Feature","properties":{"id":966,"source":792,"target":790,"cost":12.96,"reverse_cost":12.96,"capacity":1200,"reverse_capacity":1200,"x1":4.881238,"y1":52.380771,"x2":4.881059,"y2":52.38081},"geometry":{"type":"LineString","coordinates":[[4.881238,52.380771],[4.881059,52.38081]]}},{"type":"Feature","properties":{"id":967,"source":778,"target":997,"cost":19.64,"reverse_cost":19.64,"capacity":1200,"reverse_capacity":1200,"x1":4.886243,"y1":52.381631,"x2":4.886436,"y2":52.381763},"geometry":{"type":"LineString","coordinates":[[4.886243,52.381631],[4.886436,52.381763]]}},{"type":"Feature","properties":{"id":968,"source":997,"target":779,"cost":6.61,"reverse_cost":6.61,"capacity":1200,"reverse_capacity":1200,"x1":4.886436,"y1":52.381763,"x2":4.886512,"y2":52.3818},"geometry":{"type":"LineString","coordinates":[[4.886436,52.381763],[4.886512,52.3818]]}},{"type":"Feature","properties":{"id":969,"source":998,"target":760,"cost":16.64,"reverse_cost":-1,"capacity":1600,"reverse_capacity":-1,"x1":4.889229,"y1":52.381532,"x2":4.889409,"y2":52.381431},"geometry":{"type":"LineString","coordinates":[[4.889229,52.381532],[4.889409,52.381431]]}},{"type":"Feature","properties":{"id":970,"source":671,"target":998,"cost":8.18,"reverse_cost":-1,"capacity":1600,"reverse_capacity":-1,"x1":4.889137,"y1":52.38158,"x2":4.889229,"y2":52.381532},"geometry":{"type":"LineString","coordinates":[[4.889137,52.38158],[4.889229,52.381532]]}},{"type":"Feature","properties":{"id":971,"source":136,"target":999,"cost":19.92,"reverse_cost":-1,"capacity":600,"reverse_capacity":-1,"x1":4.90016,"y1":52.375319,"x2":4.899912,"y2":52.375415},"geometry":{"type":"LineString","coordinates":[[4.90016,52.375319],[4.899912,52.375415]]}},{"type":"Feature","properties":{"id":972,"source":999,"target":115,"cost":5.68,"reverse_cost":-1,"capacity":600,"reverse_capacity":-1,"x1":4.899912,"y1":52.375415,"x2":4.899847,"y2":52.375447},"geometry":{"type":"LineString","coordinates":[[4.899912,52.375415],[4.899847,52.375447]]}},{"type":"Feature","properties":{"id":973,"source":133,"target":1000,"cost":16.14,"reverse_cost":16.14,"capacity":1200,"reverse_capacity":1200,"x1":4.899509,"y1":52.374721,"x2":4.899287,"y2":52.374773},"geometry":{"type":"LineString","coordinates":[[4.899509,52.374721],[4.899287,52.374773]]}},{"type":"Feature","properties":{"id":974,"source":1000,"target":1001,"cost":6.02,"reverse_cost":6.02,"capacity":1200,"reverse_capacity":1200,"x1":4.899287,"y1":52.374773,"x2":4.899206,"y2":52.374795},"geometry":{"type":"LineString","coordinates":[[4.899287,52.374773],[4.899206,52.374795]]}},{"type":"Feature","properties":{"id":975,"source":179,"target":1002,"cost":16.26,"reverse_cost":16.26,"capacity":1200,"reverse_capacity":1200,"x1":4.89856,"y1":52.373887,"x2":4.898343,"y2":52.373949},"geometry":{"type":"LineString","coordinates":[[4.89856,52.373887],[4.898343,52.373949]]}},{"type":"Feature","properties":{"id":976,"source":1002,"target":180,"cost":4.98,"reverse_cost":4.98,"capacity":1200,"reverse_capacity":1200,"x1":4.898343,"y1":52.373949,"x2":4.898277,"y2":52.373969},"geometry":{"type":"LineString","coordinates":[[4.898343,52.373949],[4.898277,52.373969]]}},{"type":"Feature","properties":{"id":977,"source":175,"target":1003,"cost":14.97,"reverse_cost":14.97,"capacity":1200,"reverse_capacity":1200,"x1":4.895964,"y1":52.371819,"x2":4.895771,"y2":52.371884},"geometry":{"type":"LineString","coordinates":[[4.895964,52.371819],[4.895771,52.371884]]}},{"type":"Feature","properties":{"id":978,"source":1003,"target":147,"cost":9.23,"reverse_cost":9.23,"capacity":1200,"reverse_capacity":1200,"x1":4.895771,"y1":52.371884,"x2":4.895653,"y2":52.371925},"geometry":{"type":"LineString","coordinates":[[4.895771,52.371884],[4.895653,52.371925]]}},{"type":"Feature","properties":{"id":979,"source":111,"target":1004,"cost":12.06,"reverse_cost":12.06,"capacity":1200,"reverse_capacity":1200,"x1":4.894227,"y1":52.369325,"x2":4.894405,"y2":52.369324},"geometry":{"type":"LineString","coordinates":[[4.894227,52.369325],[4.894405,52.369324]]}},{"type":"Feature","properties":{"id":980,"source":1004,"target":112,"cost":5.38,"reverse_cost":5.38,"capacity":1200,"reverse_capacity":1200,"x1":4.894405,"y1":52.369324,"x2":4.894484,"y2":52.369326},"geometry":{"type":"LineString","coordinates":[[4.894405,52.369324],[4.894444,52.369324],[4.894484,52.369326]]}},{"type":"Feature","properties":{"id":981,"source":113,"target":1005,"cost":5.99,"reverse_cost":-1,"capacity":1200,"reverse_capacity":-1,"x1":4.894838,"y1":52.369317,"x2":4.894915,"y2":52.369291},"geometry":{"type":"LineString","coordinates":[[4.894838,52.369317],[4.894915,52.369291]]}},{"type":"Feature","properties":{"id":982,"source":1005,"target":126,"cost":5.71,"reverse_cost":-1,"capacity":1200,"reverse_capacity":-1,"x1":4.894915,"y1":52.369291,"x2":4.894989,"y2":52.369266},"geometry":{"type":"LineString","coordinates":[[4.894915,52.369291],[4.894989,52.369266]]}},{"type":"Feature","properties":{"id":983,"source":127,"target":1006,"cost":11.34,"reverse_cost":11.34,"capacity":1200,"reverse_capacity":1200,"x1":4.895826,"y1":52.370245,"x2":4.895689,"y2":52.370303},"geometry":{"type":"LineString","coordinates":[[4.895826,52.370245],[4.895689,52.370303]]}},{"type":"Feature","properties":{"id":984,"source":1006,"target":152,"cost":4.37,"reverse_cost":4.37,"capacity":1200,"reverse_capacity":1200,"x1":4.895689,"y1":52.370303,"x2":4.895635,"y2":52.370325},"geometry":{"type":"LineString","coordinates":[[4.895689,52.370303],[4.895635,52.370325]]}},{"type":"Feature","properties":{"id":985,"source":142,"target":1007,"cost":5.6,"reverse_cost":5.6,"capacity":1200,"reverse_capacity":1200,"x1":4.89692,"y1":52.371484,"x2":4.896849,"y2":52.37151},"geometry":{"type":"LineString","coordinates":[[4.89692,52.371484],[4.896849,52.37151]]}},{"type":"Feature","properties":{"id":986,"source":1007,"target":150,"cost":5.19,"reverse_cost":5.19,"capacity":1200,"reverse_capacity":1200,"x1":4.896849,"y1":52.37151,"x2":4.896783,"y2":52.371533},"geometry":{"type":"LineString","coordinates":[[4.896849,52.37151],[4.896783,52.371533]]}},{"type":"Feature","properties":{"id":987,"source":843,"target":1008,"cost":8.64,"reverse_cost":8.64,"capacity":1200,"reverse_capacity":1200,"x1":4.899223,"y1":52.373713,"x2":4.89934,"y2":52.373682},"geometry":{"type":"LineString","coordinates":[[4.899223,52.373713],[4.89934,52.373682]]}},{"type":"Feature","properties":{"id":988,"source":1008,"target":242,"cost":4.68,"reverse_cost":4.68,"capacity":1200,"reverse_capacity":1200,"x1":4.89934,"y1":52.373682,"x2":4.899405,"y2":52.373669},"geometry":{"type":"LineString","coordinates":[[4.89934,52.373682],[4.899405,52.373669]]}},{"type":"Feature","properties":{"id":989,"source":190,"target":1009,"cost":7.45,"reverse_cost":7.45,"capacity":1200,"reverse_capacity":1200,"x1":4.900213,"y1":52.374491,"x2":4.900115,"y2":52.374521},"geometry":{"type":"LineString","coordinates":[[4.900213,52.374491],[4.900115,52.374521]]}},{"type":"Feature","properties":{"id":990,"source":1010,"target":1011,"cost":24.04,"reverse_cost":24.04,"capacity":1200,"reverse_capacity":1200,"x1":4.901483,"y1":52.374094,"x2":4.901178,"y2":52.374203},"geometry":{"type":"LineString","coordinates":[[4.901483,52.374094],[4.901178,52.374203]]}},{"type":"Feature","properties":{"id":991,"source":188,"target":1012,"cost":8.25,"reverse_cost":-1,"capacity":1600,"reverse_capacity":-1,"x1":4.901212,"y1":52.373369,"x2":4.901251,"y2":52.373439},"geometry":{"type":"LineString","coordinates":[[4.901212,52.373369],[4.901251,52.373439]]}},{"type":"Feature","properties":{"id":992,"source":154,"target":1013,"cost":19.13,"reverse_cost":19.13,"capacity":1200,"reverse_capacity":1200,"x1":4.898873,"y1":52.370948,"x2":4.898622,"y2":52.371026},"geometry":{"type":"LineString","coordinates":[[4.898873,52.370948],[4.898622,52.371026]]}},{"type":"Feature","properties":{"id":993,"source":1013,"target":105,"cost":7.53,"reverse_cost":7.53,"capacity":1200,"reverse_capacity":1200,"x1":4.898622,"y1":52.371026,"x2":4.898519,"y2":52.371052},"geometry":{"type":"LineString","coordinates":[[4.898622,52.371026],[4.898519,52.371052]]}},{"type":"Feature","properties":{"id":994,"source":122,"target":1014,"cost":14.49,"reverse_cost":-1,"capacity":1200,"reverse_capacity":-1,"x1":4.898,"y1":52.369892,"x2":4.898102,"y2":52.370007},"geometry":{"type":"LineString","coordinates":[[4.898,52.369892],[4.898102,52.370007]]}},{"type":"Feature","properties":{"id":995,"source":1014,"target":129,"cost":2.03,"reverse_cost":-1,"capacity":1200,"reverse_capacity":-1,"x1":4.898102,"y1":52.370007,"x2":4.898116,"y2":52.370023},"geometry":{"type":"LineString","coordinates":[[4.898102,52.370007],[4.898116,52.370023]]}},{"type":"Feature","properties":{"id":996,"source":108,"target":1015,"cost":30.65,"reverse_cost":30.65,"capacity":1200,"reverse_capacity":1200,"x1":4.897921,"y1":52.369861,"x2":4.897481,"y2":52.36992},"geometry":{"type":"LineString","coordinates":[[4.897921,52.369861],[4.897481,52.36992]]}},{"type":"Feature","properties":{"id":997,"source":1015,"target":106,"cost":5.12,"reverse_cost":5.12,"capacity":1200,"reverse_capacity":1200,"x1":4.897481,"y1":52.36992,"x2":4.897406,"y2":52.369925},"geometry":{"type":"LineString","coordinates":[[4.897481,52.36992],[4.897406,52.369925]]}},{"type":"Feature","properties":{"id":998,"source":177,"target":1016,"cost":7.62,"reverse_cost":7.62,"capacity":600,"reverse_capacity":600,"x1":4.896229,"y1":52.368391,"x2":4.896327,"y2":52.368358},"geometry":{"type":"LineString","coordinates":[[4.896229,52.368391],[4.896327,52.368358]]}},{"type":"Feature","properties":{"id":999,"source":1016,"target":121,"cost":13.41,"reverse_cost":13.41,"capacity":1200,"reverse_capacity":1200,"x1":4.896327,"y1":52.368358,"x2":4.896511,"y2":52.368318},"geometry":{"type":"LineString","coordinates":[[4.896327,52.368358],[4.896392,52.368335],[4.896511,52.368318]]}},{"type":"Feature","properties":{"id":1000,"source":172,"target":1017,"cost":11.37,"reverse_cost":11.37,"capacity":1200,"reverse_capacity":1200,"x1":4.897758,"y1":52.368226,"x2":4.897592,"y2":52.368238},"geometry":{"type":"LineString","coordinates":[[4.897758,52.368226],[4.897675,52.368232],[4.897592,52.368238]]}},{"type":"Feature","properties":{"id":1001,"source":1017,"target":117,"cost":4.91,"reverse_cost":4.91,"capacity":1200,"reverse_capacity":1200,"x1":4.897592,"y1":52.368238,"x2":4.89752,"y2":52.368242},"geometry":{"type":"LineString","coordinates":[[4.897592,52.368238],[4.89752,52.368242]]}},{"type":"Feature","properties":{"id":1002,"source":118,"target":1018,"cost":9.86,"reverse_cost":9.86,"capacity":1200,"reverse_capacity":1200,"x1":4.898936,"y1":52.369673,"x2":4.899074,"y2":52.369645},"geometry":{"type":"LineString","coordinates":[[4.898936,52.369673],[4.899074,52.369645]]}},{"type":"Feature","properties":{"id":1003,"source":1018,"target":171,"cost":4.72,"reverse_cost":4.72,"capacity":1200,"reverse_capacity":1200,"x1":4.899074,"y1":52.369645,"x2":4.899143,"y2":52.369642},"geometry":{"type":"LineString","coordinates":[[4.899074,52.369645],[4.899143,52.369642]]}},{"type":"Feature","properties":{"id":1004,"source":120,"target":1019,"cost":8.95,"reverse_cost":-1,"capacity":1200,"reverse_capacity":-1,"x1":4.900073,"y1":52.369411,"x2":4.900148,"y2":52.369478},"geometry":{"type":"LineString","coordinates":[[4.900073,52.369411],[4.900148,52.369478]]}},{"type":"Feature","properties":{"id":1005,"source":1019,"target":862,"cost":3.23,"reverse_cost":-1,"capacity":1200,"reverse_capacity":-1,"x1":4.900148,"y1":52.369478,"x2":4.900169,"y2":52.369504},"geometry":{"type":"LineString","coordinates":[[4.900148,52.369478],[4.900169,52.369504]]}},{"type":"Feature","properties":{"id":1006,"source":1020,"target":50,"cost":11.48,"reverse_cost":-1,"capacity":800,"reverse_capacity":-1,"x1":4.901139,"y1":52.369573,"x2":4.901015,"y2":52.369643},"geometry":{"type":"LineString","coordinates":[[4.901139,52.369573],[4.901015,52.369643]]}},{"type":"Feature","properties":{"id":1007,"source":146,"target":1021,"cost":5.86,"reverse_cost":5.86,"capacity":1200,"reverse_capacity":1200,"x1":4.901648,"y1":52.370972,"x2":4.901606,"y2":52.371018},"geometry":{"type":"LineString","coordinates":[[4.901648,52.370972],[4.901606,52.371018]]}},{"type":"Feature","properties":{"id":1008,"source":1021,"target":27,"cost":4.21,"reverse_cost":4.21,"capacity":1200,"reverse_capacity":1200,"x1":4.901606,"y1":52.371018,"x2":4.901593,"y2":52.371055},"geometry":{"type":"LineString","coordinates":[[4.901606,52.371018],[4.901593,52.371055]]}},{"type":"Feature","properties":{"id":1009,"source":161,"target":939,"cost":6.1,"reverse_cost":6.1,"capacity":1200,"reverse_capacity":1200,"x1":4.901342,"y1":52.370531,"x2":4.901261,"y2":52.370507},"geometry":{"type":"LineString","coordinates":[[4.901342,52.370531],[4.901261,52.370507]]}},{"type":"Feature","properties":{"id":1010,"source":1022,"target":1023,"cost":6.09,"reverse_cost":6.09,"capacity":1200,"reverse_capacity":1200,"x1":4.904524,"y1":52.371626,"x2":4.90445,"y2":52.371595},"geometry":{"type":"LineString","coordinates":[[4.904524,52.371626],[4.90445,52.371595]]}},{"type":"Feature","properties":{"id":1011,"source":145,"target":1024,"cost":11.84,"reverse_cost":11.84,"capacity":1200,"reverse_capacity":1200,"x1":4.902355,"y1":52.371485,"x2":4.902227,"y2":52.371558},"geometry":{"type":"LineString","coordinates":[[4.902355,52.371485],[4.902324,52.371502],[4.902258,52.37154],[4.902227,52.371558]]}},{"type":"Feature","properties":{"id":1012,"source":1024,"target":26,"cost":2.53,"reverse_cost":2.53,"capacity":1200,"reverse_capacity":1200,"x1":4.902227,"y1":52.371558,"x2":4.902199,"y2":52.371573},"geometry":{"type":"LineString","coordinates":[[4.902227,52.371558],[4.902199,52.371573]]}},{"type":"Feature","properties":{"id":1013,"source":1025,"target":55,"cost":12.96,"reverse_cost":-1,"capacity":1200,"reverse_capacity":-1,"x1":4.902589,"y1":52.371971,"x2":4.902447,"y2":52.372049},"geometry":{"type":"LineString","coordinates":[[4.902589,52.371971],[4.902552,52.371991],[4.902486,52.372027],[4.902447,52.372049]]}},{"type":"Feature","properties":{"id":1014,"source":34,"target":1025,"cost":2.84,"reverse_cost":-1,"capacity":1200,"reverse_capacity":-1,"x1":4.902622,"y1":52.371955,"x2":4.902589,"y2":52.371971},"geometry":{"type":"LineString","coordinates":[[4.902622,52.371955],[4.902589,52.371971]]}},{"type":"Feature","properties":{"id":1015,"source":1026,"target":1027,"cost":10.61,"reverse_cost":10.61,"capacity":1200,"reverse_capacity":1200,"x1":4.902702,"y1":52.372512,"x2":4.902818,"y2":52.372448},"geometry":{"type":"LineString","coordinates":[[4.902702,52.372512],[4.902738,52.372489],[4.902818,52.372448]]}},{"type":"Feature","properties":{"id":1016,"source":64,"target":60,"cost":43.62,"reverse_cost":-1,"capacity":1200,"reverse_capacity":-1,"x1":4.903829,"y1":52.371246,"x2":4.904201,"y2":52.370927},"geometry":{"type":"LineString","coordinates":[[4.903829,52.371246],[4.904002,52.371099],[4.904201,52.370927]]}},{"type":"Feature","properties":{"id":1017,"source":1028,"target":1029,"cost":44.2,"reverse_cost":-1,"capacity":1200,"reverse_capacity":-1,"x1":4.90569,"y1":52.372163,"x2":4.906215,"y2":52.372398},"geometry":{"type":"LineString","coordinates":[[4.90569,52.372163],[4.905719,52.372177],[4.906178,52.372381],[4.906215,52.372398]]}},{"type":"Feature","properties":{"id":1018,"source":77,"target":1030,"cost":55.92,"reverse_cost":55.92,"capacity":1200,"reverse_capacity":1200,"x1":4.903109,"y1":52.373545,"x2":4.903857,"y2":52.373756},"geometry":{"type":"LineString","coordinates":[[4.903109,52.373545],[4.903263,52.373588],[4.903779,52.373734],[4.903857,52.373756]]}},{"type":"Feature","properties":{"id":1019,"source":1030,"target":46,"cost":8.94,"reverse_cost":8.94,"capacity":1200,"reverse_capacity":1200,"x1":4.903857,"y1":52.373756,"x2":4.90396,"y2":52.373806},"geometry":{"type":"LineString","coordinates":[[4.903857,52.373756],[4.903905,52.373777],[4.90396,52.373806]]}},{"type":"Feature","properties":{"id":1020,"source":53,"target":42,"cost":8.55,"reverse_cost":8.55,"capacity":1200,"reverse_capacity":1200,"x1":4.902991,"y1":52.369613,"x2":4.903065,"y2":52.369675},"geometry":{"type":"LineString","coordinates":[[4.902991,52.369613],[4.903065,52.369675]]}},{"type":"Feature","properties":{"id":1021,"source":257,"target":1031,"cost":14.94,"reverse_cost":14.94,"capacity":1200,"reverse_capacity":1200,"x1":4.896154,"y1":52.362418,"x2":4.895935,"y2":52.362425},"geometry":{"type":"LineString","coordinates":[[4.896154,52.362418],[4.895935,52.362425]]}},{"type":"Feature","properties":{"id":1022,"source":1031,"target":259,"cost":5.76,"reverse_cost":5.76,"capacity":1200,"reverse_capacity":1200,"x1":4.895935,"y1":52.362425,"x2":4.89585,"y2":52.362426},"geometry":{"type":"LineString","coordinates":[[4.895935,52.362425],[4.89585,52.362426]]}},{"type":"Feature","properties":{"id":1023,"source":890,"target":1032,"cost":23.59,"reverse_cost":23.59,"capacity":1200,"reverse_capacity":1200,"x1":4.896171,"y1":52.363286,"x2":4.896159,"y2":52.363498},"geometry":{"type":"LineString","coordinates":[[4.896171,52.363286],[4.896159,52.363498]]}},{"type":"Feature","properties":{"id":1024,"source":272,"target":1033,"cost":12.13,"reverse_cost":12.13,"capacity":1200,"reverse_capacity":1200,"x1":4.895897,"y1":52.363206,"x2":4.896075,"y2":52.363203},"geometry":{"type":"LineString","coordinates":[[4.895897,52.363206],[4.896075,52.363203]]}},{"type":"Feature","properties":{"id":1025,"source":1033,"target":262,"cost":6.56,"reverse_cost":6.56,"capacity":1200,"reverse_capacity":1200,"x1":4.896075,"y1":52.363203,"x2":4.896171,"y2":52.363193},"geometry":{"type":"LineString","coordinates":[[4.896075,52.363203],[4.896171,52.363193]]}},{"type":"Feature","properties":{"id":1026,"source":1032,"target":280,"cost":8.75,"reverse_cost":8.75,"capacity":1200,"reverse_capacity":1200,"x1":4.896159,"y1":52.363498,"x2":4.896156,"y2":52.363577},"geometry":{"type":"LineString","coordinates":[[4.896159,52.363498],[4.896156,52.363577]]}},{"type":"Feature","properties":{"id":1027,"source":892,"target":280,"cost":8.82,"reverse_cost":8.82,"capacity":600,"reverse_capacity":600,"x1":4.896028,"y1":52.363566,"x2":4.896156,"y2":52.363577},"geometry":{"type":"LineString","coordinates":[[4.896028,52.363566],[4.896156,52.363577]]}},{"type":"Feature","properties":{"id":1028,"source":288,"target":1034,"cost":16.17,"reverse_cost":16.17,"capacity":1200,"reverse_capacity":1200,"x1":4.895766,"y1":52.364614,"x2":4.896003,"y2":52.36462},"geometry":{"type":"LineString","coordinates":[[4.895766,52.364614],[4.895848,52.36461],[4.895922,52.364613],[4.896003,52.36462]]}},{"type":"Feature","properties":{"id":1029,"source":1034,"target":99,"cost":4.97,"reverse_cost":4.97,"capacity":1200,"reverse_capacity":1200,"x1":4.896003,"y1":52.36462,"x2":4.896074,"y2":52.364632},"geometry":{"type":"LineString","coordinates":[[4.896003,52.36462],[4.896074,52.364632]]}},{"type":"Feature","properties":{"id":1030,"source":1035,"target":265,"cost":15.35,"reverse_cost":-1,"capacity":800,"reverse_capacity":-1,"x1":4.899046,"y1":52.362162,"x2":4.898906,"y2":52.362256},"geometry":{"type":"LineString","coordinates":[[4.899046,52.362162],[4.899017,52.362213],[4.898984,52.36224],[4.898931,52.362251],[4.898906,52.362256]]}},{"type":"Feature","properties":{"id":1031,"source":278,"target":103,"cost":30.2,"reverse_cost":30.2,"capacity":1200,"reverse_capacity":1200,"x1":4.901251,"y1":52.364222,"x2":4.901119,"y2":52.364481},"geometry":{"type":"LineString","coordinates":[[4.901251,52.364222],[4.901119,52.364481]]}},{"type":"Feature","properties":{"id":1032,"source":204,"target":1036,"cost":23.98,"reverse_cost":23.98,"capacity":1200,"reverse_capacity":1200,"x1":4.900561,"y1":52.365542,"x2":4.900457,"y2":52.365748},"geometry":{"type":"LineString","coordinates":[[4.900561,52.365542],[4.900457,52.365748]]}},{"type":"Feature","properties":{"id":1033,"source":1036,"target":205,"cost":6.61,"reverse_cost":6.61,"capacity":1200,"reverse_capacity":1200,"x1":4.900457,"y1":52.365748,"x2":4.900429,"y2":52.365805},"geometry":{"type":"LineString","coordinates":[[4.900457,52.365748],[4.900429,52.365805]]}},{"type":"Feature","properties":{"id":1034,"source":1037,"target":1038,"cost":12.81,"reverse_cost":-1,"capacity":1200,"reverse_capacity":-1,"x1":4.901969,"y1":52.365855,"x2":4.901914,"y2":52.365965},"geometry":{"type":"LineString","coordinates":[[4.901969,52.365855],[4.901914,52.365965]]}},{"type":"Feature","properties":{"id":1035,"source":1038,"target":1039,"cost":5.2,"reverse_cost":-1,"capacity":1200,"reverse_capacity":-1,"x1":4.901914,"y1":52.365965,"x2":4.901892,"y2":52.36601},"geometry":{"type":"LineString","coordinates":[[4.901914,52.365965],[4.901896,52.366002],[4.901893,52.366006],[4.901892,52.36601]]}},{"type":"Feature","properties":{"id":1036,"source":12,"target":1040,"cost":20.59,"reverse_cost":20.59,"capacity":600,"reverse_capacity":600,"x1":4.903494,"y1":52.362845,"x2":4.903402,"y2":52.363021},"geometry":{"type":"LineString","coordinates":[[4.903494,52.362845],[4.903402,52.363021]]}},{"type":"Feature","properties":{"id":1037,"source":1040,"target":18,"cost":8.04,"reverse_cost":8.04,"capacity":600,"reverse_capacity":600,"x1":4.903402,"y1":52.363021,"x2":4.903372,"y2":52.363091},"geometry":{"type":"LineString","coordinates":[[4.903402,52.363021],[4.903372,52.363091]]}},{"type":"Feature","properties":{"id":1038,"source":197,"target":198,"cost":48.89,"reverse_cost":-1,"capacity":2000,"reverse_capacity":-1,"x1":4.900576,"y1":52.366231,"x2":4.901241,"y2":52.3664},"geometry":{"type":"LineString","coordinates":[[4.900576,52.366231],[4.901241,52.3664]]}},{"type":"Feature","properties":{"id":1039,"source":211,"target":1041,"cost":13.79,"reverse_cost":-1,"capacity":1000,"reverse_capacity":-1,"x1":4.901473,"y1":52.366607,"x2":4.901322,"y2":52.366525},"geometry":{"type":"LineString","coordinates":[[4.901473,52.366607],[4.901406,52.366561],[4.901322,52.366525]]}},{"type":"Feature","properties":{"id":1040,"source":730,"target":1042,"cost":16.65,"reverse_cost":-1,"capacity":3000,"reverse_capacity":-1,"x1":4.89662,"y1":52.381244,"x2":4.896798,"y2":52.381141},"geometry":{"type":"LineString","coordinates":[[4.89662,52.381244],[4.896798,52.381141]]}},{"type":"Feature","properties":{"id":1041,"source":45,"target":1020,"cost":104.09,"reverse_cost":-1,"capacity":1600,"reverse_capacity":-1,"x1":4.902438,"y1":52.369077,"x2":4.901139,"y2":52.369573},"geometry":{"type":"LineString","coordinates":[[4.902438,52.369077],[4.902217,52.369167],[4.901474,52.369458],[4.901425,52.369477],[4.901263,52.36953],[4.901213,52.369544],[4.901204,52.369547],[4.901139,52.369573]]}},{"type":"Feature","properties":{"id":1042,"source":1043,"target":1044,"cost":8.04,"reverse_cost":-1,"capacity":3000,"reverse_capacity":-1,"x1":4.897064,"y1":52.381166,"x2":4.896966,"y2":52.381207},"geometry":{"type":"LineString","coordinates":[[4.897064,52.381166],[4.896966,52.381207]]}},{"type":"Feature","properties":{"id":1043,"source":702,"target":902,"cost":21.81,"reverse_cost":-1,"capacity":1600,"reverse_capacity":-1,"x1":4.897731,"y1":52.378788,"x2":4.897547,"y2":52.378628},"geometry":{"type":"LineString","coordinates":[[4.897731,52.378788],[4.897547,52.378628]]}},{"type":"Feature","properties":{"id":1044,"source":407,"target":1045,"cost":6.57,"reverse_cost":6.57,"capacity":600,"reverse_capacity":600,"x1":4.877055,"y1":52.373966,"x2":4.877039,"y2":52.373908},"geometry":{"type":"LineString","coordinates":[[4.877055,52.373966],[4.877039,52.373908]]}},{"type":"Feature","properties":{"id":1045,"source":305,"target":307,"cost":31.88,"reverse_cost":-1,"capacity":1200,"reverse_capacity":-1,"x1":4.883902,"y1":52.362897,"x2":4.88347,"y2":52.362787},"geometry":{"type":"LineString","coordinates":[[4.883902,52.362897],[4.883807,52.362862],[4.883639,52.362825],[4.883617,52.36282],[4.883576,52.36281],[4.883556,52.362806],[4.883536,52.362802],[4.88347,52.362787]]}},{"type":"Feature","properties":{"id":1046,"source":1046,"target":662,"cost":116.01,"reverse_cost":116.01,"capacity":1200,"reverse_capacity":1200,"x1":4.870679,"y1":52.364055,"x2":4.872243,"y2":52.364475},"geometry":{"type":"LineString","coordinates":[[4.870679,52.364055],[4.870952,52.364128],[4.872243,52.364475]]}},{"type":"Feature","properties":{"id":1047,"source":643,"target":1047,"cost":230.59,"reverse_cost":-1,"capacity":1200,"reverse_capacity":-1,"x1":4.872588,"y1":52.371531,"x2":4.874455,"y2":52.372859},"geometry":{"type":"LineString","coordinates":[[4.872588,52.371531],[4.872833,52.371936],[4.873321,52.372697],[4.873417,52.372782],[4.873542,52.37285],[4.873694,52.372893],[4.873932,52.372936],[4.874138,52.372977],[4.87424,52.372966],[4.874373,52.372897],[4.874455,52.372859]]}},{"type":"Feature","properties":{"id":1048,"source":1048,"target":98,"cost":208.79,"reverse_cost":-1,"capacity":1200,"reverse_capacity":-1,"x1":4.888143,"y1":52.366608,"x2":4.890398,"y2":52.365332},"geometry":{"type":"LineString","coordinates":[[4.888143,52.366608],[4.890287,52.365387],[4.890398,52.365332]]}},{"type":"Feature","properties":{"id":1049,"source":934,"target":1049,"cost":15.28,"reverse_cost":-1,"capacity":3000,"reverse_capacity":-1,"x1":4.879136,"y1":52.381915,"x2":4.879056,"y2":52.382044},"geometry":{"type":"LineString","coordinates":[[4.879136,52.381915],[4.879056,52.382044]]}},{"type":"Feature","properties":{"id":1050,"source":783,"target":779,"cost":174.19,"reverse_cost":-1,"capacity":1200,"reverse_capacity":-1,"x1":4.888438,"y1":52.380794,"x2":4.886512,"y2":52.3818},"geometry":{"type":"LineString","coordinates":[[4.888438,52.380794],[4.888346,52.380787],[4.886512,52.3818]]}},{"type":"Feature","properties":{"id":1051,"source":814,"target":911,"cost":6.62,"reverse_cost":6.62,"capacity":1200,"reverse_capacity":1200,"x1":4.888506,"y1":52.380267,"x2":4.888555,"y2":52.380319},"geometry":{"type":"LineString","coordinates":[[4.888506,52.380267],[4.888555,52.380319]]}},{"type":"Feature","properties":{"id":1052,"source":733,"target":734,"cost":40.35,"reverse_cost":40.35,"capacity":1200,"reverse_capacity":1200,"x1":4.886194,"y1":52.379457,"x2":4.886053,"y2":52.37981},"geometry":{"type":"LineString","coordinates":[[4.886194,52.379457],[4.886061,52.379789],[4.886053,52.37981]]}},{"type":"Feature","properties":{"id":1053,"source":1050,"target":1051,"cost":5.43,"reverse_cost":-1,"capacity":1000,"reverse_capacity":-1,"x1":4.875432,"y1":52.362668,"x2":4.8754,"y2":52.362713},"geometry":{"type":"LineString","coordinates":[[4.875432,52.362668],[4.875412,52.362696],[4.8754,52.362713]]}},{"type":"Feature","properties":{"id":1054,"source":1051,"target":1052,"cost":13.76,"reverse_cost":-1,"capacity":1000,"reverse_capacity":-1,"x1":4.8754,"y1":52.362713,"x2":4.875321,"y2":52.362827},"geometry":{"type":"LineString","coordinates":[[4.8754,52.362713],[4.875383,52.362738],[4.875369,52.36276],[4.875361,52.362772],[4.875354,52.362783],[4.875338,52.362804],[4.875321,52.362827]]}},{"type":"Feature","properties":{"id":1055,"source":1052,"target":658,"cost":74.47,"reverse_cost":-1,"capacity":1000,"reverse_capacity":-1,"x1":4.875321,"y1":52.362827,"x2":4.874903,"y2":52.363445},"geometry":{"type":"LineString","coordinates":[[4.875321,52.362827],[4.875307,52.362849],[4.875292,52.36287],[4.875286,52.362884],[4.875258,52.362952],[4.87521,52.363013],[4.874903,52.363445]]}},{"type":"Feature","properties":{"id":1056,"source":658,"target":292,"cost":54.7,"reverse_cost":-1,"capacity":1000,"reverse_capacity":-1,"x1":4.874903,"y1":52.363445,"x2":4.87458,"y2":52.363895},"geometry":{"type":"LineString","coordinates":[[4.874903,52.363445],[4.87458,52.363895]]}},{"type":"Feature","properties":{"id":1057,"source":292,"target":1053,"cost":61.2,"reverse_cost":-1,"capacity":1000,"reverse_capacity":-1,"x1":4.87458,"y1":52.363895,"x2":4.874276,"y2":52.364412},"geometry":{"type":"LineString","coordinates":[[4.87458,52.363895],[4.874394,52.364158],[4.874328,52.364317],[4.874276,52.364412]]}},{"type":"Feature","properties":{"id":1058,"source":1053,"target":1054,"cost":51.5,"reverse_cost":-1,"capacity":1000,"reverse_capacity":-1,"x1":4.874276,"y1":52.364412,"x2":4.873974,"y2":52.364837},"geometry":{"type":"LineString","coordinates":[[4.874276,52.364412],[4.873974,52.364837]]}},{"type":"Feature","properties":{"id":1059,"source":1054,"target":1055,"cost":24.31,"reverse_cost":-1,"capacity":1000,"reverse_capacity":-1,"x1":4.873974,"y1":52.364837,"x2":4.873837,"y2":52.365039},"geometry":{"type":"LineString","coordinates":[[4.873974,52.364837],[4.873862,52.365001],[4.873837,52.365039]]}},{"type":"Feature","properties":{"id":1060,"source":1055,"target":616,"cost":48.67,"reverse_cost":-1,"capacity":1000,"reverse_capacity":-1,"x1":4.873837,"y1":52.365039,"x2":4.873519,"y2":52.365429},"geometry":{"type":"LineString","coordinates":[[4.873837,52.365039],[4.873794,52.365091],[4.873647,52.365229],[4.873519,52.365429]]}},{"type":"Feature","properties":{"id":1061,"source":616,"target":1056,"cost":11.72,"reverse_cost":-1,"capacity":1000,"reverse_capacity":-1,"x1":4.873519,"y1":52.365429,"x2":4.87344,"y2":52.365523},"geometry":{"type":"LineString","coordinates":[[4.873519,52.365429],[4.87344,52.365523]]}},{"type":"Feature","properties":{"id":1062,"source":1057,"target":1058,"cost":27.8,"reverse_cost":-1,"capacity":1500,"reverse_capacity":-1,"x1":4.879176,"y1":52.363629,"x2":4.878928,"y2":52.363828},"geometry":{"type":"LineString","coordinates":[[4.879176,52.363629],[4.879008,52.363757],[4.878954,52.363802],[4.878928,52.363828]]}},{"type":"Feature","properties":{"id":1063,"source":1059,"target":1060,"cost":18.87,"reverse_cost":-1,"capacity":2000,"reverse_capacity":-1,"x1":4.876473,"y1":52.372432,"x2":4.876212,"y2":52.372374},"geometry":{"type":"LineString","coordinates":[[4.876473,52.372432],[4.876212,52.372374]]}},{"type":"Feature","properties":{"id":1064,"source":1061,"target":556,"cost":84.45,"reverse_cost":84.45,"capacity":4000,"reverse_capacity":4000,"x1":4.877272,"y1":52.372548,"x2":4.878424,"y2":52.372836},"geometry":{"type":"LineString","coordinates":[[4.877272,52.372548],[4.878424,52.372836]]}},{"type":"Feature","properties":{"id":1065,"source":556,"target":560,"cost":113.23,"reverse_cost":113.23,"capacity":4000,"reverse_capacity":4000,"x1":4.878424,"y1":52.372836,"x2":4.879967,"y2":52.373222},"geometry":{"type":"LineString","coordinates":[[4.878424,52.372836],[4.878729,52.372912],[4.879967,52.373222]]}},{"type":"Feature","properties":{"id":1066,"source":560,"target":568,"cost":17.12,"reverse_cost":17.12,"capacity":4000,"reverse_capacity":4000,"x1":4.879967,"y1":52.373222,"x2":4.880202,"y2":52.373278},"geometry":{"type":"LineString","coordinates":[[4.879967,52.373222],[4.880202,52.373278]]}},{"type":"Feature","properties":{"id":1067,"source":568,"target":559,"cost":120.61,"reverse_cost":120.61,"capacity":4000,"reverse_capacity":4000,"x1":4.880202,"y1":52.373278,"x2":4.881847,"y2":52.373688},"geometry":{"type":"LineString","coordinates":[[4.880202,52.373278],[4.880363,52.373318],[4.881533,52.37361],[4.881847,52.373688]]}},{"type":"Feature","properties":{"id":1068,"source":559,"target":493,"cost":69.72,"reverse_cost":69.72,"capacity":4000,"reverse_capacity":4000,"x1":4.881847,"y1":52.373688,"x2":4.882797,"y2":52.373926},"geometry":{"type":"LineString","coordinates":[[4.881847,52.373688],[4.882696,52.373902],[4.882797,52.373926]]}},{"type":"Feature","properties":{"id":1069,"source":1062,"target":1063,"cost":16.63,"reverse_cost":-1,"capacity":1000,"reverse_capacity":-1,"x1":4.876181,"y1":52.372201,"x2":4.876408,"y2":52.372258},"geometry":{"type":"LineString","coordinates":[[4.876181,52.372201],[4.876408,52.372258]]}},{"type":"Feature","properties":{"id":1070,"source":1060,"target":1064,"cost":9.53,"reverse_cost":-1,"capacity":2000,"reverse_capacity":-1,"x1":4.876212,"y1":52.372374,"x2":4.876081,"y2":52.372341},"geometry":{"type":"LineString","coordinates":[[4.876212,52.372374],[4.876129,52.372352],[4.876081,52.372341]]}},{"type":"Feature","properties":{"id":1071,"source":168,"target":169,"cost":52.74,"reverse_cost":-1,"capacity":1200,"reverse_capacity":-1,"x1":4.898167,"y1":52.367661,"x2":4.897424,"y2":52.367756},"geometry":{"type":"LineString","coordinates":[[4.898167,52.367661],[4.897461,52.367725],[4.897424,52.367756]]}},{"type":"Feature","properties":{"id":1072,"source":1065,"target":1066,"cost":131.86,"reverse_cost":-1,"capacity":3000,"reverse_capacity":-1,"x1":4.904497,"y1":52.378483,"x2":4.902805,"y2":52.379064},"geometry":{"type":"LineString","coordinates":[[4.904497,52.378483],[4.904208,52.378566],[4.904088,52.378604],[4.903948,52.37865],[4.903787,52.378707],[4.902805,52.379064]]}},{"type":"Feature","properties":{"id":1073,"source":1067,"target":565,"cost":6.15,"reverse_cost":6.15,"capacity":1200,"reverse_capacity":1200,"x1":4.889138,"y1":52.374565,"x2":4.889049,"y2":52.374575},"geometry":{"type":"LineString","coordinates":[[4.889138,52.374565],[4.889049,52.374575]]}},{"type":"Feature","properties":{"id":1074,"source":897,"target":751,"cost":11.13,"reverse_cost":-1,"capacity":1200,"reverse_capacity":-1,"x1":4.878624,"y1":52.379925,"x2":4.878473,"y2":52.379963},"geometry":{"type":"LineString","coordinates":[[4.878624,52.379925],[4.878548,52.379944],[4.87853,52.379949],[4.878511,52.379953],[4.878473,52.379963]]}},{"type":"Feature","properties":{"id":1075,"source":171,"target":119,"cost":68.04,"reverse_cost":-1,"capacity":1200,"reverse_capacity":-1,"x1":4.899143,"y1":52.369642,"x2":4.900021,"y2":52.369364},"geometry":{"type":"LineString","coordinates":[[4.899143,52.369642],[4.899196,52.369634],[4.899592,52.369556],[4.89966,52.369528],[4.900021,52.369364]]}},{"type":"Feature","properties":{"id":1076,"source":661,"target":1068,"cost":62.31,"reverse_cost":62.31,"capacity":1200,"reverse_capacity":1200,"x1":4.872413,"y1":52.364232,"x2":4.873254,"y2":52.364456},"geometry":{"type":"LineString","coordinates":[[4.872413,52.364232],[4.873254,52.364456]]}},{"type":"Feature","properties":{"id":1077,"source":900,"target":931,"cost":201.3,"reverse_cost":201.3,"capacity":1200,"reverse_capacity":1200,"x1":4.876292,"y1":52.380886,"x2":4.879058,"y2":52.381537},"geometry":{"type":"LineString","coordinates":[[4.876292,52.380886],[4.876332,52.380904],[4.879058,52.381537]]}},{"type":"Feature","properties":{"id":1078,"source":931,"target":1069,"cost":13.37,"reverse_cost":13.37,"capacity":1200,"reverse_capacity":1200,"x1":4.879058,"y1":52.381537,"x2":4.879249,"y2":52.381563},"geometry":{"type":"LineString","coordinates":[[4.879058,52.381537],[4.879116,52.381549],[4.879137,52.381553],[4.879159,52.381557],[4.879249,52.381563]]}},{"type":"Feature","properties":{"id":1079,"source":1070,"target":1071,"cost":5.83,"reverse_cost":-1,"capacity":1000,"reverse_capacity":-1,"x1":4.875593,"y1":52.378709,"x2":4.875562,"y2":52.378758},"geometry":{"type":"LineString","coordinates":[[4.875593,52.378709],[4.875571,52.378743],[4.875562,52.378758]]}},{"type":"Feature","properties":{"id":1080,"source":321,"target":296,"cost":75.04,"reverse_cost":-1,"capacity":600,"reverse_capacity":-1,"x1":4.879701,"y1":52.36213,"x2":4.878633,"y2":52.362116},"geometry":{"type":"LineString","coordinates":[[4.879701,52.36213],[4.879411,52.362065],[4.879228,52.362047],[4.879032,52.362048],[4.878835,52.362081],[4.878633,52.362116]]}},{"type":"Feature","properties":{"id":1081,"source":185,"target":1009,"cost":3.23,"reverse_cost":3.23,"capacity":1200,"reverse_capacity":1200,"x1":4.900072,"y1":52.374533,"x2":4.900115,"y2":52.374521},"geometry":{"type":"LineString","coordinates":[[4.900072,52.374533],[4.900115,52.374521]]}},{"type":"Feature","properties":{"id":1082,"source":1072,"target":76,"cost":114.71,"reverse_cost":-1,"capacity":1200,"reverse_capacity":-1,"x1":4.901548,"y1":52.374073,"x2":4.902951,"y2":52.373499},"geometry":{"type":"LineString","coordinates":[[4.901548,52.374073],[4.902295,52.373768],[4.902851,52.37354],[4.902951,52.373499]]}},{"type":"Feature","properties":{"id":1083,"source":134,"target":1073,"cost":9.46,"reverse_cost":-1,"capacity":1200,"reverse_capacity":-1,"x1":4.899598,"y1":52.374698,"x2":4.899719,"y2":52.374656},"geometry":{"type":"LineString","coordinates":[[4.899598,52.374698],[4.899719,52.374656]]}},{"type":"Feature","properties":{"id":1084,"source":481,"target":1074,"cost":11.33,"reverse_cost":-1,"capacity":1200,"reverse_capacity":-1,"x1":4.884129,"y1":52.365021,"x2":4.884285,"y2":52.365025},"geometry":{"type":"LineString","coordinates":[[4.884129,52.365021],[4.884147,52.365015],[4.884167,52.36501],[4.884188,52.365008],[4.884208,52.365007],[4.884229,52.365009],[4.884249,52.365012],[4.884268,52.365018],[4.884285,52.365025]]}},{"type":"Feature","properties":{"id":1085,"source":1075,"target":1076,"cost":13.49,"reverse_cost":-1,"capacity":1200,"reverse_capacity":-1,"x1":4.886813,"y1":52.365997,"x2":4.886631,"y2":52.365971},"geometry":{"type":"LineString","coordinates":[[4.886813,52.365997],[4.886767,52.366004],[4.886725,52.366003],[4.886682,52.365994],[4.886631,52.365971]]}},{"type":"Feature","properties":{"id":1086,"source":1077,"target":1078,"cost":11.38,"reverse_cost":-1,"capacity":1200,"reverse_capacity":-1,"x1":4.884796,"y1":52.365043,"x2":4.884639,"y2":52.365027},"geometry":{"type":"LineString","coordinates":[[4.884796,52.365043],[4.884776,52.365047],[4.884755,52.36505],[4.884735,52.36505],[4.884714,52.365049],[4.884693,52.365046],[4.884674,52.365041],[4.884656,52.365035],[4.884639,52.365027]]}},{"type":"Feature","properties":{"id":1087,"source":323,"target":1079,"cost":14.81,"reverse_cost":-1,"capacity":1200,"reverse_capacity":-1,"x1":4.886061,"y1":52.365933,"x2":4.88626,"y2":52.365958},"geometry":{"type":"LineString","coordinates":[[4.886061,52.365933],[4.886107,52.365924],[4.886166,52.365924],[4.886215,52.365938],[4.88626,52.365958]]}},{"type":"Feature","properties":{"id":1088,"source":1080,"target":844,"cost":17.04,"reverse_cost":-1,"capacity":1200,"reverse_capacity":-1,"x1":4.889685,"y1":52.367205,"x2":4.889858,"y2":52.367316},"geometry":{"type":"LineString","coordinates":[[4.889685,52.367205],[4.889858,52.367316]]}},{"type":"Feature","properties":{"id":1089,"source":847,"target":1080,"cost":12.2,"reverse_cost":-1,"capacity":1200,"reverse_capacity":-1,"x1":4.889548,"y1":52.367134,"x2":4.889685,"y2":52.367205},"geometry":{"type":"LineString","coordinates":[[4.889548,52.367134],[4.889601,52.367159],[4.889685,52.367205]]}},{"type":"Feature","properties":{"id":1090,"source":1081,"target":1082,"cost":39.2,"reverse_cost":-1,"capacity":1200,"reverse_capacity":-1,"x1":4.901394,"y1":52.372637,"x2":4.900933,"y2":52.372843},"geometry":{"type":"LineString","coordinates":[[4.901394,52.372637],[4.901085,52.372804],[4.901005,52.372829],[4.900933,52.372843]]}},{"type":"Feature","properties":{"id":1091,"source":1083,"target":320,"cost":14.17,"reverse_cost":-1,"capacity":1200,"reverse_capacity":-1,"x1":4.880859,"y1":52.362313,"x2":4.880665,"y2":52.362358},"geometry":{"type":"LineString","coordinates":[[4.880859,52.362313],[4.88075,52.362347],[4.880665,52.362358]]}},{"type":"Feature","properties":{"id":1092,"source":876,"target":1084,"cost":245.44,"reverse_cost":-1,"capacity":1000,"reverse_capacity":-1,"x1":4.875298,"y1":52.36263,"x2":4.876735,"y2":52.360605},"geometry":{"type":"LineString","coordinates":[[4.875298,52.36263],[4.875325,52.362591],[4.875827,52.361874],[4.87633,52.361185],[4.876735,52.360605]]}},{"type":"Feature","properties":{"id":1093,"source":1085,"target":1086,"cost":12.71,"reverse_cost":-1,"capacity":1200,"reverse_capacity":-1,"x1":4.88647,"y1":52.366063,"x2":4.886514,"y2":52.366163},"geometry":{"type":"LineString","coordinates":[[4.88647,52.366063],[4.886506,52.366082],[4.886527,52.366107],[4.88653,52.366136],[4.886514,52.366163]]}},{"type":"Feature","properties":{"id":1094,"source":1087,"target":324,"cost":14.4,"reverse_cost":-1,"capacity":1200,"reverse_capacity":-1,"x1":4.886417,"y1":52.36587,"x2":4.886385,"y2":52.365757},"geometry":{"type":"LineString","coordinates":[[4.886417,52.36587],[4.886377,52.365845],[4.886366,52.365829],[4.886356,52.365809],[4.886358,52.365785],[4.886385,52.365757]]}},{"type":"Feature","properties":{"id":1095,"source":1079,"target":1085,"cost":18.39,"reverse_cost":-1,"capacity":1200,"reverse_capacity":-1,"x1":4.88626,"y1":52.365958,"x2":4.88647,"y2":52.366063},"geometry":{"type":"LineString","coordinates":[[4.88626,52.365958],[4.88647,52.366063]]}},{"type":"Feature","properties":{"id":1096,"source":1088,"target":1089,"cost":9.56,"reverse_cost":-1,"capacity":1200,"reverse_capacity":-1,"x1":4.884419,"y1":52.364919,"x2":4.884404,"y2":52.364839},"geometry":{"type":"LineString","coordinates":[[4.884419,52.364919],[4.884408,52.36491],[4.884399,52.364901],[4.884393,52.364891],[4.88439,52.36488],[4.884389,52.364869],[4.884392,52.364859],[4.884397,52.364849],[4.884404,52.364839]]}},{"type":"Feature","properties":{"id":1097,"source":1078,"target":1088,"cost":19.2,"reverse_cost":-1,"capacity":1200,"reverse_capacity":-1,"x1":4.884639,"y1":52.365027,"x2":4.884419,"y2":52.364919},"geometry":{"type":"LineString","coordinates":[[4.884639,52.365027],[4.884419,52.364919]]}},{"type":"Feature","properties":{"id":1098,"source":1090,"target":1091,"cost":10.35,"reverse_cost":-1,"capacity":1200,"reverse_capacity":-1,"x1":4.884505,"y1":52.365133,"x2":4.884516,"y2":52.365221},"geometry":{"type":"LineString","coordinates":[[4.884505,52.365133],[4.884515,52.365143],[4.884523,52.365153],[4.884529,52.365164],[4.884532,52.365176],[4.884532,52.365187],[4.884529,52.365199],[4.884524,52.36521],[4.884516,52.365221]]}},{"type":"Feature","properties":{"id":1099,"source":1074,"target":1090,"cost":19.17,"reverse_cost":-1,"capacity":1200,"reverse_capacity":-1,"x1":4.884285,"y1":52.365025,"x2":4.884505,"y2":52.365133},"geometry":{"type":"LineString","coordinates":[[4.884285,52.365025],[4.884505,52.365133]]}},{"type":"Feature","properties":{"id":1100,"source":1076,"target":1087,"cost":18.36,"reverse_cost":-1,"capacity":1200,"reverse_capacity":-1,"x1":4.886631,"y1":52.365971,"x2":4.886417,"y2":52.36587},"geometry":{"type":"LineString","coordinates":[[4.886631,52.365971],[4.886417,52.36587]]}},{"type":"Feature","properties":{"id":1101,"source":165,"target":121,"cost":75.4,"reverse_cost":-1,"capacity":1200,"reverse_capacity":-1,"x1":4.896023,"y1":52.367713,"x2":4.896511,"y2":52.368318},"geometry":{"type":"LineString","coordinates":[[4.896023,52.367713],[4.896055,52.367804],[4.896435,52.368242],[4.896511,52.368318]]}},{"type":"Feature","properties":{"id":1102,"source":1092,"target":94,"cost":19.43,"reverse_cost":-1,"capacity":1600,"reverse_capacity":-1,"x1":4.903941,"y1":52.368268,"x2":4.903969,"y2":52.368431},"geometry":{"type":"LineString","coordinates":[[4.903941,52.368268],[4.904,52.368351],[4.903995,52.368397],[4.903969,52.368431]]}},{"type":"Feature","properties":{"id":1103,"source":94,"target":44,"cost":17.81,"reverse_cost":-1,"capacity":1600,"reverse_capacity":-1,"x1":4.903969,"y1":52.368431,"x2":4.90376,"y2":52.368529},"geometry":{"type":"LineString","coordinates":[[4.903969,52.368431],[4.90376,52.368529]]}},{"type":"Feature","properties":{"id":1104,"source":1093,"target":1094,"cost":23.56,"reverse_cost":-1,"capacity":1200,"reverse_capacity":-1,"x1":4.905795,"y1":52.369234,"x2":4.905491,"y2":52.369132},"geometry":{"type":"LineString","coordinates":[[4.905795,52.369234],[4.905491,52.369132]]}},{"type":"Feature","properties":{"id":1105,"source":54,"target":1095,"cost":2.12,"reverse_cost":2.12,"capacity":1200,"reverse_capacity":1200,"x1":4.902879,"y1":52.372423,"x2":4.9029,"y2":52.372437},"geometry":{"type":"LineString","coordinates":[[4.902879,52.372423],[4.9029,52.372437]]}},{"type":"Feature","properties":{"id":1106,"source":1096,"target":927,"cost":9.1,"reverse_cost":-1,"capacity":1200,"reverse_capacity":-1,"x1":4.892045,"y1":52.362943,"x2":4.891914,"y2":52.362961},"geometry":{"type":"LineString","coordinates":[[4.892045,52.362943],[4.892024,52.362946],[4.891914,52.362961]]}},{"type":"Feature","properties":{"id":1107,"source":1097,"target":199,"cost":54.21,"reverse_cost":-1,"capacity":1200,"reverse_capacity":-1,"x1":4.901866,"y1":52.36606,"x2":4.901594,"y2":52.366516},"geometry":{"type":"LineString","coordinates":[[4.901866,52.36606],[4.901668,52.366446],[4.901611,52.366501],[4.901594,52.366516]]}},{"type":"Feature","properties":{"id":1108,"source":43,"target":1098,"cost":73.43,"reverse_cost":-1,"capacity":2000,"reverse_capacity":-1,"x1":4.902695,"y1":52.3675,"x2":4.903484,"y2":52.367907},"geometry":{"type":"LineString","coordinates":[[4.902695,52.3675],[4.902949,52.367718],[4.903007,52.367771],[4.903063,52.367806],[4.903097,52.367824],[4.90313,52.367837],[4.903171,52.367852],[4.903202,52.367862],[4.903232,52.367869],[4.903296,52.36788],[4.903382,52.367892],[4.903432,52.3679],[4.903484,52.367907]]}},{"type":"Feature","properties":{"id":1109,"source":243,"target":1099,"cost":202.81,"reverse_cost":-1,"capacity":2000,"reverse_capacity":-1,"x1":4.894668,"y1":52.374207,"x2":4.896468,"y2":52.375663},"geometry":{"type":"LineString","coordinates":[[4.894668,52.374207],[4.894714,52.374244],[4.894748,52.374271],[4.894753,52.374274],[4.894784,52.3743],[4.895569,52.374936],[4.895812,52.375141],[4.896356,52.375573],[4.896468,52.375663]]}},{"type":"Feature","properties":{"id":1110,"source":167,"target":1100,"cost":202.45,"reverse_cost":-1,"capacity":1000,"reverse_capacity":-1,"x1":4.893557,"y1":52.367507,"x2":4.892103,"y2":52.369052},"geometry":{"type":"LineString","coordinates":[[4.893557,52.367507],[4.893511,52.367536],[4.893451,52.367564],[4.893395,52.367597],[4.892629,52.368214],[4.892539,52.368294],[4.892447,52.36839],[4.892404,52.368436],[4.892352,52.368493],[4.892283,52.368583],[4.892218,52.368676],[4.892167,52.368764],[4.892131,52.368844],[4.892115,52.368916],[4.892112,52.36895],[4.892109,52.368978],[4.892103,52.369052]]}},{"type":"Feature","properties":{"id":1111,"source":898,"target":1069,"cost":56.99,"reverse_cost":-1,"capacity":1500,"reverse_capacity":-1,"x1":4.879294,"y1":52.381056,"x2":4.879249,"y2":52.381563},"geometry":{"type":"LineString","coordinates":[[4.879294,52.381056],[4.879293,52.381089],[4.879324,52.3812],[4.87929,52.381425],[4.879273,52.38149],[4.879249,52.381563]]}},{"type":"Feature","properties":{"id":1112,"source":1069,"target":933,"cost":27.5,"reverse_cost":-1,"capacity":1500,"reverse_capacity":-1,"x1":4.879249,"y1":52.381563,"x2":4.879176,"y2":52.381807},"geometry":{"type":"LineString","coordinates":[[4.879249,52.381563],[4.879176,52.381807]]}},{"type":"Feature","properties":{"id":1113,"source":249,"target":220,"cost":31.48,"reverse_cost":-1,"capacity":1200,"reverse_capacity":-1,"x1":4.900164,"y1":52.372998,"x2":4.899968,"y2":52.372743},"geometry":{"type":"LineString","coordinates":[[4.900164,52.372998],[4.900113,52.372954],[4.899968,52.372743]]}},{"type":"Feature","properties":{"id":1114,"source":155,"target":1082,"cost":89.7,"reverse_cost":-1,"capacity":1600,"reverse_capacity":-1,"x1":4.900482,"y1":52.372085,"x2":4.900933,"y2":52.372843},"geometry":{"type":"LineString","coordinates":[[4.900482,52.372085],[4.900666,52.372405],[4.9009,52.372788],[4.900933,52.372843]]}},{"type":"Feature","properties":{"id":1115,"source":495,"target":1101,"cost":133.52,"reverse_cost":-1,"capacity":1200,"reverse_capacity":-1,"x1":4.880998,"y1":52.365385,"x2":4.882216,"y2":52.364442},"geometry":{"type":"LineString","coordinates":[[4.880998,52.365385],[4.881051,52.365332],[4.881622,52.364901],[4.881805,52.364759],[4.882216,52.364442]]}},{"type":"Feature","properties":{"id":1116,"source":1045,"target":1102,"cost":12.17,"reverse_cost":12.17,"capacity":1200,"reverse_capacity":1200,"x1":4.877039,"y1":52.373908,"x2":4.877014,"y2":52.3738},"geometry":{"type":"LineString","coordinates":[[4.877039,52.373908],[4.877017,52.373833],[4.877014,52.3738]]}},{"type":"Feature","properties":{"id":1117,"source":1102,"target":557,"cost":2.59,"reverse_cost":2.59,"capacity":600,"reverse_capacity":600,"x1":4.877014,"y1":52.3738,"x2":4.87701,"y2":52.373776},"geometry":{"type":"LineString","coordinates":[[4.877014,52.3738],[4.87701,52.373776]]}},{"type":"Feature","properties":{"id":1118,"source":953,"target":1103,"cost":5.85,"reverse_cost":5.85,"capacity":1200,"reverse_capacity":1200,"x1":4.876965,"y1":52.373959,"x2":4.876879,"y2":52.373956},"geometry":{"type":"LineString","coordinates":[[4.876965,52.373959],[4.876879,52.373956]]}},{"type":"Feature","properties":{"id":1119,"source":6,"target":1104,"cost":183.95,"reverse_cost":183.95,"capacity":1200,"reverse_capacity":1200,"x1":4.90264,"y1":52.364821,"x2":4.905222,"y2":52.365321},"geometry":{"type":"LineString","coordinates":[[4.90264,52.364821],[4.903802,52.365041],[4.905143,52.365303],[4.905222,52.365321]]}},{"type":"Feature","properties":{"id":1120,"source":1105,"target":926,"cost":6.32,"reverse_cost":-1,"capacity":2000,"reverse_capacity":-1,"x1":4.902359,"y1":52.376675,"x2":4.902412,"y2":52.376628},"geometry":{"type":"LineString","coordinates":[[4.902359,52.376675],[4.902412,52.376628]]}},{"type":"Feature","properties":{"id":1121,"source":883,"target":924,"cost":24.63,"reverse_cost":-1,"capacity":2000,"reverse_capacity":-1,"x1":4.902093,"y1":52.376889,"x2":4.902313,"y2":52.376713},"geometry":{"type":"LineString","coordinates":[[4.902093,52.376889],[4.902142,52.376858],[4.902313,52.376713]]}},{"type":"Feature","properties":{"id":1122,"source":924,"target":1105,"cost":5.3,"reverse_cost":-1,"capacity":2000,"reverse_capacity":-1,"x1":4.902313,"y1":52.376713,"x2":4.902359,"y2":52.376675},"geometry":{"type":"LineString","coordinates":[[4.902313,52.376713],[4.902359,52.376675]]}},{"type":"Feature","properties":{"id":1123,"source":82,"target":922,"cost":49.56,"reverse_cost":-1,"capacity":2000,"reverse_capacity":-1,"x1":4.903306,"y1":52.375698,"x2":4.903372,"y2":52.375258},"geometry":{"type":"LineString","coordinates":[[4.903306,52.375698],[4.903303,52.375462],[4.903308,52.37541],[4.90332,52.375367],[4.903342,52.375308],[4.903372,52.375258]]}},{"type":"Feature","properties":{"id":1124,"source":83,"target":1106,"cost":303.52,"reverse_cost":-1,"capacity":2000,"reverse_capacity":-1,"x1":4.903881,"y1":52.374907,"x2":4.907194,"y2":52.373075},"geometry":{"type":"LineString","coordinates":[[4.903881,52.374907],[4.903986,52.374846],[4.904043,52.374815],[4.904524,52.374552],[4.906049,52.373743],[4.906552,52.373463],[4.906858,52.373284],[4.907194,52.373075]]}},{"type":"Feature","properties":{"id":1125,"source":1107,"target":65,"cost":171.63,"reverse_cost":-1,"capacity":3000,"reverse_capacity":-1,"x1":4.906631,"y1":52.363604,"x2":4.905742,"y2":52.365049},"geometry":{"type":"LineString","coordinates":[[4.906631,52.363604],[4.906587,52.363674],[4.906283,52.364145],[4.906266,52.364179],[4.906194,52.364293],[4.906142,52.36438],[4.905742,52.365049]]}},{"type":"Feature","properties":{"id":1126,"source":65,"target":906,"cost":10.69,"reverse_cost":-1,"capacity":3000,"reverse_capacity":-1,"x1":4.905742,"y1":52.365049,"x2":4.905684,"y2":52.365138},"geometry":{"type":"LineString","coordinates":[[4.905742,52.365049],[4.905684,52.365138]]}},{"type":"Feature","properties":{"id":1127,"source":1108,"target":1109,"cost":11.55,"reverse_cost":-1,"capacity":3000,"reverse_capacity":-1,"x1":4.903715,"y1":52.367906,"x2":4.903674,"y2":52.368006},"geometry":{"type":"LineString","coordinates":[[4.903715,52.367906],[4.903686,52.367944],[4.903674,52.367994],[4.903674,52.368006]]}},{"type":"Feature","properties":{"id":1128,"source":1110,"target":1111,"cost":86.42,"reverse_cost":-1,"capacity":3000,"reverse_capacity":-1,"x1":4.904295,"y1":52.36848,"x2":4.905321,"y2":52.36894},"geometry":{"type":"LineString","coordinates":[[4.904295,52.36848],[4.904435,52.368549],[4.904818,52.368714],[4.905129,52.368846],[4.905321,52.36894]]}},{"type":"Feature","properties":{"id":1129,"source":1112,"target":1113,"cost":68.93,"reverse_cost":-1,"capacity":1600,"reverse_capacity":-1,"x1":4.906052,"y1":52.376191,"x2":4.905772,"y2":52.37678},"geometry":{"type":"LineString","coordinates":[[4.906052,52.376191],[4.906039,52.376218],[4.90603,52.376234],[4.906022,52.37625],[4.906008,52.376275],[4.905859,52.376541],[4.905766,52.376706],[4.905753,52.376731],[4.905755,52.376736],[4.905772,52.37678]]}},{"type":"Feature","properties":{"id":1130,"source":1114,"target":1113,"cost":1.25,"reverse_cost":1.25,"capacity":1600,"reverse_capacity":1600,"x1":4.90579,"y1":52.376777,"x2":4.905772,"y2":52.37678},"geometry":{"type":"LineString","coordinates":[[4.90579,52.376777],[4.905772,52.37678]]}},{"type":"Feature","properties":{"id":1131,"source":1113,"target":1115,"cost":8.22,"reverse_cost":8.22,"capacity":1600,"reverse_capacity":1600,"x1":4.905772,"y1":52.37678,"x2":4.905656,"y2":52.376801},"geometry":{"type":"LineString","coordinates":[[4.905772,52.37678],[4.905736,52.376787],[4.905656,52.376801]]}},{"type":"Feature","properties":{"id":1132,"source":1116,"target":83,"cost":36.55,"reverse_cost":-1,"capacity":3000,"reverse_capacity":-1,"x1":4.903509,"y1":52.375144,"x2":4.903881,"y2":52.374907},"geometry":{"type":"LineString","coordinates":[[4.903509,52.375144],[4.903741,52.374984],[4.903881,52.374907]]}},{"type":"Feature","properties":{"id":1133,"source":1117,"target":1118,"cost":33.81,"reverse_cost":-1,"capacity":1000,"reverse_capacity":-1,"x1":4.903007,"y1":52.376094,"x2":4.90328,"y2":52.375841},"geometry":{"type":"LineString","coordinates":[[4.903007,52.376094],[4.90306,52.376047],[4.903112,52.376004],[4.903175,52.37595],[4.903226,52.375906],[4.903249,52.375881],[4.903264,52.375864],[4.90328,52.375841]]}},{"type":"Feature","properties":{"id":1134,"source":274,"target":1035,"cost":7.01,"reverse_cost":-1,"capacity":800,"reverse_capacity":-1,"x1":4.899073,"y1":52.362101,"x2":4.899046,"y2":52.362162},"geometry":{"type":"LineString","coordinates":[[4.899073,52.362101],[4.899059,52.362133],[4.899046,52.362162]]}},{"type":"Feature","properties":{"id":1135,"source":650,"target":592,"cost":131.11,"reverse_cost":131.11,"capacity":3000,"reverse_capacity":3000,"x1":4.875191,"y1":52.37455,"x2":4.875881,"y2":52.375651},"geometry":{"type":"LineString","coordinates":[[4.875191,52.37455],[4.875304,52.374747],[4.875634,52.37524],[4.875881,52.375651]]}},{"type":"Feature","properties":{"id":1136,"source":592,"target":587,"cost":175.21,"reverse_cost":175.21,"capacity":3000,"reverse_capacity":3000,"x1":4.875881,"y1":52.375651,"x2":4.876794,"y2":52.377125},"geometry":{"type":"LineString","coordinates":[[4.875881,52.375651],[4.876794,52.377125]]}},{"type":"Feature","properties":{"id":1137,"source":587,"target":839,"cost":89.57,"reverse_cost":89.57,"capacity":3000,"reverse_capacity":3000,"x1":4.876794,"y1":52.377125,"x2":4.87728,"y2":52.377874},"geometry":{"type":"LineString","coordinates":[[4.876794,52.377125],[4.87682,52.377156],[4.876898,52.377278],[4.87693,52.377327],[4.876996,52.377431],[4.87728,52.377874]]}},{"type":"Feature","properties":{"id":1138,"source":1119,"target":1120,"cost":10.73,"reverse_cost":-1,"capacity":800,"reverse_capacity":-1,"x1":4.875419,"y1":52.374061,"x2":4.875575,"y2":52.374047},"geometry":{"type":"LineString","coordinates":[[4.875419,52.374061],[4.875575,52.374047]]}},{"type":"Feature","properties":{"id":1139,"source":651,"target":1121,"cost":8.3,"reverse_cost":-1,"capacity":2400,"reverse_capacity":-1,"x1":4.874971,"y1":52.374108,"x2":4.87509,"y2":52.374091},"geometry":{"type":"LineString","coordinates":[[4.874971,52.374108],[4.87509,52.374091]]}},{"type":"Feature","properties":{"id":1140,"source":1120,"target":1122,"cost":48.63,"reverse_cost":-1,"capacity":800,"reverse_capacity":-1,"x1":4.875575,"y1":52.374047,"x2":4.87628,"y2":52.37397},"geometry":{"type":"LineString","coordinates":[[4.875575,52.374047],[4.876101,52.373986],[4.876181,52.373979],[4.876258,52.373973],[4.87628,52.37397]]}},{"type":"Feature","properties":{"id":1141,"source":647,"target":627,"cost":51.8,"reverse_cost":51.8,"capacity":2400,"reverse_capacity":2400,"x1":4.874698,"y1":52.374196,"x2":4.873994,"y2":52.374376},"geometry":{"type":"LineString","coordinates":[[4.874698,52.374196],[4.873994,52.374376]]}},{"type":"Feature","properties":{"id":1142,"source":647,"target":651,"cost":21.13,"reverse_cost":-1,"capacity":2400,"reverse_capacity":-1,"x1":4.874698,"y1":52.374196,"x2":4.874971,"y2":52.374108},"geometry":{"type":"LineString","coordinates":[[4.874698,52.374196],[4.874792,52.374155],[4.874841,52.37414],[4.874901,52.374122],[4.874971,52.374108]]}},{"type":"Feature","properties":{"id":1143,"source":1100,"target":251,"cost":17.71,"reverse_cost":-1,"capacity":2000,"reverse_capacity":-1,"x1":4.892103,"y1":52.369052,"x2":4.892153,"y2":52.369208},"geometry":{"type":"LineString","coordinates":[[4.892103,52.369052],[4.892109,52.369089],[4.89212,52.369126],[4.892153,52.369208]]}},{"type":"Feature","properties":{"id":1144,"source":1123,"target":1124,"cost":11.9,"reverse_cost":-1,"capacity":1200,"reverse_capacity":-1,"x1":4.880863,"y1":52.365538,"x2":4.880953,"y2":52.365446},"geometry":{"type":"LineString","coordinates":[[4.880863,52.365538],[4.880953,52.365446]]}},{"type":"Feature","properties":{"id":1145,"source":1125,"target":1126,"cost":74.66,"reverse_cost":-1,"capacity":2400,"reverse_capacity":-1,"x1":4.903472,"y1":52.375712,"x2":4.902931,"y2":52.376288},"geometry":{"type":"LineString","coordinates":[[4.903472,52.375712],[4.903459,52.375754],[4.903433,52.375814],[4.903398,52.375868],[4.903363,52.375911],[4.90322,52.376041],[4.903173,52.376083],[4.903083,52.376156],[4.903033,52.376196],[4.902978,52.376243],[4.902931,52.376288]]}},{"type":"Feature","properties":{"id":1146,"source":1127,"target":1128,"cost":11.44,"reverse_cost":11.44,"capacity":1200,"reverse_capacity":1200,"x1":4.900419,"y1":52.373049,"x2":4.900258,"y2":52.373018},"geometry":{"type":"LineString","coordinates":[[4.900419,52.373049],[4.900258,52.373018]]}},{"type":"Feature","properties":{"id":1147,"source":1128,"target":249,"cost":6.76,"reverse_cost":6.76,"capacity":1200,"reverse_capacity":1200,"x1":4.900258,"y1":52.373018,"x2":4.900164,"y2":52.372998},"geometry":{"type":"LineString","coordinates":[[4.900258,52.373018],[4.900164,52.372998]]}},{"type":"Feature","properties":{"id":1148,"source":1129,"target":1130,"cost":75.34,"reverse_cost":-1,"capacity":2000,"reverse_capacity":-1,"x1":4.896984,"y1":52.378064,"x2":4.895943,"y2":52.377829},"geometry":{"type":"LineString","coordinates":[[4.896984,52.378064],[4.896904,52.378038],[4.896527,52.377959],[4.895943,52.377829]]}},{"type":"Feature","properties":{"id":1149,"source":717,"target":688,"cost":8.68,"reverse_cost":8.68,"capacity":1600,"reverse_capacity":1600,"x1":4.89471,"y1":52.37964,"x2":4.894611,"y2":52.37959},"geometry":{"type":"LineString","coordinates":[[4.89471,52.37964],[4.894611,52.37959]]}},{"type":"Feature","properties":{"id":1150,"source":1131,"target":493,"cost":12.09,"reverse_cost":-1,"capacity":1000,"reverse_capacity":-1,"x1":4.882918,"y1":52.374001,"x2":4.882797,"y2":52.373926},"geometry":{"type":"LineString","coordinates":[[4.882918,52.374001],[4.882879,52.373993],[4.88282,52.373945],[4.882797,52.373926]]}},{"type":"Feature","properties":{"id":1151,"source":1132,"target":1133,"cost":24.01,"reverse_cost":-1,"capacity":1000,"reverse_capacity":-1,"x1":4.874378,"y1":52.371788,"x2":4.874708,"y2":52.371865},"geometry":{"type":"LineString","coordinates":[[4.874378,52.371788],[4.874708,52.371865]]}},{"type":"Feature","properties":{"id":1152,"source":1134,"target":1135,"cost":15.55,"reverse_cost":-1,"capacity":2000,"reverse_capacity":-1,"x1":4.887074,"y1":52.373349,"x2":4.887301,"y2":52.37333},"geometry":{"type":"LineString","coordinates":[[4.887074,52.373349],[4.887301,52.37333]]}},{"type":"Feature","properties":{"id":1153,"source":1136,"target":1137,"cost":20.77,"reverse_cost":-1,"capacity":2000,"reverse_capacity":-1,"x1":4.889017,"y1":52.373306,"x2":4.888712,"y2":52.37332},"geometry":{"type":"LineString","coordinates":[[4.889017,52.373306],[4.888712,52.37332]]}},{"type":"Feature","properties":{"id":1154,"source":1138,"target":1139,"cost":11.01,"reverse_cost":-1,"capacity":2000,"reverse_capacity":-1,"x1":4.888985,"y1":52.373199,"x2":4.889146,"y2":52.373192},"geometry":{"type":"LineString","coordinates":[[4.888985,52.373199],[4.889003,52.373198],[4.889146,52.373192]]}},{"type":"Feature","properties":{"id":1155,"source":1140,"target":1141,"cost":18.88,"reverse_cost":-1,"capacity":1000,"reverse_capacity":-1,"x1":4.874333,"y1":52.371893,"x2":4.874103,"y2":52.371797},"geometry":{"type":"LineString","coordinates":[[4.874333,52.371893],[4.874216,52.371847],[4.874166,52.371825],[4.874103,52.371797]]}},{"type":"Feature","properties":{"id":1156,"source":1141,"target":1142,"cost":9.53,"reverse_cost":-1,"capacity":1000,"reverse_capacity":-1,"x1":4.874103,"y1":52.371797,"x2":4.874242,"y2":52.371787},"geometry":{"type":"LineString","coordinates":[[4.874103,52.371797],[4.87414,52.371792],[4.874242,52.371787]]}},{"type":"Feature","properties":{"id":1157,"source":1143,"target":1144,"cost":21.17,"reverse_cost":-1,"capacity":1000,"reverse_capacity":-1,"x1":4.882909,"y1":52.373902,"x2":4.883203,"y2":52.373966},"geometry":{"type":"LineString","coordinates":[[4.882909,52.373902],[4.883203,52.373966]]}},{"type":"Feature","properties":{"id":1158,"source":1145,"target":1138,"cost":20.47,"reverse_cost":-1,"capacity":2000,"reverse_capacity":-1,"x1":4.888684,"y1":52.373215,"x2":4.888985,"y2":52.373199},"geometry":{"type":"LineString","coordinates":[[4.888684,52.373215],[4.888985,52.373199]]}},{"type":"Feature","properties":{"id":1159,"source":1146,"target":1147,"cost":16.48,"reverse_cost":-1,"capacity":2000,"reverse_capacity":-1,"x1":4.885157,"y1":52.374047,"x2":4.884914,"y2":52.374052},"geometry":{"type":"LineString","coordinates":[[4.885157,52.374047],[4.884914,52.374052]]}},{"type":"Feature","properties":{"id":1160,"source":1148,"target":1140,"cost":24.02,"reverse_cost":-1,"capacity":1000,"reverse_capacity":-1,"x1":4.874665,"y1":52.371968,"x2":4.874333,"y2":52.371893},"geometry":{"type":"LineString","coordinates":[[4.874665,52.371968],[4.874365,52.371899],[4.874333,52.371893]]}},{"type":"Feature","properties":{"id":1161,"source":1149,"target":1150,"cost":16.41,"reverse_cost":-1,"capacity":2000,"reverse_capacity":-1,"x1":4.884906,"y1":52.373951,"x2":4.885148,"y2":52.373945},"geometry":{"type":"LineString","coordinates":[[4.884906,52.373951],[4.885148,52.373945]]}},{"type":"Feature","properties":{"id":1162,"source":1151,"target":1131,"cost":21.67,"reverse_cost":-1,"capacity":1000,"reverse_capacity":-1,"x1":4.883212,"y1":52.374077,"x2":4.882918,"y2":52.374001},"geometry":{"type":"LineString","coordinates":[[4.883212,52.374077],[4.882918,52.374001]]}},{"type":"Feature","properties":{"id":1163,"source":1135,"target":1152,"cost":11.26,"reverse_cost":-1,"capacity":2000,"reverse_capacity":-1,"x1":4.887301,"y1":52.37333,"x2":4.88745,"y2":52.373374},"geometry":{"type":"LineString","coordinates":[[4.887301,52.37333],[4.887354,52.373342],[4.88737,52.373348],[4.887424,52.373366],[4.88745,52.373374]]}},{"type":"Feature","properties":{"id":1164,"source":1144,"target":541,"cost":9.14,"reverse_cost":-1,"capacity":1000,"reverse_capacity":-1,"x1":4.883203,"y1":52.373966,"x2":4.883334,"y2":52.373984},"geometry":{"type":"LineString","coordinates":[[4.883203,52.373966],[4.883274,52.373976],[4.883334,52.373984]]}},{"type":"Feature","properties":{"id":1165,"source":541,"target":563,"cost":95.62,"reverse_cost":-1,"capacity":1000,"reverse_capacity":-1,"x1":4.883334,"y1":52.373984,"x2":4.884741,"y2":52.373951},"geometry":{"type":"LineString","coordinates":[[4.883334,52.373984],[4.883398,52.373985],[4.883448,52.373985],[4.884546,52.373951],[4.884633,52.373948],[4.884741,52.373951]]}},{"type":"Feature","properties":{"id":1166,"source":563,"target":1149,"cost":11.22,"reverse_cost":-1,"capacity":1000,"reverse_capacity":-1,"x1":4.884741,"y1":52.373951,"x2":4.884906,"y2":52.373951},"geometry":{"type":"LineString","coordinates":[[4.884741,52.373951],[4.884906,52.373951]]}},{"type":"Feature","properties":{"id":1167,"source":562,"target":542,"cost":95.28,"reverse_cost":-1,"capacity":1000,"reverse_capacity":-1,"x1":4.884746,"y1":52.374063,"x2":4.883347,"y2":52.374099},"geometry":{"type":"LineString","coordinates":[[4.884746,52.374063],[4.884637,52.374073],[4.883512,52.374109],[4.88346,52.374111],[4.883408,52.374108],[4.883347,52.374099]]}},{"type":"Feature","properties":{"id":1168,"source":279,"target":100,"cost":112.41,"reverse_cost":112.41,"capacity":1600,"reverse_capacity":1600,"x1":4.898238,"y1":52.363987,"x2":4.897855,"y2":52.36497},"geometry":{"type":"LineString","coordinates":[[4.898238,52.363987],[4.898216,52.364059],[4.8982,52.36411],[4.897889,52.364908],[4.897867,52.364946],[4.897855,52.36497]]}},{"type":"Feature","properties":{"id":1169,"source":1153,"target":1154,"cost":7.29,"reverse_cost":-1,"capacity":800,"reverse_capacity":-1,"x1":4.898203,"y1":52.363827,"x2":4.898228,"y2":52.363763},"geometry":{"type":"LineString","coordinates":[[4.898203,52.363827],[4.898219,52.36379],[4.898228,52.363763]]}},{"type":"Feature","properties":{"id":1170,"source":1155,"target":1156,"cost":7.34,"reverse_cost":-1,"capacity":800,"reverse_capacity":-1,"x1":4.89841,"y1":52.363797,"x2":4.898382,"y2":52.36386},"geometry":{"type":"LineString","coordinates":[[4.89841,52.363797],[4.898397,52.363824],[4.898382,52.36386]]}},{"type":"Feature","properties":{"id":1171,"source":1154,"target":271,"cost":20.7,"reverse_cost":-1,"capacity":1600,"reverse_capacity":-1,"x1":4.898228,"y1":52.363763,"x2":4.898379,"y2":52.36362},"geometry":{"type":"LineString","coordinates":[[4.898228,52.363763],[4.898259,52.363676],[4.898287,52.363645],[4.898315,52.363635],[4.898358,52.363625],[4.898379,52.36362]]}},{"type":"Feature","properties":{"id":1172,"source":1156,"target":279,"cost":18.71,"reverse_cost":-1,"capacity":800,"reverse_capacity":-1,"x1":4.898382,"y1":52.36386,"x2":4.898238,"y2":52.363987},"geometry":{"type":"LineString","coordinates":[[4.898382,52.36386],[4.898348,52.363947],[4.898322,52.363964],[4.898259,52.363981],[4.898238,52.363987]]}},{"type":"Feature","properties":{"id":1173,"source":412,"target":554,"cost":127.27,"reverse_cost":127.27,"capacity":4000,"reverse_capacity":4000,"x1":4.885328,"y1":52.37398,"x2":4.886931,"y2":52.373432},"geometry":{"type":"LineString","coordinates":[[4.885328,52.37398],[4.885389,52.373969],[4.885468,52.373952],[4.885545,52.373932],[4.88563,52.373905],[4.885725,52.373869],[4.885809,52.373829],[4.886196,52.373612],[4.886285,52.37357],[4.886395,52.373527],[4.886456,52.373508],[4.886597,52.373478],[4.886716,52.373455],[4.886784,52.373447],[4.886931,52.373432]]}},{"type":"Feature","properties":{"id":1174,"source":1157,"target":403,"cost":15.55,"reverse_cost":15.55,"capacity":1200,"reverse_capacity":1200,"x1":4.887762,"y1":52.373988,"x2":4.887536,"y2":52.374011},"geometry":{"type":"LineString","coordinates":[[4.887762,52.373988],[4.887536,52.374011]]}},{"type":"Feature","properties":{"id":1175,"source":1158,"target":629,"cost":15.29,"reverse_cost":-1,"capacity":2000,"reverse_capacity":-1,"x1":4.871533,"y1":52.372676,"x2":4.871618,"y2":52.372804},"geometry":{"type":"LineString","coordinates":[[4.871533,52.372676],[4.871618,52.372804]]}},{"type":"Feature","properties":{"id":1176,"source":629,"target":1159,"cost":112.47,"reverse_cost":-1,"capacity":2000,"reverse_capacity":-1,"x1":4.871618,"y1":52.372804,"x2":4.872232,"y2":52.373743},"geometry":{"type":"LineString","coordinates":[[4.871618,52.372804],[4.872232,52.373743]]}},{"type":"Feature","properties":{"id":1177,"source":1159,"target":1160,"cost":91.28,"reverse_cost":-1,"capacity":2000,"reverse_capacity":-1,"x1":4.872232,"y1":52.373743,"x2":4.872771,"y2":52.374495},"geometry":{"type":"LineString","coordinates":[[4.872232,52.373743],[4.872665,52.374367],[4.872683,52.374393],[4.872705,52.374422],[4.872755,52.37448],[4.872771,52.374495]]}},{"type":"Feature","properties":{"id":1178,"source":1161,"target":1162,"cost":96.67,"reverse_cost":-1,"capacity":2000,"reverse_capacity":-1,"x1":4.872537,"y1":52.374567,"x2":4.872075,"y2":52.373747},"geometry":{"type":"LineString","coordinates":[[4.872537,52.374567],[4.87252,52.374501],[4.872511,52.374473],[4.8725,52.37444],[4.872472,52.374387],[4.872075,52.373747]]}},{"type":"Feature","properties":{"id":1179,"source":1162,"target":1163,"cost":134.14,"reverse_cost":-1,"capacity":2000,"reverse_capacity":-1,"x1":4.872075,"y1":52.373747,"x2":4.871321,"y2":52.372632},"geometry":{"type":"LineString","coordinates":[[4.872075,52.373747],[4.871977,52.373599],[4.871425,52.372772],[4.871321,52.372632]]}},{"type":"Feature","properties":{"id":1180,"source":1164,"target":1165,"cost":24.7,"reverse_cost":-1,"capacity":2400,"reverse_capacity":-1,"x1":4.872972,"y1":52.374553,"x2":4.873328,"y2":52.374532},"geometry":{"type":"LineString","coordinates":[[4.872972,52.374553],[4.873059,52.374556],[4.873103,52.37455],[4.8732,52.374533],[4.873246,52.374525],[4.873328,52.374532]]}},{"type":"Feature","properties":{"id":1181,"source":1166,"target":855,"cost":29.48,"reverse_cost":-1,"capacity":1200,"reverse_capacity":-1,"x1":4.872128,"y1":52.374821,"x2":4.872493,"y2":52.374682},"geometry":{"type":"LineString","coordinates":[[4.872128,52.374821],[4.872219,52.374771],[4.872286,52.374749],[4.872378,52.374724],[4.872421,52.374711],[4.872457,52.374698],[4.872493,52.374682]]}},{"type":"Feature","properties":{"id":1182,"source":1166,"target":614,"cost":7.73,"reverse_cost":7.73,"capacity":2400,"reverse_capacity":2400,"x1":4.872128,"y1":52.374821,"x2":4.872021,"y2":52.374846},"geometry":{"type":"LineString","coordinates":[[4.872128,52.374821],[4.872021,52.374846]]}},{"type":"Feature","properties":{"id":1183,"source":614,"target":635,"cost":18.43,"reverse_cost":18.43,"capacity":2400,"reverse_capacity":2400,"x1":4.872021,"y1":52.374846,"x2":4.871767,"y2":52.374905},"geometry":{"type":"LineString","coordinates":[[4.872021,52.374846],[4.871767,52.374905]]}},{"type":"Feature","properties":{"id":1184,"source":635,"target":1167,"cost":35.72,"reverse_cost":35.72,"capacity":2400,"reverse_capacity":2400,"x1":4.871767,"y1":52.374905,"x2":4.87127,"y2":52.375011},"geometry":{"type":"LineString","coordinates":[[4.871767,52.374905],[4.871376,52.374988],[4.87127,52.375011]]}},{"type":"Feature","properties":{"id":1185,"source":732,"target":822,"cost":23.02,"reverse_cost":23.02,"capacity":1200,"reverse_capacity":1200,"x1":4.886438,"y1":52.378946,"x2":4.886109,"y2":52.378896},"geometry":{"type":"LineString","coordinates":[[4.886438,52.378946],[4.886109,52.378896]]}},{"type":"Feature","properties":{"id":1186,"source":1168,"target":1169,"cost":57.96,"reverse_cost":-1,"capacity":1200,"reverse_capacity":-1,"x1":4.875942,"y1":52.378195,"x2":4.876736,"y2":52.378002},"geometry":{"type":"LineString","coordinates":[[4.875942,52.378195],[4.876531,52.378056],[4.876736,52.378002]]}},{"type":"Feature","properties":{"id":1187,"source":1169,"target":839,"cost":39.59,"reverse_cost":-1,"capacity":1200,"reverse_capacity":-1,"x1":4.876736,"y1":52.378002,"x2":4.87728,"y2":52.377874},"geometry":{"type":"LineString","coordinates":[[4.876736,52.378002],[4.877192,52.377893],[4.87728,52.377874]]}},{"type":"Feature","properties":{"id":1188,"source":627,"target":1165,"cost":48.39,"reverse_cost":48.39,"capacity":2400,"reverse_capacity":2400,"x1":4.873994,"y1":52.374376,"x2":4.873328,"y2":52.374532},"geometry":{"type":"LineString","coordinates":[[4.873994,52.374376],[4.873604,52.374471],[4.873328,52.374532]]}},{"type":"Feature","properties":{"id":1189,"source":1170,"target":1171,"cost":503.87,"reverse_cost":-1,"capacity":1000,"reverse_capacity":-1,"x1":4.87061,"y1":52.371534,"x2":4.872092,"y2":52.367227},"geometry":{"type":"LineString","coordinates":[[4.87061,52.371534],[4.870546,52.371397],[4.870443,52.371157],[4.870429,52.371114],[4.87041,52.371043],[4.870401,52.371012],[4.870393,52.370987],[4.870389,52.370969],[4.870385,52.370957],[4.870381,52.370942],[4.870369,52.370891],[4.870361,52.370865],[4.870346,52.370798],[4.870331,52.370745],[4.870322,52.37069],[4.87031,52.370544],[4.870307,52.370491],[4.870307,52.37037],[4.870312,52.37027],[4.870317,52.370233],[4.870348,52.370077],[4.870391,52.3699],[4.870497,52.369627],[4.870607,52.369405],[4.870741,52.369184],[4.870808,52.369083],[4.870843,52.369023],[4.870898,52.368924],[4.870958,52.368842],[4.870972,52.368824],[4.871055,52.368726],[4.871586,52.367982],[4.871676,52.367847],[4.871727,52.367739],[4.871748,52.367702],[4.871983,52.367381],[4.872006,52.367349],[4.872054,52.367282],[4.872078,52.367245],[4.872092,52.367227]]}},{"type":"Feature","properties":{"id":1190,"source":1171,"target":1172,"cost":5.32,"reverse_cost":-1,"capacity":1000,"reverse_capacity":-1,"x1":4.872092,"y1":52.367227,"x2":4.872122,"y2":52.367182},"geometry":{"type":"LineString","coordinates":[[4.872092,52.367227],[4.872096,52.367221],[4.872116,52.367191],[4.872122,52.367182]]}},{"type":"Feature","properties":{"id":1191,"source":1172,"target":1173,"cost":123.18,"reverse_cost":-1,"capacity":1000,"reverse_capacity":-1,"x1":4.872122,"y1":52.367182,"x2":4.872823,"y2":52.366161},"geometry":{"type":"LineString","coordinates":[[4.872122,52.367182],[4.872149,52.367145],[4.872177,52.367109],[4.872682,52.366394],[4.872723,52.366328],[4.872753,52.366272],[4.872823,52.366161]]}},{"type":"Feature","properties":{"id":1192,"source":1173,"target":622,"cost":57.55,"reverse_cost":-1,"capacity":1000,"reverse_capacity":-1,"x1":4.872823,"y1":52.366161,"x2":4.873166,"y2":52.365688},"geometry":{"type":"LineString","coordinates":[[4.872823,52.366161],[4.872905,52.36605],[4.872967,52.365981],[4.87302,52.365909],[4.873166,52.365688]]}},{"type":"Feature","properties":{"id":1193,"source":622,"target":1174,"cost":13.16,"reverse_cost":-1,"capacity":1000,"reverse_capacity":-1,"x1":4.873166,"y1":52.365688,"x2":4.873249,"y2":52.365581},"geometry":{"type":"LineString","coordinates":[[4.873166,52.365688],[4.873249,52.365581]]}},{"type":"Feature","properties":{"id":1194,"source":1056,"target":1175,"cost":11.35,"reverse_cost":-1,"capacity":1000,"reverse_capacity":-1,"x1":4.87344,"y1":52.365523,"x2":4.873369,"y2":52.365615},"geometry":{"type":"LineString","coordinates":[[4.87344,52.365523],[4.873369,52.365615]]}},{"type":"Feature","properties":{"id":1195,"source":1176,"target":1177,"cost":15.29,"reverse_cost":-1,"capacity":800,"reverse_capacity":-1,"x1":4.877727,"y1":52.368669,"x2":4.877934,"y2":52.368724},"geometry":{"type":"LineString","coordinates":[[4.877727,52.368669],[4.877889,52.368711],[4.877934,52.368724]]}},{"type":"Feature","properties":{"id":1196,"source":1178,"target":580,"cost":227.07,"reverse_cost":-1,"capacity":1200,"reverse_capacity":-1,"x1":4.871755,"y1":52.371196,"x2":4.872078,"y2":52.369211},"geometry":{"type":"LineString","coordinates":[[4.871755,52.371196],[4.871716,52.371082],[4.871636,52.370836],[4.871605,52.370606],[4.871603,52.370524],[4.871596,52.370216],[4.871651,52.369953],[4.871706,52.36981],[4.871742,52.369718],[4.872034,52.369278],[4.872078,52.369211]]}},{"type":"Feature","properties":{"id":1197,"source":580,"target":1179,"cost":201.0,"reverse_cost":-1,"capacity":1200,"reverse_capacity":-1,"x1":4.872078,"y1":52.369211,"x2":4.87323,"y2":52.367545},"geometry":{"type":"LineString","coordinates":[[4.872078,52.369211],[4.872105,52.369173],[4.873221,52.367558],[4.87323,52.367545]]}},{"type":"Feature","properties":{"id":1198,"source":1179,"target":618,"cost":129.7,"reverse_cost":-1,"capacity":1200,"reverse_capacity":-1,"x1":4.87323,"y1":52.367545,"x2":4.873978,"y2":52.366472},"geometry":{"type":"LineString","coordinates":[[4.87323,52.367545],[4.873238,52.367534],[4.873267,52.367497],[4.873493,52.367172],[4.873978,52.366472]]}},{"type":"Feature","properties":{"id":1199,"source":618,"target":607,"cost":60.94,"reverse_cost":-1,"capacity":1200,"reverse_capacity":-1,"x1":4.873978,"y1":52.366472,"x2":4.874214,"y2":52.365976},"geometry":{"type":"LineString","coordinates":[[4.873978,52.366472],[4.874258,52.366078],[4.874277,52.366017],[4.874214,52.365976]]}},{"type":"Feature","properties":{"id":1200,"source":1180,"target":1181,"cost":12.53,"reverse_cost":-1,"capacity":800,"reverse_capacity":-1,"x1":4.878159,"y1":52.378551,"x2":4.877988,"y2":52.378594},"geometry":{"type":"LineString","coordinates":[[4.878159,52.378551],[4.878093,52.378567],[4.878032,52.378582],[4.877988,52.378594]]}},{"type":"Feature","properties":{"id":1201,"source":1181,"target":896,"cost":15.2,"reverse_cost":-1,"capacity":800,"reverse_capacity":-1,"x1":4.877988,"y1":52.378594,"x2":4.877791,"y2":52.378659},"geometry":{"type":"LineString","coordinates":[[4.877988,52.378594],[4.877975,52.378599],[4.877883,52.378632],[4.877791,52.378659]]}},{"type":"Feature","properties":{"id":1202,"source":1182,"target":633,"cost":183.01,"reverse_cost":-1,"capacity":1200,"reverse_capacity":-1,"x1":4.871094,"y1":52.375032,"x2":4.872082,"y2":52.376563},"geometry":{"type":"LineString","coordinates":[[4.871094,52.375032],[4.87112,52.375078],[4.871145,52.375115],[4.871906,52.376298],[4.872082,52.376563]]}},{"type":"Feature","properties":{"id":1203,"source":633,"target":802,"cost":192.0,"reverse_cost":-1,"capacity":1200,"reverse_capacity":-1,"x1":4.872082,"y1":52.376563,"x2":4.87313,"y2":52.378167},"geometry":{"type":"LineString","coordinates":[[4.872082,52.376563],[4.872823,52.377698],[4.87313,52.378167]]}},{"type":"Feature","properties":{"id":1204,"source":732,"target":519,"cost":15.02,"reverse_cost":-1,"capacity":1200,"reverse_capacity":-1,"x1":4.886438,"y1":52.378946,"x2":4.886646,"y2":52.378899},"geometry":{"type":"LineString","coordinates":[[4.886438,52.378946],[4.886646,52.378899]]}},{"type":"Feature","properties":{"id":1205,"source":822,"target":828,"cost":86.12,"reverse_cost":-1,"capacity":1200,"reverse_capacity":-1,"x1":4.886109,"y1":52.378896,"x2":4.884884,"y2":52.378741},"geometry":{"type":"LineString","coordinates":[[4.886109,52.378896],[4.886005,52.378911],[4.885895,52.378914],[4.885794,52.378908],[4.884884,52.378741]]}},{"type":"Feature","properties":{"id":1206,"source":828,"target":808,"cost":115.95,"reverse_cost":-1,"capacity":1200,"reverse_capacity":-1,"x1":4.884884,"y1":52.378741,"x2":4.883247,"y2":52.378443},"geometry":{"type":"LineString","coordinates":[[4.884884,52.378741],[4.883247,52.378443]]}},{"type":"Feature","properties":{"id":1207,"source":808,"target":803,"cost":137.55,"reverse_cost":-1,"capacity":1200,"reverse_capacity":-1,"x1":4.883247,"y1":52.378443,"x2":4.881305,"y2":52.37809},"geometry":{"type":"LineString","coordinates":[[4.883247,52.378443],[4.882353,52.37828],[4.881305,52.37809]]}},{"type":"Feature","properties":{"id":1208,"source":803,"target":530,"cost":143.69,"reverse_cost":-1,"capacity":1200,"reverse_capacity":-1,"x1":4.881305,"y1":52.37809,"x2":4.879316,"y2":52.377673},"geometry":{"type":"LineString","coordinates":[[4.881305,52.37809],[4.879576,52.377769],[4.879478,52.37775],[4.879437,52.377737],[4.8794,52.377722],[4.879316,52.377673]]}},{"type":"Feature","properties":{"id":1209,"source":509,"target":1183,"cost":1.64,"reverse_cost":-1,"capacity":1200,"reverse_capacity":-1,"x1":4.879656,"y1":52.367206,"x2":4.879634,"y2":52.3672},"geometry":{"type":"LineString","coordinates":[[4.879656,52.367206],[4.879634,52.3672]]}},{"type":"Feature","properties":{"id":1210,"source":1184,"target":1185,"cost":12.07,"reverse_cost":-1,"capacity":1200,"reverse_capacity":-1,"x1":4.879364,"y1":52.367122,"x2":4.879203,"y2":52.367075},"geometry":{"type":"LineString","coordinates":[[4.879364,52.367122],[4.879332,52.367113],[4.879292,52.367102],[4.879272,52.367096],[4.879254,52.367091],[4.879203,52.367075]]}},{"type":"Feature","properties":{"id":1211,"source":1186,"target":1172,"cost":82.49,"reverse_cost":-1,"capacity":1000,"reverse_capacity":-1,"x1":4.871018,"y1":52.366872,"x2":4.872122,"y2":52.367182},"geometry":{"type":"LineString","coordinates":[[4.871018,52.366872],[4.87111,52.366896],[4.871232,52.366931],[4.871764,52.367081],[4.871836,52.367101],[4.871885,52.367115],[4.872048,52.367162],[4.87207,52.367168],[4.872122,52.367182]]}},{"type":"Feature","properties":{"id":1212,"source":1174,"target":872,"cost":11.34,"reverse_cost":-1,"capacity":1000,"reverse_capacity":-1,"x1":4.873249,"y1":52.365581,"x2":4.873318,"y2":52.365488},"geometry":{"type":"LineString","coordinates":[[4.873249,52.365581],[4.873318,52.365488]]}},{"type":"Feature","properties":{"id":1213,"source":1175,"target":621,"cost":12.75,"reverse_cost":-1,"capacity":1000,"reverse_capacity":-1,"x1":4.873369,"y1":52.365615,"x2":4.873298,"y2":52.365721},"geometry":{"type":"LineString","coordinates":[[4.873369,52.365615],[4.873298,52.365721]]}},{"type":"Feature","properties":{"id":1214,"source":621,"target":620,"cost":58.27,"reverse_cost":-1,"capacity":1000,"reverse_capacity":-1,"x1":4.873298,"y1":52.365721,"x2":4.872968,"y2":52.366205},"geometry":{"type":"LineString","coordinates":[[4.873298,52.365721],[4.873069,52.366042],[4.872968,52.366205]]}},{"type":"Feature","properties":{"id":1215,"source":620,"target":1187,"cost":128.0,"reverse_cost":-1,"capacity":1000,"reverse_capacity":-1,"x1":4.872968,"y1":52.366205,"x2":4.872236,"y2":52.367265},"geometry":{"type":"LineString","coordinates":[[4.872968,52.366205],[4.872843,52.366366],[4.872631,52.366681],[4.87253,52.366843],[4.872345,52.367116],[4.872326,52.367145],[4.872244,52.367254],[4.872236,52.367265]]}},{"type":"Feature","properties":{"id":1216,"source":1187,"target":1188,"cost":503.2,"reverse_cost":-1,"capacity":1000,"reverse_capacity":-1,"x1":4.872236,"y1":52.367265,"x2":4.870808,"y2":52.37156},"geometry":{"type":"LineString","coordinates":[[4.872236,52.367265],[4.872224,52.367278],[4.872204,52.367296],[4.872179,52.367321],[4.87216,52.367348],[4.872133,52.367384],[4.871109,52.36888],[4.871056,52.368958],[4.871032,52.369003],[4.870978,52.369064],[4.870717,52.369478],[4.870671,52.369568],[4.870602,52.369718],[4.870559,52.369843],[4.870506,52.370085],[4.870477,52.370255],[4.870476,52.370491],[4.870472,52.370612],[4.870484,52.370734],[4.870489,52.370783],[4.870493,52.370821],[4.870498,52.370852],[4.870514,52.370901],[4.870522,52.370928],[4.870526,52.370939],[4.87054,52.370973],[4.870541,52.370975],[4.870544,52.370986],[4.870546,52.37099],[4.87055,52.371001],[4.870567,52.371053],[4.870579,52.371083],[4.870602,52.371153],[4.87061,52.371176],[4.870683,52.371323],[4.870808,52.37156]]}},{"type":"Feature","properties":{"id":1217,"source":1189,"target":1190,"cost":15.26,"reverse_cost":-1,"capacity":1600,"reverse_capacity":-1,"x1":4.876731,"y1":52.368422,"x2":4.876938,"y2":52.368476},"geometry":{"type":"LineString","coordinates":[[4.876731,52.368422],[4.876938,52.368476]]}},{"type":"Feature","properties":{"id":1218,"source":1191,"target":1192,"cost":15.26,"reverse_cost":-1,"capacity":1600,"reverse_capacity":-1,"x1":4.876858,"y1":52.368591,"x2":4.876652,"y2":52.368537},"geometry":{"type":"LineString","coordinates":[[4.876858,52.368591],[4.876652,52.368537]]}},{"type":"Feature","properties":{"id":1219,"source":1192,"target":1193,"cost":31.54,"reverse_cost":-1,"capacity":1600,"reverse_capacity":-1,"x1":4.876652,"y1":52.368537,"x2":4.876304,"y2":52.368371},"geometry":{"type":"LineString","coordinates":[[4.876652,52.368537],[4.876492,52.368494],[4.876443,52.368481],[4.876388,52.368466],[4.876323,52.36839],[4.876304,52.368371]]}},{"type":"Feature","properties":{"id":1220,"source":1194,"target":1195,"cost":8.64,"reverse_cost":8.64,"capacity":1200,"reverse_capacity":1200,"x1":4.878243,"y1":52.368837,"x2":4.878124,"y2":52.368809},"geometry":{"type":"LineString","coordinates":[[4.878243,52.368837],[4.878124,52.368809]]}},{"type":"Feature","properties":{"id":1221,"source":1183,"target":1184,"cost":20.27,"reverse_cost":-1,"capacity":1200,"reverse_capacity":-1,"x1":4.879634,"y1":52.3672,"x2":4.879364,"y2":52.367122},"geometry":{"type":"LineString","coordinates":[[4.879634,52.3672],[4.879364,52.367122]]}},{"type":"Feature","properties":{"id":1222,"source":1196,"target":1197,"cost":5.81,"reverse_cost":-1,"capacity":800,"reverse_capacity":-1,"x1":4.87793,"y1":52.3785,"x2":4.878009,"y2":52.37848},"geometry":{"type":"LineString","coordinates":[[4.87793,52.3785],[4.878009,52.37848]]}},{"type":"Feature","properties":{"id":1223,"source":1061,"target":1198,"cost":50.56,"reverse_cost":-1,"capacity":1000,"reverse_capacity":-1,"x1":4.877272,"y1":52.372548,"x2":4.876553,"y2":52.372445},"geometry":{"type":"LineString","coordinates":[[4.877272,52.372548],[4.877205,52.372546],[4.877023,52.372541],[4.876674,52.372472],[4.876553,52.372445]]}},{"type":"Feature","properties":{"id":1224,"source":1198,"target":1059,"cost":5.67,"reverse_cost":-1,"capacity":1000,"reverse_capacity":-1,"x1":4.876553,"y1":52.372445,"x2":4.876473,"y2":52.372432},"geometry":{"type":"LineString","coordinates":[[4.876553,52.372445],[4.876473,52.372432]]}},{"type":"Feature","properties":{"id":1225,"source":817,"target":1199,"cost":140.05,"reverse_cost":140.05,"capacity":1200,"reverse_capacity":1200,"x1":4.887691,"y1":52.380069,"x2":4.886677,"y2":52.378972},"geometry":{"type":"LineString","coordinates":[[4.887691,52.380069],[4.887567,52.379946],[4.88726,52.379614],[4.886793,52.379105],[4.886677,52.378972]]}},{"type":"Feature","properties":{"id":1226,"source":819,"target":1200,"cost":7.25,"reverse_cost":-1,"capacity":1200,"reverse_capacity":-1,"x1":4.888105,"y1":52.380481,"x2":4.888182,"y2":52.380436},"geometry":{"type":"LineString","coordinates":[[4.888105,52.380481],[4.888182,52.380436]]}},{"type":"Feature","properties":{"id":1227,"source":1054,"target":626,"cost":37.47,"reverse_cost":-1,"capacity":600,"reverse_capacity":-1,"x1":4.873974,"y1":52.364837,"x2":4.874326,"y2":52.365051},"geometry":{"type":"LineString","coordinates":[[4.873974,52.364837],[4.874021,52.364852],[4.874117,52.364871],[4.874235,52.364902],[4.874281,52.364932],[4.874314,52.364977],[4.874326,52.365051]]}},{"type":"Feature","properties":{"id":1228,"source":626,"target":1055,"cost":35.53,"reverse_cost":-1,"capacity":600,"reverse_capacity":-1,"x1":4.874326,"y1":52.365051,"x2":4.873837,"y2":52.365039},"geometry":{"type":"LineString","coordinates":[[4.874326,52.365051],[4.874227,52.365083],[4.874148,52.3651],[4.874008,52.365077],[4.87396,52.365067],[4.873888,52.365051],[4.873837,52.365039]]}},{"type":"Feature","properties":{"id":1229,"source":1201,"target":1202,"cost":54.16,"reverse_cost":-1,"capacity":3000,"reverse_capacity":-1,"x1":4.90496,"y1":52.378212,"x2":4.905742,"y2":52.378113},"geometry":{"type":"LineString","coordinates":[[4.90496,52.378212],[4.905217,52.378182],[4.905316,52.37817],[4.905386,52.378162],[4.905742,52.378113]]}},{"type":"Feature","properties":{"id":1230,"source":1203,"target":185,"cost":25.4,"reverse_cost":-1,"capacity":1200,"reverse_capacity":-1,"x1":4.899747,"y1":52.374647,"x2":4.900072,"y2":52.374533},"geometry":{"type":"LineString","coordinates":[[4.899747,52.374647],[4.900072,52.374533]]}},{"type":"Feature","properties":{"id":1231,"source":1073,"target":1203,"cost":2.16,"reverse_cost":-1,"capacity":1200,"reverse_capacity":-1,"x1":4.899719,"y1":52.374656,"x2":4.899747,"y2":52.374647},"geometry":{"type":"LineString","coordinates":[[4.899719,52.374656],[4.899747,52.374647]]}},{"type":"Feature","properties":{"id":1232,"source":1204,"target":1205,"cost":16.6,"reverse_cost":16.6,"capacity":1200,"reverse_capacity":1200,"x1":4.893006,"y1":52.366099,"x2":4.892766,"y2":52.366127},"geometry":{"type":"LineString","coordinates":[[4.893006,52.366099],[4.892766,52.366127]]}},{"type":"Feature","properties":{"id":1233,"source":1206,"target":1207,"cost":12.64,"reverse_cost":-1,"capacity":1500,"reverse_capacity":-1,"x1":4.878978,"y1":52.381873,"x2":4.879011,"y2":52.381761},"geometry":{"type":"LineString","coordinates":[[4.878978,52.381873],[4.879011,52.381761]]}},{"type":"Feature","properties":{"id":1234,"source":1207,"target":930,"cost":14.61,"reverse_cost":-1,"capacity":1500,"reverse_capacity":-1,"x1":4.879011,"y1":52.381761,"x2":4.879032,"y2":52.38163},"geometry":{"type":"LineString","coordinates":[[4.879011,52.381761],[4.879032,52.38163]]}},{"type":"Feature","properties":{"id":1235,"source":1208,"target":1209,"cost":16.9,"reverse_cost":-1,"capacity":1600,"reverse_capacity":-1,"x1":4.896238,"y1":52.379792,"x2":4.89643,"y2":52.379695},"geometry":{"type":"LineString","coordinates":[[4.896238,52.379792],[4.89643,52.379695]]}},{"type":"Feature","properties":{"id":1236,"source":1210,"target":1208,"cost":4.35,"reverse_cost":-1,"capacity":1600,"reverse_capacity":-1,"x1":4.896199,"y1":52.379823,"x2":4.896238,"y2":52.379792},"geometry":{"type":"LineString","coordinates":[[4.896199,52.379823],[4.896238,52.379792]]}},{"type":"Feature","properties":{"id":1237,"source":345,"target":858,"cost":40.48,"reverse_cost":-1,"capacity":1200,"reverse_capacity":-1,"x1":4.877943,"y1":52.377662,"x2":4.878499,"y2":52.37753},"geometry":{"type":"LineString","coordinates":[[4.877943,52.377662],[4.878382,52.377557],[4.878418,52.377549],[4.878479,52.377535],[4.878499,52.37753]]}},{"type":"Feature","properties":{"id":1238,"source":835,"target":1211,"cost":32.9,"reverse_cost":32.9,"capacity":1200,"reverse_capacity":1200,"x1":4.879132,"y1":52.377715,"x2":4.878677,"y2":52.377817},"geometry":{"type":"LineString","coordinates":[[4.879132,52.377715],[4.879023,52.37774],[4.878789,52.377792],[4.878708,52.37781],[4.878677,52.377817]]}},{"type":"Feature","properties":{"id":1239,"source":895,"target":1196,"cost":14.8,"reverse_cost":-1,"capacity":800,"reverse_capacity":-1,"x1":4.877728,"y1":52.37855,"x2":4.87793,"y2":52.3785},"geometry":{"type":"LineString","coordinates":[[4.877728,52.37855],[4.877914,52.378506],[4.87793,52.3785]]}},{"type":"Feature","properties":{"id":1240,"source":1201,"target":1212,"cost":18.48,"reverse_cost":-1,"capacity":1200,"reverse_capacity":-1,"x1":4.90496,"y1":52.378212,"x2":4.904896,"y2":52.378364},"geometry":{"type":"LineString","coordinates":[[4.90496,52.378212],[4.904973,52.378252],[4.90497,52.378284],[4.90496,52.378304],[4.904947,52.378323],[4.904896,52.378364]]}},{"type":"Feature","properties":{"id":1241,"source":1202,"target":1213,"cost":43.66,"reverse_cost":-1,"capacity":4500,"reverse_capacity":-1,"x1":4.905742,"y1":52.378113,"x2":4.906371,"y2":52.378031},"geometry":{"type":"LineString","coordinates":[[4.905742,52.378113],[4.906222,52.37805],[4.906371,52.378031]]}},{"type":"Feature","properties":{"id":1242,"source":1214,"target":1215,"cost":57.07,"reverse_cost":-1,"capacity":3000,"reverse_capacity":-1,"x1":4.90577,"y1":52.37819,"x2":4.904968,"y2":52.378343},"geometry":{"type":"LineString","coordinates":[[4.90577,52.37819],[4.905698,52.378201],[4.905451,52.378242],[4.905371,52.378257],[4.905283,52.378276],[4.904968,52.378343]]}},{"type":"Feature","properties":{"id":1243,"source":1195,"target":1216,"cost":12.98,"reverse_cost":-1,"capacity":600,"reverse_capacity":-1,"x1":4.878124,"y1":52.368809,"x2":4.877948,"y2":52.368855},"geometry":{"type":"LineString","coordinates":[[4.878124,52.368809],[4.878025,52.368833],[4.877999,52.368839],[4.877948,52.368855]]}},{"type":"Feature","properties":{"id":1244,"source":1193,"target":1189,"cost":30.37,"reverse_cost":-1,"capacity":1600,"reverse_capacity":-1,"x1":4.876304,"y1":52.368371,"x2":4.876731,"y2":52.368422},"geometry":{"type":"LineString","coordinates":[[4.876304,52.368371],[4.876345,52.368368],[4.876519,52.368369],[4.876583,52.368373],[4.876731,52.368422]]}},{"type":"Feature","properties":{"id":1245,"source":1165,"target":1217,"cost":24.5,"reverse_cost":-1,"capacity":2400,"reverse_capacity":-1,"x1":4.873328,"y1":52.374532,"x2":4.873035,"y2":52.374648},"geometry":{"type":"LineString","coordinates":[[4.873328,52.374532],[4.873285,52.37456],[4.873218,52.374575],[4.873132,52.374593],[4.873052,52.374628],[4.873035,52.374648]]}},{"type":"Feature","properties":{"id":1246,"source":854,"target":1166,"cost":29.22,"reverse_cost":-1,"capacity":1200,"reverse_capacity":-1,"x1":4.872544,"y1":52.374759,"x2":4.872128,"y2":52.374821},"geometry":{"type":"LineString","coordinates":[[4.872544,52.374759],[4.872447,52.374769],[4.872413,52.374776],[4.872317,52.374798],[4.872248,52.37481],[4.872128,52.374821]]}},{"type":"Feature","properties":{"id":1247,"source":271,"target":1155,"cost":20.62,"reverse_cost":-1,"capacity":1600,"reverse_capacity":-1,"x1":4.898379,"y1":52.36362,"x2":4.89841,"y2":52.363797},"geometry":{"type":"LineString","coordinates":[[4.898379,52.36362],[4.898387,52.363628],[4.898415,52.363656],[4.898428,52.363678],[4.898434,52.363706],[4.898426,52.363745],[4.89842,52.363767],[4.89841,52.363797]]}},{"type":"Feature","properties":{"id":1248,"source":279,"target":1153,"cost":19.16,"reverse_cost":-1,"capacity":800,"reverse_capacity":-1,"x1":4.898238,"y1":52.363987,"x2":4.898203,"y2":52.363827},"geometry":{"type":"LineString","coordinates":[[4.898238,52.363987],[4.898228,52.363977],[4.898186,52.363938],[4.898176,52.363916],[4.89818,52.36389],[4.898203,52.363827]]}},{"type":"Feature","properties":{"id":1249,"source":1218,"target":1219,"cost":11.39,"reverse_cost":-1,"capacity":1200,"reverse_capacity":-1,"x1":4.905165,"y1":52.369024,"x2":4.90512,"y2":52.368925},"geometry":{"type":"LineString","coordinates":[[4.905165,52.369024],[4.90513,52.368954],[4.90512,52.368925]]}},{"type":"Feature","properties":{"id":1250,"source":1220,"target":176,"cost":5.97,"reverse_cost":-1,"capacity":1200,"reverse_capacity":-1,"x1":4.896042,"y1":52.368516,"x2":4.896005,"y2":52.368468},"geometry":{"type":"LineString","coordinates":[[4.896042,52.368516],[4.896005,52.368468]]}},{"type":"Feature","properties":{"id":1251,"source":1221,"target":1222,"cost":46.79,"reverse_cost":-1,"capacity":1000,"reverse_capacity":-1,"x1":4.898033,"y1":52.376822,"x2":4.89864,"y2":52.37691},"geometry":{"type":"LineString","coordinates":[[4.898033,52.376822],[4.898241,52.376924],[4.898314,52.376945],[4.898366,52.37695],[4.898423,52.376952],[4.898456,52.376952],[4.898484,52.376949],[4.898536,52.376942],[4.898601,52.376924],[4.89864,52.37691]]}},{"type":"Feature","properties":{"id":1252,"source":1223,"target":191,"cost":137.44,"reverse_cost":-1,"capacity":1200,"reverse_capacity":-1,"x1":4.889206,"y1":52.37334,"x2":4.889706,"y2":52.374536},"geometry":{"type":"LineString","coordinates":[[4.889206,52.37334],[4.889266,52.373491],[4.889472,52.374011],[4.889628,52.37437],[4.889672,52.374494],[4.889706,52.374536]]}},{"type":"Feature","properties":{"id":1253,"source":191,"target":233,"cost":223.54,"reverse_cost":-1,"capacity":1200,"reverse_capacity":-1,"x1":4.889706,"y1":52.374536,"x2":4.891525,"y2":52.376212},"geometry":{"type":"LineString","coordinates":[[4.889706,52.374536],[4.889775,52.3746],[4.890385,52.375148],[4.891525,52.376212]]}},{"type":"Feature","properties":{"id":1254,"source":1139,"target":1224,"cost":22.78,"reverse_cost":-1,"capacity":1000,"reverse_capacity":-1,"x1":4.889146,"y1":52.373192,"x2":4.889481,"y2":52.373176},"geometry":{"type":"LineString","coordinates":[[4.889146,52.373192],[4.889481,52.373176]]}},{"type":"Feature","properties":{"id":1255,"source":1139,"target":1225,"cost":12.09,"reverse_cost":-1,"capacity":1200,"reverse_capacity":-1,"x1":4.889146,"y1":52.373192,"x2":4.889189,"y2":52.373298},"geometry":{"type":"LineString","coordinates":[[4.889146,52.373192],[4.889162,52.37323],[4.889168,52.373243],[4.889173,52.373256],[4.889189,52.373298]]}},{"type":"Feature","properties":{"id":1256,"source":1225,"target":1223,"cost":4.81,"reverse_cost":-1,"capacity":1200,"reverse_capacity":-1,"x1":4.889189,"y1":52.373298,"x2":4.889206,"y2":52.37334},"geometry":{"type":"LineString","coordinates":[[4.889189,52.373298],[4.889206,52.37334]]}},{"type":"Feature","properties":{"id":1257,"source":1152,"target":403,"cost":71.08,"reverse_cost":-1,"capacity":1200,"reverse_capacity":-1,"x1":4.88745,"y1":52.373374,"x2":4.887536,"y2":52.374011},"geometry":{"type":"LineString","coordinates":[[4.88745,52.373374],[4.887452,52.373389],[4.88746,52.373484],[4.887479,52.373633],[4.887522,52.373972],[4.887536,52.374011]]}},{"type":"Feature","properties":{"id":1258,"source":1152,"target":1226,"cost":12.05,"reverse_cost":-1,"capacity":2000,"reverse_capacity":-1,"x1":4.88745,"y1":52.373374,"x2":4.887315,"y2":52.373443},"geometry":{"type":"LineString","coordinates":[[4.88745,52.373374],[4.887423,52.373391],[4.887383,52.373415],[4.887315,52.373443]]}},{"type":"Feature","properties":{"id":1259,"source":1152,"target":447,"cost":74.51,"reverse_cost":74.51,"capacity":4000,"reverse_capacity":4000,"x1":4.88745,"y1":52.373374,"x2":4.888535,"y2":52.373273},"geometry":{"type":"LineString","coordinates":[[4.88745,52.373374],[4.887608,52.373359],[4.887663,52.373354],[4.888349,52.373287],[4.888393,52.373283],[4.888535,52.373273]]}},{"type":"Feature","properties":{"id":1260,"source":413,"target":410,"cost":138.15,"reverse_cost":138.15,"capacity":1200,"reverse_capacity":1200,"x1":4.885338,"y1":52.374088,"x2":4.886146,"y2":52.375207},"geometry":{"type":"LineString","coordinates":[[4.885338,52.374088],[4.885349,52.374245],[4.885352,52.374286],[4.885415,52.374419],[4.885538,52.374544],[4.886146,52.375207]]}},{"type":"Feature","properties":{"id":1261,"source":432,"target":539,"cost":100.0,"reverse_cost":-1,"capacity":1200,"reverse_capacity":-1,"x1":4.885636,"y1":52.375384,"x2":4.88492,"y2":52.374598},"geometry":{"type":"LineString","coordinates":[[4.885636,52.375384],[4.885454,52.375185],[4.884968,52.374651],[4.88492,52.374598]]}},{"type":"Feature","properties":{"id":1262,"source":539,"target":561,"cost":51.26,"reverse_cost":-1,"capacity":1200,"reverse_capacity":-1,"x1":4.88492,"y1":52.374598,"x2":4.88475,"y2":52.374156},"geometry":{"type":"LineString","coordinates":[[4.88492,52.374598],[4.884848,52.374501],[4.884764,52.374356],[4.884757,52.374252],[4.884754,52.374199],[4.88475,52.374156]]}},{"type":"Feature","properties":{"id":1263,"source":845,"target":1227,"cost":47.18,"reverse_cost":-1,"capacity":1200,"reverse_capacity":-1,"x1":4.89262,"y1":52.367073,"x2":4.893287,"y2":52.36716},"geometry":{"type":"LineString","coordinates":[[4.89262,52.367073],[4.892669,52.367074],[4.892724,52.367083],[4.89277,52.367096],[4.892845,52.367124],[4.892914,52.367143],[4.892981,52.36715],[4.893125,52.367152],[4.893287,52.36716]]}},{"type":"Feature","properties":{"id":1264,"source":176,"target":905,"cost":162.79,"reverse_cost":-1,"capacity":1200,"reverse_capacity":-1,"x1":4.896005,"y1":52.368468,"x2":4.89403,"y2":52.367662},"geometry":{"type":"LineString","coordinates":[[4.896005,52.368468],[4.895943,52.368387],[4.895893,52.368363],[4.894832,52.367964],[4.89403,52.367662]]}},{"type":"Feature","properties":{"id":1265,"source":1228,"target":1229,"cost":16.93,"reverse_cost":-1,"capacity":600,"reverse_capacity":-1,"x1":4.896955,"y1":52.378372,"x2":4.897113,"y2":52.378479},"geometry":{"type":"LineString","coordinates":[[4.896955,52.378372],[4.897061,52.378413],[4.8971,52.378442],[4.897112,52.378463],[4.897113,52.378479]]}},{"type":"Feature","properties":{"id":1266,"source":1229,"target":1230,"cost":12.16,"reverse_cost":-1,"capacity":600,"reverse_capacity":-1,"x1":4.897113,"y1":52.378479,"x2":4.897007,"y2":52.378562},"geometry":{"type":"LineString","coordinates":[[4.897113,52.378479],[4.897108,52.378496],[4.897085,52.37852],[4.89708,52.378523],[4.897041,52.378549],[4.897007,52.378562]]}},{"type":"Feature","properties":{"id":1267,"source":914,"target":1048,"cost":9.49,"reverse_cost":-1,"capacity":1200,"reverse_capacity":-1,"x1":4.888218,"y1":52.366679,"x2":4.888143,"y2":52.366608},"geometry":{"type":"LineString","coordinates":[[4.888218,52.366679],[4.888204,52.366669],[4.888172,52.366642],[4.888161,52.36663],[4.888143,52.366608]]}},{"type":"Feature","properties":{"id":1268,"source":441,"target":461,"cost":87.15,"reverse_cost":-1,"capacity":2000,"reverse_capacity":-1,"x1":4.889638,"y1":52.373055,"x2":4.88951,"y2":52.372275},"geometry":{"type":"LineString","coordinates":[[4.889638,52.373055],[4.889531,52.372408],[4.88951,52.372275]]}},{"type":"Feature","properties":{"id":1269,"source":494,"target":338,"cost":69.07,"reverse_cost":-1,"capacity":1200,"reverse_capacity":-1,"x1":4.882776,"y1":52.373815,"x2":4.882729,"y2":52.373195},"geometry":{"type":"LineString","coordinates":[[4.882776,52.373815],[4.882729,52.373195]]}},{"type":"Feature","properties":{"id":1270,"source":338,"target":435,"cost":62.41,"reverse_cost":-1,"capacity":1200,"reverse_capacity":-1,"x1":4.882729,"y1":52.373195,"x2":4.882672,"y2":52.372635},"geometry":{"type":"LineString","coordinates":[[4.882729,52.373195],[4.882672,52.372635]]}},{"type":"Feature","properties":{"id":1271,"source":435,"target":970,"cost":23.22,"reverse_cost":-1,"capacity":1200,"reverse_capacity":-1,"x1":4.882672,"y1":52.372635,"x2":4.882657,"y2":52.372426},"geometry":{"type":"LineString","coordinates":[[4.882672,52.372635],[4.882657,52.372426]]}},{"type":"Feature","properties":{"id":1272,"source":970,"target":458,"cost":51.59,"reverse_cost":-1,"capacity":1200,"reverse_capacity":-1,"x1":4.882657,"y1":52.372426,"x2":4.882624,"y2":52.371963},"geometry":{"type":"LineString","coordinates":[[4.882657,52.372426],[4.882624,52.371963]]}},{"type":"Feature","properties":{"id":1273,"source":458,"target":967,"cost":7.45,"reverse_cost":-1,"capacity":1200,"reverse_capacity":-1,"x1":4.882624,"y1":52.371963,"x2":4.882621,"y2":52.371896},"geometry":{"type":"LineString","coordinates":[[4.882624,52.371963],[4.882621,52.371896]]}},{"type":"Feature","properties":{"id":1274,"source":329,"target":556,"cost":67.88,"reverse_cost":-1,"capacity":600,"reverse_capacity":-1,"x1":4.878038,"y1":52.373399,"x2":4.878424,"y2":52.372836},"geometry":{"type":"LineString","coordinates":[[4.878038,52.373399],[4.878414,52.372849],[4.878424,52.372836]]}},{"type":"Feature","properties":{"id":1275,"source":196,"target":894,"cost":9.89,"reverse_cost":9.89,"capacity":2000,"reverse_capacity":2000,"x1":4.900305,"y1":52.366223,"x2":4.900327,"y2":52.36631},"geometry":{"type":"LineString","coordinates":[[4.900305,52.366223],[4.9003,52.366239],[4.900327,52.36631]]}},{"type":"Feature","properties":{"id":1276,"source":1231,"target":893,"cost":48.91,"reverse_cost":-1,"capacity":2000,"reverse_capacity":-1,"x1":4.901193,"y1":52.366476,"x2":4.900524,"y2":52.366313},"geometry":{"type":"LineString","coordinates":[[4.901193,52.366476],[4.900524,52.366313]]}},{"type":"Feature","properties":{"id":1277,"source":1232,"target":235,"cost":13.25,"reverse_cost":-1,"capacity":1200,"reverse_capacity":-1,"x1":4.902238,"y1":52.376549,"x2":4.90217,"y2":52.376438},"geometry":{"type":"LineString","coordinates":[[4.902238,52.376549],[4.90217,52.376438]]}},{"type":"Feature","properties":{"id":1278,"source":1233,"target":1232,"cost":10.39,"reverse_cost":-1,"capacity":1200,"reverse_capacity":-1,"x1":4.90228,"y1":52.376639,"x2":4.902238,"y2":52.376549},"geometry":{"type":"LineString","coordinates":[[4.90228,52.376639],[4.902277,52.376632],[4.902267,52.376609],[4.902255,52.376582],[4.902238,52.376549]]}},{"type":"Feature","properties":{"id":1279,"source":1234,"target":1235,"cost":130.32,"reverse_cost":-1,"capacity":4500,"reverse_capacity":-1,"x1":4.902685,"y1":52.378924,"x2":4.904357,"y2":52.378351},"geometry":{"type":"LineString","coordinates":[[4.902685,52.378924],[4.903374,52.378672],[4.903717,52.378546],[4.903851,52.378498],[4.903969,52.378456],[4.904194,52.378389],[4.904298,52.378365],[4.904357,52.378351]]}},{"type":"Feature","properties":{"id":1280,"source":1222,"target":879,"cost":24.79,"reverse_cost":-1,"capacity":1000,"reverse_capacity":-1,"x1":4.89864,"y1":52.37691,"x2":4.898904,"y2":52.376756},"geometry":{"type":"LineString","coordinates":[[4.89864,52.37691],[4.898904,52.376756]]}},{"type":"Feature","properties":{"id":1281,"source":1236,"target":1159,"cost":88.81,"reverse_cost":-1,"capacity":1600,"reverse_capacity":-1,"x1":4.873451,"y1":52.373453,"x2":4.872232,"y2":52.373743},"geometry":{"type":"LineString","coordinates":[[4.873451,52.373453],[4.872308,52.373725],[4.872232,52.373743]]}},{"type":"Feature","properties":{"id":1282,"source":1215,"target":1212,"cost":5.42,"reverse_cost":-1,"capacity":3000,"reverse_capacity":-1,"x1":4.904968,"y1":52.378343,"x2":4.904896,"y2":52.378364},"geometry":{"type":"LineString","coordinates":[[4.904968,52.378343],[4.904896,52.378364]]}},{"type":"Feature","properties":{"id":1283,"source":1237,"target":1238,"cost":111.63,"reverse_cost":-1,"capacity":3000,"reverse_capacity":-1,"x1":4.897392,"y1":52.380865,"x2":4.898802,"y2":52.380348},"geometry":{"type":"LineString","coordinates":[[4.897392,52.380865],[4.898802,52.380348]]}},{"type":"Feature","properties":{"id":1284,"source":1239,"target":418,"cost":7.78,"reverse_cost":7.78,"capacity":1200,"reverse_capacity":1200,"x1":4.884577,"y1":52.366938,"x2":4.884482,"y2":52.366899},"geometry":{"type":"LineString","coordinates":[[4.884577,52.366938],[4.884482,52.366899]]}},{"type":"Feature","properties":{"id":1285,"source":1240,"target":480,"cost":7.52,"reverse_cost":7.52,"capacity":1200,"reverse_capacity":1200,"x1":4.882581,"y1":52.366044,"x2":4.882641,"y2":52.365987},"geometry":{"type":"LineString","coordinates":[[4.882581,52.366044],[4.882641,52.365987]]}},{"type":"Feature","properties":{"id":1286,"source":1241,"target":472,"cost":13.37,"reverse_cost":13.37,"capacity":1200,"reverse_capacity":1200,"x1":4.882606,"y1":52.366253,"x2":4.882449,"y2":52.366181},"geometry":{"type":"LineString","coordinates":[[4.882606,52.366253],[4.882449,52.366181]]}},{"type":"Feature","properties":{"id":1287,"source":948,"target":1240,"cost":9.93,"reverse_cost":9.93,"capacity":1200,"reverse_capacity":1200,"x1":4.882506,"y1":52.366121,"x2":4.882581,"y2":52.366044},"geometry":{"type":"LineString","coordinates":[[4.882506,52.366121],[4.882581,52.366044]]}},{"type":"Feature","properties":{"id":1288,"source":1242,"target":387,"cost":6.24,"reverse_cost":6.24,"capacity":1200,"reverse_capacity":1200,"x1":4.88506,"y1":52.367035,"x2":4.885004,"y2":52.367079},"geometry":{"type":"LineString","coordinates":[[4.88506,52.367035],[4.885004,52.367079]]}},{"type":"Feature","properties":{"id":1289,"source":952,"target":1242,"cost":13.5,"reverse_cost":13.5,"capacity":1200,"reverse_capacity":1200,"x1":4.885167,"y1":52.366933,"x2":4.88506,"y2":52.367035},"geometry":{"type":"LineString","coordinates":[[4.885167,52.366933],[4.88506,52.367035]]}},{"type":"Feature","properties":{"id":1290,"source":1243,"target":468,"cost":4.17,"reverse_cost":4.17,"capacity":1200,"reverse_capacity":1200,"x1":4.886655,"y1":52.367445,"x2":4.886711,"y2":52.36743},"geometry":{"type":"LineString","coordinates":[[4.886655,52.367445],[4.886711,52.36743]]}},{"type":"Feature","properties":{"id":1291,"source":510,"target":1239,"cost":27.37,"reverse_cost":27.37,"capacity":1200,"reverse_capacity":1200,"x1":4.884926,"y1":52.367061,"x2":4.884577,"y2":52.366938},"geometry":{"type":"LineString","coordinates":[[4.884926,52.367061],[4.884577,52.366938]]}},{"type":"Feature","properties":{"id":1292,"source":950,"target":1244,"cost":7.3,"reverse_cost":7.3,"capacity":1200,"reverse_capacity":1200,"x1":4.883037,"y1":52.366228,"x2":4.882988,"y2":52.366286},"geometry":{"type":"LineString","coordinates":[[4.883037,52.366228],[4.882988,52.366286]]}},{"type":"Feature","properties":{"id":1293,"source":951,"target":1241,"cost":16.47,"reverse_cost":16.47,"capacity":1200,"reverse_capacity":1200,"x1":4.882817,"y1":52.366326,"x2":4.882606,"y2":52.366253},"geometry":{"type":"LineString","coordinates":[[4.882817,52.366326],[4.882606,52.366253]]}},{"type":"Feature","properties":{"id":1294,"source":466,"target":1243,"cost":18.16,"reverse_cost":18.16,"capacity":1200,"reverse_capacity":1200,"x1":4.886469,"y1":52.367563,"x2":4.886655,"y2":52.367445},"geometry":{"type":"LineString","coordinates":[[4.886469,52.367563],[4.886655,52.367445]]}},{"type":"Feature","properties":{"id":1295,"source":1245,"target":322,"cost":4.49,"reverse_cost":4.49,"capacity":1200,"reverse_capacity":1200,"x1":4.884639,"y1":52.366736,"x2":4.884677,"y2":52.366703},"geometry":{"type":"LineString","coordinates":[[4.884639,52.366736],[4.884677,52.366703]]}},{"type":"Feature","properties":{"id":1296,"source":488,"target":1245,"cost":16.33,"reverse_cost":16.33,"capacity":1200,"reverse_capacity":1200,"x1":4.884517,"y1":52.366863,"x2":4.884639,"y2":52.366736},"geometry":{"type":"LineString","coordinates":[[4.884517,52.366863],[4.884639,52.366736]]}},{"type":"Feature","properties":{"id":1297,"source":1244,"target":487,"cost":8.72,"reverse_cost":8.72,"capacity":1200,"reverse_capacity":1200,"x1":4.882988,"y1":52.366286,"x2":4.882934,"y2":52.366357},"geometry":{"type":"LineString","coordinates":[[4.882988,52.366286],[4.882934,52.366357]]}},{"type":"Feature","properties":{"id":1298,"source":1246,"target":485,"cost":10.36,"reverse_cost":-1,"capacity":1600,"reverse_capacity":-1,"x1":4.88017,"y1":52.365182,"x2":4.880233,"y2":52.365098},"geometry":{"type":"LineString","coordinates":[[4.88017,52.365182],[4.880233,52.365098]]}},{"type":"Feature","properties":{"id":1299,"source":1082,"target":187,"cost":8.81,"reverse_cost":-1,"capacity":1600,"reverse_capacity":-1,"x1":4.900933,"y1":52.372843,"x2":4.900973,"y2":52.372919},"geometry":{"type":"LineString","coordinates":[[4.900933,52.372843],[4.900973,52.372919]]}},{"type":"Feature","properties":{"id":1300,"source":25,"target":1081,"cost":94.22,"reverse_cost":-1,"capacity":1200,"reverse_capacity":-1,"x1":4.902416,"y1":52.372065,"x2":4.901394,"y2":52.372637},"geometry":{"type":"LineString","coordinates":[[4.902416,52.372065],[4.901792,52.372409],[4.901394,52.372637]]}},{"type":"Feature","properties":{"id":1301,"source":1247,"target":1248,"cost":68.6,"reverse_cost":-1,"capacity":1200,"reverse_capacity":-1,"x1":4.902029,"y1":52.373084,"x2":4.901277,"y2":52.373495},"geometry":{"type":"LineString","coordinates":[[4.902029,52.373084],[4.901397,52.373438],[4.901277,52.373495]]}},{"type":"Feature","properties":{"id":1302,"source":80,"target":1247,"cost":14.4,"reverse_cost":-1,"capacity":1200,"reverse_capacity":-1,"x1":4.902187,"y1":52.372997,"x2":4.902029,"y2":52.373084},"geometry":{"type":"LineString","coordinates":[[4.902187,52.372997],[4.902029,52.373084]]}},{"type":"Feature","properties":{"id":1303,"source":1249,"target":1250,"cost":16.39,"reverse_cost":-1,"capacity":2000,"reverse_capacity":-1,"x1":4.896107,"y1":52.380863,"x2":4.896171,"y2":52.381005},"geometry":{"type":"LineString","coordinates":[[4.896107,52.380863],[4.89613,52.380903],[4.896151,52.380951],[4.896171,52.381005]]}},{"type":"Feature","properties":{"id":1304,"source":720,"target":713,"cost":10.76,"reverse_cost":-1,"capacity":2000,"reverse_capacity":-1,"x1":4.894963,"y1":52.379656,"x2":4.894841,"y2":52.379717},"geometry":{"type":"LineString","coordinates":[[4.894963,52.379656],[4.894903,52.379685],[4.894841,52.379717]]}},{"type":"Feature","properties":{"id":1305,"source":1251,"target":715,"cost":32.4,"reverse_cost":-1,"capacity":2000,"reverse_capacity":-1,"x1":4.894839,"y1":52.379569,"x2":4.895202,"y2":52.37938},"geometry":{"type":"LineString","coordinates":[[4.894839,52.379569],[4.895202,52.37938]]}},{"type":"Feature","properties":{"id":1306,"source":575,"target":1053,"cost":3.04,"reverse_cost":-1,"capacity":1200,"reverse_capacity":-1,"x1":4.874315,"y1":52.364425,"x2":4.874276,"y2":52.364412},"geometry":{"type":"LineString","coordinates":[[4.874315,52.364425],[4.874276,52.364412]]}},{"type":"Feature","properties":{"id":1307,"source":1053,"target":873,"cost":13.44,"reverse_cost":-1,"capacity":1200,"reverse_capacity":-1,"x1":4.874276,"y1":52.364412,"x2":4.874103,"y2":52.364353},"geometry":{"type":"LineString","coordinates":[[4.874276,52.364412],[4.874181,52.364379],[4.874162,52.364373],[4.874145,52.364367],[4.874103,52.364353]]}},{"type":"Feature","properties":{"id":1308,"source":623,"target":1252,"cost":69.5,"reverse_cost":69.5,"capacity":1200,"reverse_capacity":1200,"x1":4.873114,"y1":52.365673,"x2":4.872198,"y2":52.365395},"geometry":{"type":"LineString","coordinates":[[4.873114,52.365673],[4.872198,52.365395]]}},{"type":"Feature","properties":{"id":1309,"source":929,"target":1173,"cost":4.91,"reverse_cost":4.91,"capacity":1200,"reverse_capacity":1200,"x1":4.872758,"y1":52.366141,"x2":4.872823,"y2":52.366161},"geometry":{"type":"LineString","coordinates":[[4.872758,52.366141],[4.872823,52.366161]]}},{"type":"Feature","properties":{"id":1310,"source":1173,"target":620,"cost":11.04,"reverse_cost":11.04,"capacity":1200,"reverse_capacity":1200,"x1":4.872823,"y1":52.366161,"x2":4.872968,"y2":52.366205},"geometry":{"type":"LineString","coordinates":[[4.872823,52.366161],[4.872879,52.366178],[4.872897,52.366183],[4.872915,52.366189],[4.872968,52.366205]]}},{"type":"Feature","properties":{"id":1311,"source":292,"target":874,"cost":11.66,"reverse_cost":-1,"capacity":1200,"reverse_capacity":-1,"x1":4.87458,"y1":52.363895,"x2":4.874426,"y2":52.363849},"geometry":{"type":"LineString","coordinates":[[4.87458,52.363895],[4.874527,52.363878],[4.874508,52.363873],[4.874491,52.363868],[4.874426,52.363849]]}},{"type":"Feature","properties":{"id":1312,"source":874,"target":660,"cost":110.96,"reverse_cost":-1,"capacity":1200,"reverse_capacity":-1,"x1":4.874426,"y1":52.363849,"x2":4.872947,"y2":52.363425},"geometry":{"type":"LineString","coordinates":[[4.874426,52.363849],[4.874372,52.363834],[4.874347,52.363828],[4.872947,52.363425]]}},{"type":"Feature","properties":{"id":1313,"source":1253,"target":631,"cost":78.03,"reverse_cost":-1,"capacity":1600,"reverse_capacity":-1,"x1":4.871454,"y1":52.372433,"x2":4.872547,"y2":52.372566},"geometry":{"type":"LineString","coordinates":[[4.871454,52.372433],[4.872415,52.372606],[4.872547,52.372566]]}},{"type":"Feature","properties":{"id":1314,"source":824,"target":1254,"cost":8.48,"reverse_cost":-1,"capacity":1000,"reverse_capacity":-1,"x1":4.875415,"y1":52.378774,"x2":4.875519,"y2":52.378733},"geometry":{"type":"LineString","coordinates":[[4.875415,52.378774],[4.875436,52.378766],[4.875497,52.378741],[4.875519,52.378733]]}},{"type":"Feature","properties":{"id":1315,"source":1194,"target":380,"cost":7.7,"reverse_cost":7.7,"capacity":1200,"reverse_capacity":1200,"x1":4.878243,"y1":52.368837,"x2":4.878347,"y2":52.368864},"geometry":{"type":"LineString","coordinates":[[4.878243,52.368837],[4.878347,52.368864]]}},{"type":"Feature","properties":{"id":1316,"source":148,"target":240,"cost":15.08,"reverse_cost":-1,"capacity":1200,"reverse_capacity":-1,"x1":4.894149,"y1":52.372428,"x2":4.893971,"y2":52.372509},"geometry":{"type":"LineString","coordinates":[[4.894149,52.372428],[4.893971,52.372509]]}},{"type":"Feature","properties":{"id":1317,"source":1254,"target":1070,"cost":5.68,"reverse_cost":-1,"capacity":1000,"reverse_capacity":-1,"x1":4.875519,"y1":52.378733,"x2":4.875593,"y2":52.378709},"geometry":{"type":"LineString","coordinates":[[4.875519,52.378733],[4.875542,52.378725],[4.875593,52.378709]]}},{"type":"Feature","properties":{"id":1318,"source":1177,"target":1185,"cost":202.8,"reverse_cost":-1,"capacity":600,"reverse_capacity":-1,"x1":4.877934,"y1":52.368724,"x2":4.879203,"y2":52.367075},"geometry":{"type":"LineString","coordinates":[[4.877934,52.368724],[4.877953,52.368698],[4.877985,52.368658],[4.87806,52.368579],[4.878118,52.368523],[4.878153,52.368467],[4.878208,52.368387],[4.878329,52.368212],[4.878487,52.368012],[4.878728,52.367747],[4.879021,52.36733],[4.879203,52.367075]]}},{"type":"Feature","properties":{"id":1319,"source":1185,"target":502,"cost":50.3,"reverse_cost":-1,"capacity":600,"reverse_capacity":-1,"x1":4.879203,"y1":52.367075,"x2":4.879467,"y2":52.366653},"geometry":{"type":"LineString","coordinates":[[4.879203,52.367075],[4.879337,52.366886],[4.879414,52.366749],[4.879467,52.366653]]}},{"type":"Feature","properties":{"id":1320,"source":502,"target":505,"cost":18.38,"reverse_cost":-1,"capacity":600,"reverse_capacity":-1,"x1":4.879467,"y1":52.366653,"x2":4.879562,"y2":52.366498},"geometry":{"type":"LineString","coordinates":[[4.879467,52.366653],[4.87951,52.366579],[4.879562,52.366498]]}},{"type":"Feature","properties":{"id":1321,"source":505,"target":511,"cost":133.38,"reverse_cost":-1,"capacity":600,"reverse_capacity":-1,"x1":4.879562,"y1":52.366498,"x2":4.88008,"y2":52.365346},"geometry":{"type":"LineString","coordinates":[[4.879562,52.366498],[4.879624,52.366409],[4.879669,52.366336],[4.879699,52.36627],[4.879719,52.366218],[4.879742,52.366157],[4.879778,52.366055],[4.87983,52.365882],[4.879862,52.365791],[4.879896,52.365695],[4.879926,52.365617],[4.879968,52.365502],[4.880041,52.36541],[4.88008,52.365346]]}},{"type":"Feature","properties":{"id":1322,"source":511,"target":1255,"cost":8.42,"reverse_cost":-1,"capacity":600,"reverse_capacity":-1,"x1":4.88008,"y1":52.365346,"x2":4.880117,"y2":52.365274},"geometry":{"type":"LineString","coordinates":[[4.88008,52.365346],[4.880117,52.365274]]}},{"type":"Feature","properties":{"id":1323,"source":1256,"target":1083,"cost":59.32,"reverse_cost":-1,"capacity":3000,"reverse_capacity":-1,"x1":4.881483,"y1":52.361947,"x2":4.880859,"y2":52.362313},"geometry":{"type":"LineString","coordinates":[[4.881483,52.361947],[4.881328,52.362007],[4.881063,52.362155],[4.880965,52.362223],[4.880913,52.362268],[4.880859,52.362313]]}},{"type":"Feature","properties":{"id":1324,"source":24,"target":1026,"cost":3.34,"reverse_cost":3.34,"capacity":1200,"reverse_capacity":1200,"x1":4.90267,"y1":52.372535,"x2":4.902702,"y2":52.372512},"geometry":{"type":"LineString","coordinates":[[4.90267,52.372535],[4.902702,52.372512]]}},{"type":"Feature","properties":{"id":1325,"source":1257,"target":1129,"cost":2.13,"reverse_cost":-1,"capacity":2000,"reverse_capacity":-1,"x1":4.897009,"y1":52.378075,"x2":4.896984,"y2":52.378064},"geometry":{"type":"LineString","coordinates":[[4.897009,52.378075],[4.896984,52.378064]]}},{"type":"Feature","properties":{"id":1326,"source":855,"target":1161,"cost":13.39,"reverse_cost":-1,"capacity":2400,"reverse_capacity":-1,"x1":4.872493,"y1":52.374682,"x2":4.872537,"y2":52.374567},"geometry":{"type":"LineString","coordinates":[[4.872493,52.374682],[4.872492,52.374654],[4.872496,52.374629],[4.872511,52.374597],[4.872537,52.374567]]}},{"type":"Feature","properties":{"id":1327,"source":1161,"target":1258,"cost":10.05,"reverse_cost":-1,"capacity":2400,"reverse_capacity":-1,"x1":4.872537,"y1":52.374567,"x2":4.872648,"y2":52.374509},"geometry":{"type":"LineString","coordinates":[[4.872537,52.374567],[4.87257,52.374544],[4.872598,52.374528],[4.872629,52.374515],[4.872648,52.374509]]}},{"type":"Feature","properties":{"id":1328,"source":1164,"target":1217,"cost":11.53,"reverse_cost":-1,"capacity":2400,"reverse_capacity":-1,"x1":4.872972,"y1":52.374553,"x2":4.873035,"y2":52.374648},"geometry":{"type":"LineString","coordinates":[[4.872972,52.374553],[4.873016,52.374598],[4.873035,52.374648]]}},{"type":"Feature","properties":{"id":1329,"source":1217,"target":591,"cost":13.53,"reverse_cost":-1,"capacity":2400,"reverse_capacity":-1,"x1":4.873035,"y1":52.374648,"x2":4.872977,"y2":52.374762},"geometry":{"type":"LineString","coordinates":[[4.873035,52.374648],[4.873031,52.374689],[4.873011,52.374727],[4.872977,52.374762]]}},{"type":"Feature","properties":{"id":1330,"source":591,"target":1259,"cost":10.78,"reverse_cost":-1,"capacity":2400,"reverse_capacity":-1,"x1":4.872977,"y1":52.374762,"x2":4.872849,"y2":52.374817},"geometry":{"type":"LineString","coordinates":[[4.872977,52.374762],[4.872936,52.374788],[4.87287,52.374812],[4.872849,52.374817]]}},{"type":"Feature","properties":{"id":1331,"source":1098,"target":1260,"cost":4.88,"reverse_cost":-1,"capacity":1000,"reverse_capacity":-1,"x1":4.903484,"y1":52.367907,"x2":4.903547,"y2":52.367928},"geometry":{"type":"LineString","coordinates":[[4.903484,52.367907],[4.903521,52.367918],[4.903547,52.367928]]}},{"type":"Feature","properties":{"id":1332,"source":1260,"target":1109,"cost":12.2,"reverse_cost":-1,"capacity":1000,"reverse_capacity":-1,"x1":4.903547,"y1":52.367928,"x2":4.903674,"y2":52.368006},"geometry":{"type":"LineString","coordinates":[[4.903547,52.367928],[4.90365,52.367991],[4.903674,52.368006]]}},{"type":"Feature","properties":{"id":1333,"source":894,"target":1261,"cost":226.43,"reverse_cost":-1,"capacity":2000,"reverse_capacity":-1,"x1":4.900327,"y1":52.36631,"x2":4.897365,"y2":52.367037},"geometry":{"type":"LineString","coordinates":[[4.900327,52.36631],[4.900267,52.36634],[4.90017,52.366418],[4.900108,52.366492],[4.900067,52.366527],[4.900018,52.366559],[4.899971,52.366581],[4.899918,52.366602],[4.899425,52.366774],[4.899093,52.366883],[4.899016,52.366904],[4.898943,52.366918],[4.898856,52.366928],[4.898791,52.366933],[4.898329,52.366974],[4.897365,52.367037]]}},{"type":"Feature","properties":{"id":1334,"source":102,"target":275,"cost":204.35,"reverse_cost":-1,"capacity":600,"reverse_capacity":-1,"x1":4.892774,"y1":52.365028,"x2":4.895709,"y2":52.364621},"geometry":{"type":"LineString","coordinates":[[4.892774,52.365028],[4.892812,52.365023],[4.895709,52.364621]]}},{"type":"Feature","properties":{"id":1335,"source":208,"target":849,"cost":347.08,"reverse_cost":-1,"capacity":1200,"reverse_capacity":-1,"x1":4.892877,"y1":52.365332,"x2":4.888587,"y2":52.366816},"geometry":{"type":"LineString","coordinates":[[4.892877,52.365332],[4.89284,52.365336],[4.890653,52.365632],[4.888709,52.36674],[4.888587,52.366816]]}},{"type":"Feature","properties":{"id":1336,"source":286,"target":97,"cost":197.33,"reverse_cost":-1,"capacity":1200,"reverse_capacity":-1,"x1":4.892428,"y1":52.364041,"x2":4.889591,"y2":52.364426},"geometry":{"type":"LineString","coordinates":[[4.892428,52.364041],[4.892387,52.364047],[4.892342,52.364053],[4.889591,52.364426]]}},{"type":"Feature","properties":{"id":1337,"source":97,"target":1075,"cost":257.06,"reverse_cost":-1,"capacity":1200,"reverse_capacity":-1,"x1":4.889591,"y1":52.364426,"x2":4.886813,"y2":52.365997},"geometry":{"type":"LineString","coordinates":[[4.889591,52.364426],[4.889296,52.364593],[4.888502,52.365042],[4.887511,52.365602],[4.886813,52.365997]]}},{"type":"Feature","properties":{"id":1338,"source":1075,"target":1086,"cost":27.45,"reverse_cost":-1,"capacity":1200,"reverse_capacity":-1,"x1":4.886813,"y1":52.365997,"x2":4.886514,"y2":52.366163},"geometry":{"type":"LineString","coordinates":[[4.886813,52.365997],[4.886695,52.366066],[4.886685,52.366075],[4.886667,52.366084],[4.886514,52.366163]]}},{"type":"Feature","properties":{"id":1339,"source":901,"target":1096,"cost":4.58,"reverse_cost":-1,"capacity":600,"reverse_capacity":-1,"x1":4.892111,"y1":52.362935,"x2":4.892045,"y2":52.362943},"geometry":{"type":"LineString","coordinates":[[4.892111,52.362935],[4.892067,52.362941],[4.892045,52.362943]]}},{"type":"Feature","properties":{"id":1340,"source":263,"target":1262,"cost":254.83,"reverse_cost":-1,"capacity":1200,"reverse_capacity":-1,"x1":4.891823,"y1":52.362322,"x2":4.888169,"y2":52.362835},"geometry":{"type":"LineString","coordinates":[[4.891823,52.362322],[4.891802,52.362325],[4.891628,52.362351],[4.89007,52.362568],[4.888244,52.36281],[4.888169,52.362835]]}},{"type":"Feature","properties":{"id":1341,"source":1262,"target":1077,"cost":336.17,"reverse_cost":-1,"capacity":1200,"reverse_capacity":-1,"x1":4.888169,"y1":52.362835,"x2":4.884796,"y2":52.365043},"geometry":{"type":"LineString","coordinates":[[4.888169,52.362835],[4.888017,52.362893],[4.887561,52.363197],[4.886978,52.363584],[4.885433,52.364617],[4.884796,52.365043]]}},{"type":"Feature","properties":{"id":1342,"source":1077,"target":1091,"cost":27.4,"reverse_cost":-1,"capacity":1200,"reverse_capacity":-1,"x1":4.884796,"y1":52.365043,"x2":4.884516,"y2":52.365221},"geometry":{"type":"LineString","coordinates":[[4.884796,52.365043],[4.884684,52.365114],[4.884669,52.365123],[4.884656,52.365132],[4.884516,52.365221]]}},{"type":"Feature","properties":{"id":1343,"source":1091,"target":949,"cost":139.56,"reverse_cost":-1,"capacity":1200,"reverse_capacity":-1,"x1":4.884516,"y1":52.365221,"x2":4.88313,"y2":52.366148},"geometry":{"type":"LineString","coordinates":[[4.884516,52.365221],[4.883577,52.365838],[4.88313,52.366148]]}},{"type":"Feature","properties":{"id":1344,"source":1263,"target":1096,"cost":66.02,"reverse_cost":66.02,"capacity":1200,"reverse_capacity":1200,"x1":4.892246,"y1":52.363524,"x2":4.892045,"y2":52.362943},"geometry":{"type":"LineString","coordinates":[[4.892246,52.363524],[4.892087,52.363072],[4.892045,52.362943]]}},{"type":"Feature","properties":{"id":1345,"source":1096,"target":1264,"cost":39.27,"reverse_cost":39.27,"capacity":1200,"reverse_capacity":1200,"x1":4.892045,"y1":52.362943,"x2":4.891922,"y2":52.362598},"geometry":{"type":"LineString","coordinates":[[4.892045,52.362943],[4.892019,52.362872],[4.891989,52.362787],[4.891922,52.362598]]}},{"type":"Feature","properties":{"id":1346,"source":502,"target":512,"cost":69.59,"reverse_cost":69.59,"capacity":1200,"reverse_capacity":1200,"x1":4.879467,"y1":52.366653,"x2":4.878553,"y2":52.366371},"geometry":{"type":"LineString","coordinates":[[4.879467,52.366653],[4.878959,52.366502],[4.878704,52.366426],[4.878553,52.366371]]}},{"type":"Feature","properties":{"id":1347,"source":512,"target":513,"cost":10.22,"reverse_cost":10.22,"capacity":1200,"reverse_capacity":1200,"x1":4.878553,"y1":52.366371,"x2":4.878422,"y2":52.366326},"geometry":{"type":"LineString","coordinates":[[4.878553,52.366371],[4.878422,52.366326]]}},{"type":"Feature","properties":{"id":1348,"source":514,"target":511,"cost":4.31,"reverse_cost":-1,"capacity":1200,"reverse_capacity":-1,"x1":4.880132,"y1":52.365368,"x2":4.88008,"y2":52.365346},"geometry":{"type":"LineString","coordinates":[[4.880132,52.365368],[4.880112,52.36536],[4.88008,52.365346]]}},{"type":"Feature","properties":{"id":1349,"source":485,"target":309,"cost":261.82,"reverse_cost":-1,"capacity":1200,"reverse_capacity":-1,"x1":4.880233,"y1":52.365098,"x2":4.881379,"y2":52.36342},"geometry":{"type":"LineString","coordinates":[[4.880233,52.365098],[4.880154,52.365079],[4.88011,52.365064],[4.879953,52.365011],[4.87988,52.364973],[4.879798,52.364921],[4.879713,52.364848],[4.879657,52.364779],[4.879623,52.364713],[4.879597,52.36464],[4.879589,52.364576],[4.879595,52.364521],[4.879621,52.364434],[4.87966,52.364359],[4.879719,52.364292],[4.879783,52.364233],[4.879928,52.364146],[4.88004,52.364104],[4.880375,52.364004],[4.88057,52.363943],[4.88071,52.363884],[4.880955,52.363722],[4.881379,52.36342]]}},{"type":"Feature","properties":{"id":1350,"source":1265,"target":692,"cost":6.24,"reverse_cost":-1,"capacity":3000,"reverse_capacity":-1,"x1":4.896951,"y1":52.38105,"x2":4.89702,"y2":52.381013},"geometry":{"type":"LineString","coordinates":[[4.896951,52.38105],[4.89702,52.381013]]}},{"type":"Feature","properties":{"id":1351,"source":692,"target":1266,"cost":5.64,"reverse_cost":-1,"capacity":3000,"reverse_capacity":-1,"x1":4.89702,"y1":52.381013,"x2":4.897087,"y2":52.380983},"geometry":{"type":"LineString","coordinates":[[4.89702,52.381013],[4.897087,52.380983]]}},{"type":"Feature","properties":{"id":1352,"source":1267,"target":1043,"cost":11.66,"reverse_cost":-1,"capacity":3000,"reverse_capacity":-1,"x1":4.89721,"y1":52.381111,"x2":4.897064,"y2":52.381166},"geometry":{"type":"LineString","coordinates":[[4.89721,52.381111],[4.897064,52.381166]]}},{"type":"Feature","properties":{"id":1353,"source":1268,"target":1269,"cost":32.23,"reverse_cost":-1,"capacity":4500,"reverse_capacity":-1,"x1":4.904407,"y1":52.378337,"x2":4.904851,"y2":52.378233},"geometry":{"type":"LineString","coordinates":[[4.904407,52.378337],[4.904506,52.378315],[4.904851,52.378233]]}},{"type":"Feature","properties":{"id":1354,"source":1269,"target":1201,"cost":7.82,"reverse_cost":-1,"capacity":3000,"reverse_capacity":-1,"x1":4.904851,"y1":52.378233,"x2":4.90496,"y2":52.378212},"geometry":{"type":"LineString","coordinates":[[4.904851,52.378233],[4.90496,52.378212]]}},{"type":"Feature","properties":{"id":1355,"source":1238,"target":1234,"cost":307.51,"reverse_cost":-1,"capacity":3000,"reverse_capacity":-1,"x1":4.898802,"y1":52.380348,"x2":4.902685,"y2":52.378924},"geometry":{"type":"LineString","coordinates":[[4.898802,52.380348],[4.902685,52.378924]]}},{"type":"Feature","properties":{"id":1356,"source":1270,"target":1271,"cost":112.88,"reverse_cost":-1,"capacity":3000,"reverse_capacity":-1,"x1":4.89892,"y1":52.380481,"x2":4.897496,"y2":52.381006},"geometry":{"type":"LineString","coordinates":[[4.89892,52.380481],[4.897536,52.380991],[4.897496,52.381006]]}},{"type":"Feature","properties":{"id":1357,"source":1066,"target":1270,"cost":307.24,"reverse_cost":-1,"capacity":3000,"reverse_capacity":-1,"x1":4.902805,"y1":52.379064,"x2":4.89892,"y2":52.380481},"geometry":{"type":"LineString","coordinates":[[4.902805,52.379064],[4.89892,52.380481]]}},{"type":"Feature","properties":{"id":1358,"source":220,"target":255,"cost":56.59,"reverse_cost":-1,"capacity":1200,"reverse_capacity":-1,"x1":4.899968,"y1":52.372743,"x2":4.899633,"y2":52.372277},"geometry":{"type":"LineString","coordinates":[[4.899968,52.372743],[4.899633,52.372277]]}},{"type":"Feature","properties":{"id":1359,"source":1272,"target":1205,"cost":78.49,"reverse_cost":78.49,"capacity":1200,"reverse_capacity":1200,"x1":4.89164,"y1":52.366286,"x2":4.892766,"y2":52.366127},"geometry":{"type":"LineString","coordinates":[[4.89164,52.366286],[4.89168,52.366283],[4.891709,52.36628],[4.892383,52.366181],[4.892766,52.366127]]}},{"type":"Feature","properties":{"id":1360,"source":974,"target":1273,"cost":26.34,"reverse_cost":26.34,"capacity":1200,"reverse_capacity":1200,"x1":4.889533,"y1":52.364371,"x2":4.889339,"y2":52.364166},"geometry":{"type":"LineString","coordinates":[[4.889533,52.364371],[4.889339,52.364166]]}},{"type":"Feature","properties":{"id":1361,"source":1274,"target":299,"cost":8.14,"reverse_cost":8.14,"capacity":1200,"reverse_capacity":1200,"x1":4.8878,"y1":52.36259,"x2":4.887901,"y2":52.362551},"geometry":{"type":"LineString","coordinates":[[4.8878,52.36259],[4.887901,52.362551]]}},{"type":"Feature","properties":{"id":1362,"source":1273,"target":291,"cost":9.18,"reverse_cost":9.18,"capacity":1200,"reverse_capacity":1200,"x1":4.889339,"y1":52.364166,"x2":4.889273,"y2":52.364094},"geometry":{"type":"LineString","coordinates":[[4.889339,52.364166],[4.889273,52.364094]]}},{"type":"Feature","properties":{"id":1363,"source":316,"target":1275,"cost":5.42,"reverse_cost":5.42,"capacity":1200,"reverse_capacity":1200,"x1":4.887644,"y1":52.362699,"x2":4.887694,"y2":52.362661},"geometry":{"type":"LineString","coordinates":[[4.887644,52.362699],[4.887694,52.362661]]}},{"type":"Feature","properties":{"id":1364,"source":299,"target":300,"cost":87.04,"reverse_cost":-1,"capacity":1200,"reverse_capacity":-1,"x1":4.887901,"y1":52.362551,"x2":4.889141,"y2":52.36236},"geometry":{"type":"LineString","coordinates":[[4.887901,52.362551],[4.88801,52.362518],[4.889141,52.36236]]}},{"type":"Feature","properties":{"id":1365,"source":300,"target":290,"cost":158.06,"reverse_cost":-1,"capacity":1200,"reverse_capacity":-1,"x1":4.889141,"y1":52.36236,"x2":4.891416,"y2":52.36206},"geometry":{"type":"LineString","coordinates":[[4.889141,52.36236],[4.891416,52.36206]]}},{"type":"Feature","properties":{"id":1366,"source":1275,"target":1274,"cost":10.67,"reverse_cost":10.67,"capacity":1200,"reverse_capacity":1200,"x1":4.887694,"y1":52.362661,"x2":4.8878,"y2":52.36259},"geometry":{"type":"LineString","coordinates":[[4.887694,52.362661],[4.8878,52.36259]]}},{"type":"Feature","properties":{"id":1367,"source":1044,"target":1276,"cost":21.48,"reverse_cost":-1,"capacity":3000,"reverse_capacity":-1,"x1":4.896966,"y1":52.381207,"x2":4.896726,"y2":52.381333},"geometry":{"type":"LineString","coordinates":[[4.896966,52.381207],[4.896726,52.381333]]}},{"type":"Feature","properties":{"id":1368,"source":1199,"target":732,"cost":16.47,"reverse_cost":-1,"capacity":1200,"reverse_capacity":-1,"x1":4.886677,"y1":52.378972,"x2":4.886438,"y2":52.378946},"geometry":{"type":"LineString","coordinates":[[4.886677,52.378972],[4.886595,52.378963],[4.886528,52.378956],[4.886438,52.378946]]}},{"type":"Feature","properties":{"id":1369,"source":86,"target":1277,"cost":33.22,"reverse_cost":-1,"capacity":4500,"reverse_capacity":-1,"x1":4.904123,"y1":52.367625,"x2":4.903768,"y2":52.36783},"geometry":{"type":"LineString","coordinates":[[4.904123,52.367625],[4.904101,52.367639],[4.903925,52.367742],[4.903768,52.36783]]}},{"type":"Feature","properties":{"id":1370,"source":94,"target":69,"cost":16.49,"reverse_cost":-1,"capacity":3000,"reverse_capacity":-1,"x1":4.903969,"y1":52.368431,"x2":4.903804,"y2":52.368322},"geometry":{"type":"LineString","coordinates":[[4.903969,52.368431],[4.903887,52.368383],[4.903804,52.368322]]}},{"type":"Feature","properties":{"id":1371,"source":230,"target":237,"cost":80.5,"reverse_cost":-1,"capacity":1200,"reverse_capacity":-1,"x1":4.895525,"y1":52.37769,"x2":4.894468,"y2":52.377372},"geometry":{"type":"LineString","coordinates":[[4.895525,52.37769],[4.895454,52.377678],[4.895377,52.377664],[4.895318,52.377654],[4.895266,52.377644],[4.895196,52.377629],[4.895155,52.377619],[4.895116,52.377608],[4.895072,52.377594],[4.894983,52.377563],[4.894697,52.377464],[4.894591,52.377425],[4.894468,52.377372]]}},{"type":"Feature","properties":{"id":1372,"source":1130,"target":230,"cost":32.63,"reverse_cost":-1,"capacity":2000,"reverse_capacity":-1,"x1":4.895943,"y1":52.377829,"x2":4.895525,"y2":52.37769},"geometry":{"type":"LineString","coordinates":[[4.895943,52.377829],[4.89572,52.377771],[4.895632,52.377745],[4.895574,52.377718],[4.895525,52.37769]]}},{"type":"Feature","properties":{"id":1373,"source":1278,"target":79,"cost":3.56,"reverse_cost":3.56,"capacity":1200,"reverse_capacity":1200,"x1":4.902995,"y1":52.372506,"x2":4.903031,"y2":52.37253},"geometry":{"type":"LineString","coordinates":[[4.902995,52.372506],[4.903031,52.37253]]}},{"type":"Feature","properties":{"id":1374,"source":1095,"target":1278,"cost":10.06,"reverse_cost":10.06,"capacity":1200,"reverse_capacity":1200,"x1":4.9029,"y1":52.372437,"x2":4.902995,"y2":52.372506},"geometry":{"type":"LineString","coordinates":[[4.9029,52.372437],[4.902927,52.372455],[4.902979,52.372494],[4.902995,52.372506]]}},{"type":"Feature","properties":{"id":1375,"source":628,"target":1121,"cost":67.77,"reverse_cost":-1,"capacity":3000,"reverse_capacity":-1,"x1":4.875018,"y1":52.373488,"x2":4.87509,"y2":52.374091},"geometry":{"type":"LineString","coordinates":[[4.875018,52.373488],[4.875074,52.373582],[4.87507,52.373937],[4.875071,52.37397],[4.875082,52.374059],[4.87509,52.374091]]}},{"type":"Feature","properties":{"id":1376,"source":1121,"target":637,"cost":8.34,"reverse_cost":-1,"capacity":3000,"reverse_capacity":-1,"x1":4.87509,"y1":52.374091,"x2":4.875116,"y2":52.374164},"geometry":{"type":"LineString","coordinates":[[4.87509,52.374091],[4.875116,52.374164]]}},{"type":"Feature","properties":{"id":1377,"source":1255,"target":1246,"cost":10.75,"reverse_cost":-1,"capacity":1600,"reverse_capacity":-1,"x1":4.880117,"y1":52.365274,"x2":4.88017,"y2":52.365182},"geometry":{"type":"LineString","coordinates":[[4.880117,52.365274],[4.88017,52.365182]]}},{"type":"Feature","properties":{"id":1378,"source":192,"target":1067,"cost":35.95,"reverse_cost":35.95,"capacity":1200,"reverse_capacity":1200,"x1":4.889664,"y1":52.37453,"x2":4.889138,"y2":52.374565},"geometry":{"type":"LineString","coordinates":[[4.889664,52.37453],[4.889138,52.374565]]}},{"type":"Feature","properties":{"id":1379,"source":424,"target":400,"cost":113.3,"reverse_cost":-1,"capacity":1200,"reverse_capacity":-1,"x1":4.887755,"y1":52.374898,"x2":4.886295,"y2":52.375385},"geometry":{"type":"LineString","coordinates":[[4.887755,52.374898],[4.887682,52.374904],[4.886295,52.375385]]}},{"type":"Feature","properties":{"id":1380,"source":705,"target":1279,"cost":116.02,"reverse_cost":-1,"capacity":2000,"reverse_capacity":-1,"x1":4.891829,"y1":52.381492,"x2":4.89046,"y2":52.382115},"geometry":{"type":"LineString","coordinates":[[4.891829,52.381492],[4.891533,52.381609],[4.891368,52.38168],[4.891089,52.381806],[4.890822,52.381938],[4.89046,52.382115]]}},{"type":"Feature","properties":{"id":1381,"source":704,"target":708,"cost":208.57,"reverse_cost":-1,"capacity":2000,"reverse_capacity":-1,"x1":4.891735,"y1":52.381387,"x2":4.894418,"y2":52.380482},"geometry":{"type":"LineString","coordinates":[[4.891735,52.381387],[4.893761,52.380764],[4.893794,52.380755],[4.893824,52.380744],[4.894418,52.380482]]}},{"type":"Feature","properties":{"id":1382,"source":1280,"target":1281,"cost":20.61,"reverse_cost":-1,"capacity":1000,"reverse_capacity":-1,"x1":4.890695,"y1":52.373179,"x2":4.890472,"y2":52.373286},"geometry":{"type":"LineString","coordinates":[[4.890695,52.373179],[4.890689,52.37319],[4.890681,52.373202],[4.890672,52.373212],[4.890661,52.373223],[4.89065,52.373232],[4.890639,52.373239],[4.890636,52.373241],[4.890622,52.37325],[4.890614,52.373254],[4.890605,52.373258],[4.890596,52.373262],[4.89058,52.373268],[4.890573,52.37327],[4.890563,52.373273],[4.890545,52.373277],[4.890527,52.373281],[4.890509,52.373283],[4.89049,52.373285],[4.890472,52.373286]]}},{"type":"Feature","properties":{"id":1383,"source":1282,"target":166,"cost":26.05,"reverse_cost":-1,"capacity":2000,"reverse_capacity":-1,"x1":4.89367,"y1":52.367237,"x2":4.893603,"y2":52.367465},"geometry":{"type":"LineString","coordinates":[[4.89367,52.367237],[4.89366,52.36726],[4.893652,52.367288],[4.893649,52.367354],[4.893644,52.367388],[4.893628,52.367429],[4.893603,52.367465]]}},{"type":"Feature","properties":{"id":1384,"source":1283,"target":1284,"cost":27.94,"reverse_cost":-1,"capacity":600,"reverse_capacity":-1,"x1":4.897538,"y1":52.365924,"x2":4.897576,"y2":52.366171},"geometry":{"type":"LineString","coordinates":[[4.897538,52.365924],[4.897548,52.365946],[4.897567,52.36599],[4.897582,52.366041],[4.89757,52.366104],[4.897566,52.366143],[4.897576,52.366171]]}},{"type":"Feature","properties":{"id":1385,"source":849,"target":473,"cost":154.27,"reverse_cost":-1,"capacity":1200,"reverse_capacity":-1,"x1":4.888587,"y1":52.366816,"x2":4.886966,"y2":52.367779},"geometry":{"type":"LineString","coordinates":[[4.888587,52.366816],[4.88853,52.366849],[4.888515,52.366858],[4.888497,52.366868],[4.888456,52.366891],[4.888296,52.366981],[4.887905,52.367202],[4.886996,52.367725],[4.886966,52.367779]]}},{"type":"Feature","properties":{"id":1386,"source":473,"target":848,"cost":36.9,"reverse_cost":-1,"capacity":1200,"reverse_capacity":-1,"x1":4.886966,"y1":52.367779,"x2":4.886974,"y2":52.368111},"geometry":{"type":"LineString","coordinates":[[4.886966,52.367779],[4.886974,52.368111]]}},{"type":"Feature","properties":{"id":1387,"source":355,"target":449,"cost":222.19,"reverse_cost":-1,"capacity":1200,"reverse_capacity":-1,"x1":4.887115,"y1":52.37026,"x2":4.887318,"y2":52.372254},"geometry":{"type":"LineString","coordinates":[[4.887115,52.37026],[4.887172,52.370762],[4.887211,52.371129],[4.887223,52.371257],[4.887239,52.371511],[4.887318,52.372254]]}},{"type":"Feature","properties":{"id":1388,"source":449,"target":1152,"cost":124.84,"reverse_cost":-1,"capacity":1200,"reverse_capacity":-1,"x1":4.887318,"y1":52.372254,"x2":4.88745,"y2":52.373374},"geometry":{"type":"LineString","coordinates":[[4.887318,52.372254],[4.887334,52.372462],[4.887363,52.372744],[4.887435,52.373236],[4.887438,52.373259],[4.887449,52.373363],[4.88745,52.373374]]}},{"type":"Feature","properties":{"id":1389,"source":1204,"target":201,"cost":7.27,"reverse_cost":7.27,"capacity":1200,"reverse_capacity":1200,"x1":4.893006,"y1":52.366099,"x2":4.893111,"y2":52.366087},"geometry":{"type":"LineString","coordinates":[[4.893006,52.366099],[4.893048,52.366094],[4.893088,52.366089],[4.893111,52.366087]]}},{"type":"Feature","properties":{"id":1390,"source":461,"target":1285,"cost":80.37,"reverse_cost":-1,"capacity":1200,"reverse_capacity":-1,"x1":4.88951,"y1":52.372275,"x2":4.889366,"y2":52.371558},"geometry":{"type":"LineString","coordinates":[[4.88951,52.372275],[4.889465,52.372029],[4.889433,52.371857],[4.889366,52.371558]]}},{"type":"Feature","properties":{"id":1391,"source":1285,"target":915,"cost":301.92,"reverse_cost":-1,"capacity":1200,"reverse_capacity":-1,"x1":4.889366,"y1":52.371558,"x2":4.888785,"y2":52.368875},"geometry":{"type":"LineString","coordinates":[[4.889366,52.371558],[4.889291,52.371206],[4.889267,52.371099],[4.88918,52.37074],[4.88911,52.37039],[4.889093,52.370305],[4.88891,52.369703],[4.888894,52.369648],[4.888795,52.369346],[4.888765,52.369245],[4.888756,52.369208],[4.888749,52.369169],[4.888746,52.369132],[4.888745,52.369064],[4.888749,52.369005],[4.888753,52.368977],[4.888758,52.368948],[4.888769,52.368911],[4.888785,52.368875]]}},{"type":"Feature","properties":{"id":1392,"source":945,"target":333,"cost":2.98,"reverse_cost":2.98,"capacity":3000,"reverse_capacity":3000,"x1":4.877048,"y1":52.366794,"x2":4.877036,"y2":52.366819},"geometry":{"type":"LineString","coordinates":[[4.877048,52.366794],[4.877036,52.366819]]}},{"type":"Feature","properties":{"id":1393,"source":333,"target":335,"cost":50.59,"reverse_cost":50.59,"capacity":3000,"reverse_capacity":3000,"x1":4.877036,"y1":52.366819,"x2":4.87687,"y2":52.367262},"geometry":{"type":"LineString","coordinates":[[4.877036,52.366819],[4.876978,52.366945],[4.876918,52.367088],[4.876881,52.367195],[4.87687,52.367262]]}},{"type":"Feature","properties":{"id":1394,"source":335,"target":1193,"cost":133.15,"reverse_cost":133.15,"capacity":3000,"reverse_capacity":3000,"x1":4.87687,"y1":52.367262,"x2":4.876304,"y2":52.368371},"geometry":{"type":"LineString","coordinates":[[4.87687,52.367262],[4.876864,52.367343],[4.876873,52.367474],[4.876855,52.367663],[4.876817,52.367765],[4.876812,52.367781],[4.876769,52.367867],[4.876728,52.367938],[4.876667,52.368023],[4.87653,52.368192],[4.876494,52.368237],[4.876395,52.368324],[4.876322,52.368362],[4.876304,52.368371]]}},{"type":"Feature","properties":{"id":1395,"source":569,"target":657,"cost":22.82,"reverse_cost":-1,"capacity":3000,"reverse_capacity":-1,"x1":4.878562,"y1":52.36459,"x2":4.878514,"y2":52.364388},"geometry":{"type":"LineString","coordinates":[[4.878562,52.36459],[4.878522,52.364496],[4.878511,52.364424],[4.878514,52.364388]]}},{"type":"Feature","properties":{"id":1396,"source":657,"target":1286,"cost":65.34,"reverse_cost":-1,"capacity":3000,"reverse_capacity":-1,"x1":4.878514,"y1":52.364388,"x2":4.878718,"y2":52.363815},"geometry":{"type":"LineString","coordinates":[[4.878514,52.364388],[4.878517,52.364342],[4.878552,52.364221],[4.87861,52.364077],[4.878642,52.363989],[4.878653,52.36396],[4.878676,52.363908],[4.878701,52.363856],[4.878718,52.363815]]}},{"type":"Feature","properties":{"id":1397,"source":1286,"target":1287,"cost":6.93,"reverse_cost":-1,"capacity":3000,"reverse_capacity":-1,"x1":4.878718,"y1":52.363815,"x2":4.878759,"y2":52.363758},"geometry":{"type":"LineString","coordinates":[[4.878718,52.363815],[4.878759,52.363758]]}},{"type":"Feature","properties":{"id":1398,"source":1287,"target":1288,"cost":7.89,"reverse_cost":-1,"capacity":3000,"reverse_capacity":-1,"x1":4.878759,"y1":52.363758,"x2":4.878808,"y2":52.363693},"geometry":{"type":"LineString","coordinates":[[4.878759,52.363758],[4.878792,52.363712],[4.878808,52.363693]]}},{"type":"Feature","properties":{"id":1399,"source":1289,"target":100,"cost":16.1,"reverse_cost":-1,"capacity":800,"reverse_capacity":-1,"x1":4.897727,"y1":52.365086,"x2":4.897855,"y2":52.36497},"geometry":{"type":"LineString","coordinates":[[4.897727,52.365086],[4.897758,52.365027],[4.897798,52.364995],[4.89784,52.364976],[4.897855,52.36497]]}},{"type":"Feature","properties":{"id":1400,"source":1290,"target":1289,"cost":7.63,"reverse_cost":-1,"capacity":800,"reverse_capacity":-1,"x1":4.897702,"y1":52.365153,"x2":4.897727,"y2":52.365086},"geometry":{"type":"LineString","coordinates":[[4.897702,52.365153],[4.897727,52.365086]]}},{"type":"Feature","properties":{"id":1401,"source":285,"target":291,"cost":86.41,"reverse_cost":-1,"capacity":1200,"reverse_capacity":-1,"x1":4.888663,"y1":52.363412,"x2":4.889273,"y2":52.364094},"geometry":{"type":"LineString","coordinates":[[4.888663,52.363412],[4.889273,52.364094]]}},{"type":"Feature","properties":{"id":1402,"source":1291,"target":1292,"cost":41.14,"reverse_cost":-1,"capacity":1200,"reverse_capacity":-1,"x1":4.899513,"y1":52.3767,"x2":4.899906,"y2":52.376419},"geometry":{"type":"LineString","coordinates":[[4.899513,52.3767],[4.899906,52.376419]]}},{"type":"Feature","properties":{"id":1403,"source":184,"target":1292,"cost":5.43,"reverse_cost":-1,"capacity":1200,"reverse_capacity":-1,"x1":4.899958,"y1":52.376382,"x2":4.899906,"y2":52.376419},"geometry":{"type":"LineString","coordinates":[[4.899958,52.376382],[4.899906,52.376419]]}},{"type":"Feature","properties":{"id":1404,"source":1293,"target":1294,"cost":26.01,"reverse_cost":-1,"capacity":800,"reverse_capacity":-1,"x1":4.875756,"y1":52.372109,"x2":4.875791,"y2":52.371877},"geometry":{"type":"LineString","coordinates":[[4.875756,52.372109],[4.875753,52.37208],[4.875752,52.372077],[4.875749,52.372052],[4.875756,52.372027],[4.875757,52.372022],[4.875767,52.371993],[4.875774,52.371958],[4.875781,52.371916],[4.875791,52.371877]]}},{"type":"Feature","properties":{"id":1405,"source":1295,"target":603,"cost":31.98,"reverse_cost":-1,"capacity":800,"reverse_capacity":-1,"x1":4.875919,"y1":52.371712,"x2":4.876101,"y2":52.371446},"geometry":{"type":"LineString","coordinates":[[4.875919,52.371712],[4.876101,52.371446]]}},{"type":"Feature","properties":{"id":1406,"source":603,"target":935,"cost":124.85,"reverse_cost":-1,"capacity":800,"reverse_capacity":-1,"x1":4.876101,"y1":52.371446,"x2":4.876839,"y2":52.370418},"geometry":{"type":"LineString","coordinates":[[4.876101,52.371446],[4.876244,52.371246],[4.87627,52.371209],[4.876433,52.370967],[4.876576,52.370782],[4.876839,52.370418]]}},{"type":"Feature","properties":{"id":1407,"source":491,"target":1296,"cost":12.96,"reverse_cost":12.96,"capacity":1200,"reverse_capacity":1200,"x1":4.879289,"y1":52.374311,"x2":4.879225,"y2":52.374421},"geometry":{"type":"LineString","coordinates":[[4.879289,52.374311],[4.879225,52.374421]]}},{"type":"Feature","properties":{"id":1408,"source":1297,"target":404,"cost":4.06,"reverse_cost":4.06,"capacity":1200,"reverse_capacity":1200,"x1":4.881127,"y1":52.374848,"x2":4.881106,"y2":52.374882},"geometry":{"type":"LineString","coordinates":[[4.881127,52.374848],[4.881106,52.374882]]}},{"type":"Feature","properties":{"id":1409,"source":1296,"target":406,"cost":3.46,"reverse_cost":3.46,"capacity":1200,"reverse_capacity":1200,"x1":4.879225,"y1":52.374421,"x2":4.879207,"y2":52.37445},"geometry":{"type":"LineString","coordinates":[[4.879225,52.374421],[4.879207,52.37445]]}},{"type":"Feature","properties":{"id":1410,"source":975,"target":1297,"cost":12.47,"reverse_cost":12.47,"capacity":1200,"reverse_capacity":1200,"x1":4.88119,"y1":52.374742,"x2":4.881127,"y2":52.374848},"geometry":{"type":"LineString","coordinates":[[4.88119,52.374742],[4.881127,52.374848]]}},{"type":"Feature","properties":{"id":1411,"source":1298,"target":320,"cost":44.32,"reverse_cost":-1,"capacity":3000,"reverse_capacity":-1,"x1":4.880301,"y1":52.362688,"x2":4.880665,"y2":52.362358},"geometry":{"type":"LineString","coordinates":[[4.880301,52.362688],[4.880315,52.362679],[4.880334,52.362666],[4.880385,52.362628],[4.880665,52.362358]]}},{"type":"Feature","properties":{"id":1412,"source":319,"target":1299,"cost":21.32,"reverse_cost":-1,"capacity":3000,"reverse_capacity":-1,"x1":4.880013,"y1":52.362877,"x2":4.880227,"y2":52.362737},"geometry":{"type":"LineString","coordinates":[[4.880013,52.362877],[4.880176,52.362772],[4.880227,52.362737]]}},{"type":"Feature","properties":{"id":1413,"source":1226,"target":1300,"cost":15.57,"reverse_cost":-1,"capacity":2000,"reverse_capacity":-1,"x1":4.887315,"y1":52.373443,"x2":4.887088,"y2":52.373466},"geometry":{"type":"LineString","coordinates":[[4.887315,52.373443],[4.887088,52.373466]]}},{"type":"Feature","properties":{"id":1414,"source":477,"target":476,"cost":56.46,"reverse_cost":-1,"capacity":1200,"reverse_capacity":-1,"x1":4.882237,"y1":52.367496,"x2":4.881505,"y2":52.367255},"geometry":{"type":"LineString","coordinates":[[4.882237,52.367496],[4.881505,52.367255]]}},{"type":"Feature","properties":{"id":1415,"source":476,"target":508,"cost":116.63,"reverse_cost":-1,"capacity":1200,"reverse_capacity":-1,"x1":4.881505,"y1":52.367255,"x2":4.879968,"y2":52.366787},"geometry":{"type":"LineString","coordinates":[[4.881505,52.367255],[4.880381,52.366911],[4.879968,52.366787]]}},{"type":"Feature","properties":{"id":1416,"source":1301,"target":1302,"cost":290.72,"reverse_cost":-1,"capacity":1200,"reverse_capacity":-1,"x1":4.891718,"y1":52.362012,"x2":4.895892,"y2":52.361435},"geometry":{"type":"LineString","coordinates":[[4.891718,52.362012],[4.891836,52.361996],[4.893992,52.361668],[4.895892,52.361435]]}},{"type":"Feature","properties":{"id":1417,"source":508,"target":509,"cost":51.14,"reverse_cost":-1,"capacity":1200,"reverse_capacity":-1,"x1":4.879968,"y1":52.366787,"x2":4.879656,"y2":52.367206},"geometry":{"type":"LineString","coordinates":[[4.879968,52.366787],[4.879656,52.367206]]}},{"type":"Feature","properties":{"id":1418,"source":1303,"target":1304,"cost":254.02,"reverse_cost":-1,"capacity":1600,"reverse_capacity":-1,"x1":4.88368,"y1":52.362546,"x2":4.886577,"y2":52.361103},"geometry":{"type":"LineString","coordinates":[[4.88368,52.362546],[4.883723,52.36252],[4.883761,52.362499],[4.88379,52.362482],[4.883848,52.36245],[4.884268,52.362245],[4.884657,52.362058],[4.885799,52.361507],[4.886203,52.361312],[4.886345,52.361242],[4.886411,52.361206],[4.886479,52.361164],[4.886577,52.361103]]}},{"type":"Feature","properties":{"id":1419,"source":830,"target":829,"cost":53.62,"reverse_cost":-1,"capacity":1000,"reverse_capacity":-1,"x1":4.874492,"y1":52.378836,"x2":4.873711,"y2":52.378814},"geometry":{"type":"LineString","coordinates":[[4.874492,52.378836],[4.874341,52.378819],[4.874237,52.378805],[4.874133,52.378799],[4.874045,52.378793],[4.873926,52.378793],[4.873711,52.378814]]}},{"type":"Feature","properties":{"id":1420,"source":830,"target":746,"cost":45.9,"reverse_cost":45.9,"capacity":2000,"reverse_capacity":2000,"x1":4.874492,"y1":52.378836,"x2":4.875114,"y2":52.378999},"geometry":{"type":"LineString","coordinates":[[4.874492,52.378836],[4.875036,52.378978],[4.875114,52.378999]]}},{"type":"Feature","properties":{"id":1421,"source":831,"target":829,"cost":33.8,"reverse_cost":33.8,"capacity":2000,"reverse_capacity":2000,"x1":4.873253,"y1":52.378933,"x2":4.873711,"y2":52.378814},"geometry":{"type":"LineString","coordinates":[[4.873253,52.378933],[4.873711,52.378814]]}},{"type":"Feature","properties":{"id":1422,"source":1305,"target":741,"cost":434.69,"reverse_cost":-1,"capacity":1000,"reverse_capacity":-1,"x1":4.870636,"y1":52.382539,"x2":4.872752,"y2":52.379078},"geometry":{"type":"LineString","coordinates":[[4.870636,52.382539],[4.870644,52.382519],[4.87082,52.382037],[4.870961,52.381637],[4.870997,52.381539],[4.871121,52.381196],[4.871146,52.381133],[4.871218,52.380946],[4.871259,52.380826],[4.871619,52.379781],[4.871722,52.379477],[4.871748,52.379412],[4.871805,52.379353],[4.871891,52.379316],[4.872752,52.379078]]}},{"type":"Feature","properties":{"id":1423,"source":385,"target":381,"cost":9.33,"reverse_cost":-1,"capacity":600,"reverse_capacity":-1,"x1":4.878425,"y1":52.368931,"x2":4.878476,"y2":52.368853},"geometry":{"type":"LineString","coordinates":[[4.878425,52.368931],[4.878452,52.36889],[4.878476,52.368853]]}},{"type":"Feature","properties":{"id":1424,"source":536,"target":984,"cost":11.35,"reverse_cost":-1,"capacity":1200,"reverse_capacity":-1,"x1":4.88458,"y1":52.376626,"x2":4.884496,"y2":52.376538},"geometry":{"type":"LineString","coordinates":[[4.88458,52.376626],[4.884496,52.376538]]}},{"type":"Feature","properties":{"id":1425,"source":888,"target":887,"cost":47.85,"reverse_cost":-1,"capacity":1200,"reverse_capacity":-1,"x1":4.895819,"y1":52.367199,"x2":4.89598,"y2":52.367618},"geometry":{"type":"LineString","coordinates":[[4.895819,52.367199],[4.89598,52.367618]]}},{"type":"Feature","properties":{"id":1426,"source":1086,"target":467,"cost":119.46,"reverse_cost":-1,"capacity":1200,"reverse_capacity":-1,"x1":4.886514,"y1":52.366163,"x2":4.885228,"y2":52.366896},"geometry":{"type":"LineString","coordinates":[[4.886514,52.366163],[4.885228,52.366896]]}},{"type":"Feature","properties":{"id":1427,"source":1306,"target":1048,"cost":9.55,"reverse_cost":-1,"capacity":1200,"reverse_capacity":-1,"x1":4.888044,"y1":52.366669,"x2":4.888143,"y2":52.366608},"geometry":{"type":"LineString","coordinates":[[4.888044,52.366669],[4.888143,52.366608]]}},{"type":"Feature","properties":{"id":1428,"source":1307,"target":1191,"cost":23.8,"reverse_cost":-1,"capacity":1600,"reverse_capacity":-1,"x1":4.877185,"y1":52.368668,"x2":4.876858,"y2":52.368591},"geometry":{"type":"LineString","coordinates":[[4.877185,52.368668],[4.877056,52.368639],[4.876858,52.368591]]}},{"type":"Feature","properties":{"id":1429,"source":1190,"target":1176,"cost":57.79,"reverse_cost":-1,"capacity":800,"reverse_capacity":-1,"x1":4.876938,"y1":52.368476,"x2":4.877727,"y2":52.368669},"geometry":{"type":"LineString","coordinates":[[4.876938,52.368476],[4.877034,52.368499],[4.877429,52.368609],[4.877727,52.368669]]}},{"type":"Feature","properties":{"id":1430,"source":1308,"target":1309,"cost":11.67,"reverse_cost":-1,"capacity":800,"reverse_capacity":-1,"x1":4.877774,"y1":52.368923,"x2":4.877845,"y2":52.368827},"geometry":{"type":"LineString","coordinates":[[4.877774,52.368923],[4.877812,52.36887],[4.877822,52.36886],[4.877845,52.368827]]}},{"type":"Feature","properties":{"id":1431,"source":504,"target":1308,"cost":20.36,"reverse_cost":-1,"capacity":800,"reverse_capacity":-1,"x1":4.877681,"y1":52.369097,"x2":4.877774,"y2":52.368923},"geometry":{"type":"LineString","coordinates":[[4.877681,52.369097],[4.877774,52.368923]]}},{"type":"Feature","properties":{"id":1432,"source":1310,"target":312,"cost":66.93,"reverse_cost":66.93,"capacity":1200,"reverse_capacity":1200,"x1":4.885663,"y1":52.362604,"x2":4.886143,"y2":52.362129},"geometry":{"type":"LineString","coordinates":[[4.885663,52.362604],[4.886158,52.362266],[4.886196,52.362219],[4.886143,52.362129]]}},{"type":"Feature","properties":{"id":1433,"source":326,"target":1299,"cost":15.44,"reverse_cost":-1,"capacity":1200,"reverse_capacity":-1,"x1":4.880266,"y1":52.362873,"x2":4.880227,"y2":52.362737},"geometry":{"type":"LineString","coordinates":[[4.880266,52.362873],[4.880252,52.362847],[4.880237,52.362789],[4.880227,52.362737]]}},{"type":"Feature","properties":{"id":1434,"source":310,"target":1311,"cost":19.45,"reverse_cost":-1,"capacity":1200,"reverse_capacity":-1,"x1":4.881278,"y1":52.363376,"x2":4.881055,"y2":52.363266},"geometry":{"type":"LineString","coordinates":[[4.881278,52.363376],[4.881055,52.363266]]}},{"type":"Feature","properties":{"id":1435,"source":1312,"target":309,"cost":29.07,"reverse_cost":-1,"capacity":1200,"reverse_capacity":-1,"x1":4.881711,"y1":52.363584,"x2":4.881379,"y2":52.36342},"geometry":{"type":"LineString","coordinates":[[4.881711,52.363584],[4.881641,52.363546],[4.881379,52.36342]]}},{"type":"Feature","properties":{"id":1436,"source":613,"target":1162,"cost":49.87,"reverse_cost":-1,"capacity":1200,"reverse_capacity":-1,"x1":4.871385,"y1":52.373901,"x2":4.872075,"y2":52.373747},"geometry":{"type":"LineString","coordinates":[[4.871385,52.373901],[4.871991,52.373766],[4.872075,52.373747]]}},{"type":"Feature","properties":{"id":1437,"source":326,"target":1313,"cost":5.89,"reverse_cost":-1,"capacity":3000,"reverse_capacity":-1,"x1":4.880266,"y1":52.362873,"x2":4.88022,"y2":52.362918},"geometry":{"type":"LineString","coordinates":[[4.880266,52.362873],[4.880244,52.362893],[4.88022,52.362918]]}},{"type":"Feature","properties":{"id":1438,"source":957,"target":1314,"cost":10.78,"reverse_cost":-1,"capacity":1200,"reverse_capacity":-1,"x1":4.88046,"y1":52.362982,"x2":4.880332,"y2":52.362925},"geometry":{"type":"LineString","coordinates":[[4.88046,52.362982],[4.880348,52.362933],[4.880332,52.362925]]}},{"type":"Feature","properties":{"id":1439,"source":482,"target":1089,"cost":13.85,"reverse_cost":-1,"capacity":1200,"reverse_capacity":-1,"x1":4.884266,"y1":52.36493,"x2":4.884404,"y2":52.364839},"geometry":{"type":"LineString","coordinates":[[4.884266,52.36493],[4.884279,52.364922],[4.884306,52.364904],[4.884404,52.364839]]}},{"type":"Feature","properties":{"id":1440,"source":1089,"target":316,"cost":324.08,"reverse_cost":-1,"capacity":1200,"reverse_capacity":-1,"x1":4.884404,"y1":52.364839,"x2":4.887644,"y2":52.362699},"geometry":{"type":"LineString","coordinates":[[4.884404,52.364839],[4.885014,52.364412],[4.885711,52.363967],[4.887644,52.362699]]}},{"type":"Feature","properties":{"id":1441,"source":240,"target":253,"cost":33.08,"reverse_cost":-1,"capacity":1200,"reverse_capacity":-1,"x1":4.893971,"y1":52.372509,"x2":4.893838,"y2":52.372223},"geometry":{"type":"LineString","coordinates":[[4.893971,52.372509],[4.893929,52.372439],[4.893838,52.372223]]}},{"type":"Feature","properties":{"id":1442,"source":253,"target":143,"cost":81.12,"reverse_cost":-1,"capacity":1200,"reverse_capacity":-1,"x1":4.893838,"y1":52.372223,"x2":4.893604,"y2":52.371508},"geometry":{"type":"LineString","coordinates":[[4.893838,52.372223],[4.893722,52.37187],[4.893604,52.371508]]}},{"type":"Feature","properties":{"id":1443,"source":1315,"target":1141,"cost":7.53,"reverse_cost":7.53,"capacity":3000,"reverse_capacity":3000,"x1":4.874129,"y1":52.371732,"x2":4.874103,"y2":52.371797},"geometry":{"type":"LineString","coordinates":[[4.874129,52.371732],[4.874108,52.371785],[4.874103,52.371797]]}},{"type":"Feature","properties":{"id":1444,"source":1193,"target":944,"cost":201.05,"reverse_cost":201.05,"capacity":3000,"reverse_capacity":3000,"x1":4.876304,"y1":52.368371,"x2":4.874889,"y2":52.369916},"geometry":{"type":"LineString","coordinates":[[4.876304,52.368371],[4.876288,52.368381],[4.876246,52.368409],[4.876167,52.368454],[4.876123,52.368473],[4.876089,52.368491],[4.875888,52.368609],[4.875617,52.368827],[4.875379,52.369058],[4.875149,52.36933],[4.874889,52.369916]]}},{"type":"Feature","properties":{"id":1445,"source":944,"target":599,"cost":104.65,"reverse_cost":104.65,"capacity":3000,"reverse_capacity":3000,"x1":4.874889,"y1":52.369916,"x2":4.874503,"y2":52.370827},"geometry":{"type":"LineString","coordinates":[[4.874889,52.369916],[4.874503,52.370827]]}},{"type":"Feature","properties":{"id":1446,"source":599,"target":1315,"cost":103.72,"reverse_cost":103.72,"capacity":3000,"reverse_capacity":3000,"x1":4.874503,"y1":52.370827,"x2":4.874129,"y2":52.371732},"geometry":{"type":"LineString","coordinates":[[4.874503,52.370827],[4.874471,52.370904],[4.874182,52.371596],[4.874166,52.371639],[4.874129,52.371732]]}},{"type":"Feature","properties":{"id":1447,"source":711,"target":705,"cost":133.91,"reverse_cost":-1,"capacity":2000,"reverse_capacity":-1,"x1":4.893548,"y1":52.380902,"x2":4.891829,"y2":52.381492},"geometry":{"type":"LineString","coordinates":[[4.893548,52.380902],[4.893452,52.380934],[4.893378,52.380961],[4.892975,52.381114],[4.892866,52.381154],[4.89273,52.3812],[4.892588,52.381244],[4.892423,52.381292],[4.891829,52.381492]]}},{"type":"Feature","properties":{"id":1448,"source":689,"target":1316,"cost":31.99,"reverse_cost":-1,"capacity":1200,"reverse_capacity":-1,"x1":4.89391,"y1":52.379952,"x2":4.893569,"y2":52.380151},"geometry":{"type":"LineString","coordinates":[[4.89391,52.379952],[4.893569,52.380151]]}},{"type":"Feature","properties":{"id":1449,"source":1317,"target":1318,"cost":71.45,"reverse_cost":-1,"capacity":2000,"reverse_capacity":-1,"x1":4.895493,"y1":52.380268,"x2":4.896063,"y2":52.380808},"geometry":{"type":"LineString","coordinates":[[4.895493,52.380268],[4.896063,52.380808]]}},{"type":"Feature","properties":{"id":1450,"source":949,"target":315,"cost":57.03,"reverse_cost":-1,"capacity":1200,"reverse_capacity":-1,"x1":4.88313,"y1":52.366148,"x2":4.883851,"y2":52.366411},"geometry":{"type":"LineString","coordinates":[[4.88313,52.366148],[4.883851,52.366411]]}},{"type":"Feature","properties":{"id":1451,"source":302,"target":1312,"cost":40.07,"reverse_cost":-1,"capacity":1200,"reverse_capacity":-1,"x1":4.881543,"y1":52.363333,"x2":4.881711,"y2":52.363584},"geometry":{"type":"LineString","coordinates":[[4.881543,52.363333],[4.881797,52.363451],[4.881831,52.363473],[4.881826,52.363491],[4.881804,52.363508],[4.881787,52.363521],[4.881767,52.363537],[4.881711,52.363584]]}},{"type":"Feature","properties":{"id":1452,"source":1319,"target":1320,"cost":7.64,"reverse_cost":-1,"capacity":1200,"reverse_capacity":-1,"x1":4.880228,"y1":52.363003,"x2":4.880116,"y2":52.363011},"geometry":{"type":"LineString","coordinates":[[4.880228,52.363003],[4.880175,52.363007],[4.880116,52.363011]]}},{"type":"Feature","properties":{"id":1453,"source":319,"target":1320,"cost":16.7,"reverse_cost":-1,"capacity":600,"reverse_capacity":-1,"x1":4.880013,"y1":52.362877,"x2":4.880116,"y2":52.363011},"geometry":{"type":"LineString","coordinates":[[4.880013,52.362877],[4.880051,52.36291],[4.880075,52.36294],[4.880089,52.362956],[4.880101,52.362971],[4.880116,52.363011]]}},{"type":"Feature","properties":{"id":1454,"source":1321,"target":1322,"cost":14.51,"reverse_cost":-1,"capacity":1000,"reverse_capacity":-1,"x1":4.87744,"y1":52.378638,"x2":4.87763,"y2":52.37858},"geometry":{"type":"LineString","coordinates":[[4.87744,52.378638],[4.877457,52.37863],[4.877514,52.378613],[4.87763,52.37858]]}},{"type":"Feature","properties":{"id":1455,"source":565,"target":446,"cost":80.29,"reverse_cost":-1,"capacity":1200,"reverse_capacity":-1,"x1":4.889049,"y1":52.374575,"x2":4.888743,"y2":52.373878},"geometry":{"type":"LineString","coordinates":[[4.889049,52.374575],[4.889,52.374477],[4.888829,52.37413],[4.888743,52.373878]]}},{"type":"Feature","properties":{"id":1456,"source":320,"target":1323,"cost":60.65,"reverse_cost":-1,"capacity":3000,"reverse_capacity":-1,"x1":4.880665,"y1":52.362358,"x2":4.881248,"y2":52.361947},"geometry":{"type":"LineString","coordinates":[[4.880665,52.362358],[4.88098,52.362104],[4.881042,52.362064],[4.881248,52.361947]]}},{"type":"Feature","properties":{"id":1457,"source":1324,"target":61,"cost":172.75,"reverse_cost":-1,"capacity":1200,"reverse_capacity":-1,"x1":4.906371,"y1":52.371743,"x2":4.904267,"y2":52.370869},"geometry":{"type":"LineString","coordinates":[[4.906371,52.371743],[4.904267,52.370869]]}},{"type":"Feature","properties":{"id":1458,"source":1325,"target":1148,"cost":19.13,"reverse_cost":-1,"capacity":1000,"reverse_capacity":-1,"x1":4.874921,"y1":52.372039,"x2":4.874665,"y2":52.371968},"geometry":{"type":"LineString","coordinates":[[4.874921,52.372039],[4.874665,52.371968]]}},{"type":"Feature","properties":{"id":1459,"source":1042,"target":1265,"cost":14.51,"reverse_cost":-1,"capacity":3000,"reverse_capacity":-1,"x1":4.896798,"y1":52.381141,"x2":4.896951,"y2":52.38105},"geometry":{"type":"LineString","coordinates":[[4.896798,52.381141],[4.896951,52.38105]]}},{"type":"Feature","properties":{"id":1460,"source":1326,"target":1114,"cost":52.99,"reverse_cost":52.99,"capacity":1600,"reverse_capacity":1600,"x1":4.906541,"y1":52.376647,"x2":4.90579,"y2":52.376777},"geometry":{"type":"LineString","coordinates":[[4.906541,52.376647],[4.906273,52.376694],[4.905947,52.376749],[4.90579,52.376777]]}},{"type":"Feature","properties":{"id":1461,"source":1327,"target":1328,"cost":71.51,"reverse_cost":71.51,"capacity":1600,"reverse_capacity":1600,"x1":4.905307,"y1":52.37687,"x2":4.904305,"y2":52.377067},"geometry":{"type":"LineString","coordinates":[[4.905307,52.37687],[4.904868,52.376957],[4.904305,52.377067]]}},{"type":"Feature","properties":{"id":1462,"source":1328,"target":1329,"cost":7.63,"reverse_cost":7.63,"capacity":1600,"reverse_capacity":1600,"x1":4.904305,"y1":52.377067,"x2":4.904196,"y2":52.377084},"geometry":{"type":"LineString","coordinates":[[4.904305,52.377067],[4.904248,52.377076],[4.904196,52.377084]]}},{"type":"Feature","properties":{"id":1463,"source":819,"target":817,"cost":54.1,"reverse_cost":-1,"capacity":600,"reverse_capacity":-1,"x1":4.888105,"y1":52.380481,"x2":4.887691,"y2":52.380069},"geometry":{"type":"LineString","coordinates":[[4.888105,52.380481],[4.888067,52.380445],[4.887787,52.380127],[4.887691,52.380069]]}},{"type":"Feature","properties":{"id":1464,"source":1330,"target":1331,"cost":50.42,"reverse_cost":50.42,"capacity":1200,"reverse_capacity":1200,"x1":4.877149,"y1":52.374756,"x2":4.877426,"y2":52.375176},"geometry":{"type":"LineString","coordinates":[[4.877149,52.374756],[4.877192,52.374809],[4.877426,52.375176]]}},{"type":"Feature","properties":{"id":1465,"source":273,"target":1332,"cost":219.52,"reverse_cost":-1,"capacity":1200,"reverse_capacity":-1,"x1":4.899031,"y1":52.361942,"x2":4.902123,"y2":52.362519},"geometry":{"type":"LineString","coordinates":[[4.899031,52.361942],[4.899045,52.361945],[4.902123,52.362519]]}},{"type":"Feature","properties":{"id":1466,"source":1333,"target":273,"cost":17.86,"reverse_cost":-1,"capacity":800,"reverse_capacity":-1,"x1":4.898881,"y1":52.362068,"x2":4.899031,"y2":52.361942},"geometry":{"type":"LineString","coordinates":[[4.898881,52.362068],[4.898905,52.362018],[4.898944,52.361984],[4.899008,52.361952],[4.899031,52.361942]]}},{"type":"Feature","properties":{"id":1467,"source":1334,"target":1333,"cost":6.9,"reverse_cost":-1,"capacity":800,"reverse_capacity":-1,"x1":4.898859,"y1":52.362128,"x2":4.898881,"y2":52.362068},"geometry":{"type":"LineString","coordinates":[[4.898859,52.362128],[4.89887,52.362099],[4.898881,52.362068]]}},{"type":"Feature","properties":{"id":1468,"source":265,"target":1334,"cost":16.02,"reverse_cost":-1,"capacity":800,"reverse_capacity":-1,"x1":4.898906,"y1":52.362256,"x2":4.898859,"y2":52.362128},"geometry":{"type":"LineString","coordinates":[[4.898906,52.362256],[4.898891,52.362246],[4.898847,52.362215],[4.898836,52.362197],[4.898859,52.362128]]}},{"type":"Feature","properties":{"id":1469,"source":815,"target":806,"cost":107.11,"reverse_cost":-1,"capacity":1200,"reverse_capacity":-1,"x1":4.884299,"y1":52.380101,"x2":4.885833,"y2":52.380328},"geometry":{"type":"LineString","coordinates":[[4.884299,52.380101],[4.884723,52.380162],[4.885626,52.380296],[4.885833,52.380328]]}},{"type":"Feature","properties":{"id":1470,"source":806,"target":818,"cost":139.25,"reverse_cost":-1,"capacity":1200,"reverse_capacity":-1,"x1":4.885833,"y1":52.380328,"x2":4.887817,"y2":52.380639},"geometry":{"type":"LineString","coordinates":[[4.885833,52.380328],[4.886359,52.380407],[4.886669,52.380456],[4.887204,52.380529],[4.887232,52.380533],[4.887707,52.380605],[4.887817,52.380639]]}},{"type":"Feature","properties":{"id":1471,"source":785,"target":805,"cost":117.99,"reverse_cost":-1,"capacity":1200,"reverse_capacity":-1,"x1":4.884248,"y1":52.380231,"x2":4.882559,"y2":52.37998},"geometry":{"type":"LineString","coordinates":[[4.884248,52.380231],[4.88355,52.380126],[4.88278,52.380011],[4.882559,52.37998]]}},{"type":"Feature","properties":{"id":1472,"source":805,"target":833,"cost":136.92,"reverse_cost":-1,"capacity":1200,"reverse_capacity":-1,"x1":4.882559,"y1":52.37998,"x2":4.880598,"y2":52.379692},"geometry":{"type":"LineString","coordinates":[[4.882559,52.37998],[4.880908,52.379736],[4.880598,52.379692]]}},{"type":"Feature","properties":{"id":1473,"source":1011,"target":195,"cost":14.78,"reverse_cost":14.78,"capacity":1200,"reverse_capacity":1200,"x1":4.901178,"y1":52.374203,"x2":4.900985,"y2":52.374265},"geometry":{"type":"LineString","coordinates":[[4.901178,52.374203],[4.901148,52.374212],[4.900985,52.374265]]}},{"type":"Feature","properties":{"id":1474,"source":248,"target":1225,"cost":35.9,"reverse_cost":-1,"capacity":2000,"reverse_capacity":-1,"x1":4.889716,"y1":52.373273,"x2":4.889189,"y2":52.373298},"geometry":{"type":"LineString","coordinates":[[4.889716,52.373273],[4.889619,52.373281],[4.889339,52.373292],[4.889189,52.373298]]}},{"type":"Feature","properties":{"id":1475,"source":1225,"target":1136,"cost":11.72,"reverse_cost":-1,"capacity":2000,"reverse_capacity":-1,"x1":4.889189,"y1":52.373298,"x2":4.889017,"y2":52.373306},"geometry":{"type":"LineString","coordinates":[[4.889189,52.373298],[4.889017,52.373306]]}},{"type":"Feature","properties":{"id":1476,"source":941,"target":618,"cost":11.46,"reverse_cost":11.46,"capacity":1200,"reverse_capacity":1200,"x1":4.874132,"y1":52.366515,"x2":4.873978,"y2":52.366472},"geometry":{"type":"LineString","coordinates":[[4.874132,52.366515],[4.873978,52.366472]]}},{"type":"Feature","properties":{"id":1477,"source":1198,"target":328,"cost":76.72,"reverse_cost":-1,"capacity":600,"reverse_capacity":-1,"x1":4.876553,"y1":52.372445,"x2":4.876775,"y2":52.373122},"geometry":{"type":"LineString","coordinates":[[4.876553,52.372445],[4.876775,52.373122]]}},{"type":"Feature","properties":{"id":1478,"source":546,"target":548,"cost":41.08,"reverse_cost":-1,"capacity":600,"reverse_capacity":-1,"x1":4.881963,"y1":52.37698,"x2":4.882165,"y2":52.376632},"geometry":{"type":"LineString","coordinates":[[4.881963,52.37698],[4.882165,52.376632]]}},{"type":"Feature","properties":{"id":1479,"source":437,"target":460,"cost":68.84,"reverse_cost":-1,"capacity":1200,"reverse_capacity":-1,"x1":4.87916,"y1":52.371752,"x2":4.87955,"y2":52.37118},"geometry":{"type":"LineString","coordinates":[[4.87916,52.371752],[4.87955,52.37118]]}},{"type":"Feature","properties":{"id":1480,"source":360,"target":382,"cost":49.21,"reverse_cost":-1,"capacity":1200,"reverse_capacity":-1,"x1":4.880962,"y1":52.369125,"x2":4.880675,"y2":52.369532},"geometry":{"type":"LineString","coordinates":[[4.880962,52.369125],[4.880675,52.369532]]}},{"type":"Feature","properties":{"id":1481,"source":378,"target":1139,"cost":114.35,"reverse_cost":-1,"capacity":1200,"reverse_capacity":-1,"x1":4.888802,"y1":52.372186,"x2":4.889146,"y2":52.373192},"geometry":{"type":"LineString","coordinates":[[4.888802,52.372186],[4.889113,52.373109],[4.889122,52.373132],[4.889146,52.373192]]}},{"type":"Feature","properties":{"id":1482,"source":966,"target":376,"cost":156.69,"reverse_cost":-1,"capacity":1200,"reverse_capacity":-1,"x1":4.888114,"y1":52.368774,"x2":4.888396,"y2":52.370173},"geometry":{"type":"LineString","coordinates":[[4.888114,52.368774],[4.888146,52.368934],[4.888282,52.369611],[4.888375,52.37007],[4.888396,52.370173]]}},{"type":"Feature","properties":{"id":1483,"source":1262,"target":1335,"cost":7.79,"reverse_cost":-1,"capacity":1200,"reverse_capacity":-1,"x1":4.888169,"y1":52.362835,"x2":4.888111,"y2":52.362775},"geometry":{"type":"LineString","coordinates":[[4.888169,52.362835],[4.888134,52.3628],[4.888111,52.362775]]}},{"type":"Feature","properties":{"id":1484,"source":1335,"target":306,"cost":22.14,"reverse_cost":-1,"capacity":1200,"reverse_capacity":-1,"x1":4.888111,"y1":52.362775,"x2":4.887951,"y2":52.362601},"geometry":{"type":"LineString","coordinates":[[4.888111,52.362775],[4.888108,52.362771],[4.887951,52.362601]]}},{"type":"Feature","properties":{"id":1485,"source":59,"target":1028,"cost":11.75,"reverse_cost":-1,"capacity":1200,"reverse_capacity":-1,"x1":4.905549,"y1":52.372101,"x2":4.90569,"y2":52.372163},"geometry":{"type":"LineString","coordinates":[[4.905549,52.372101],[4.90569,52.372163]]}},{"type":"Feature","properties":{"id":1486,"source":56,"target":1336,"cost":4.68,"reverse_cost":4.68,"capacity":1200,"reverse_capacity":1200,"x1":4.904593,"y1":52.371659,"x2":4.90454,"y2":52.371632},"geometry":{"type":"LineString","coordinates":[[4.904593,52.371659],[4.90454,52.371632]]}},{"type":"Feature","properties":{"id":1487,"source":1337,"target":40,"cost":1.82,"reverse_cost":1.82,"capacity":1200,"reverse_capacity":1200,"x1":4.904407,"y1":52.371577,"x2":4.904387,"y2":52.371566},"geometry":{"type":"LineString","coordinates":[[4.904407,52.371577],[4.904387,52.371566]]}},{"type":"Feature","properties":{"id":1488,"source":1027,"target":54,"cost":5.04,"reverse_cost":5.04,"capacity":1200,"reverse_capacity":1200,"x1":4.902818,"y1":52.372448,"x2":4.902879,"y2":52.372423},"geometry":{"type":"LineString","coordinates":[[4.902818,52.372448],[4.902879,52.372423]]}},{"type":"Feature","properties":{"id":1489,"source":669,"target":1338,"cost":9.39,"reverse_cost":-1,"capacity":1600,"reverse_capacity":-1,"x1":4.890125,"y1":52.381983,"x2":4.890237,"y2":52.382033},"geometry":{"type":"LineString","coordinates":[[4.890125,52.381983],[4.890219,52.382022],[4.890237,52.382033]]}},{"type":"Feature","properties":{"id":1490,"source":1339,"target":1293,"cost":23.21,"reverse_cost":-1,"capacity":1000,"reverse_capacity":-1,"x1":4.875434,"y1":52.372039,"x2":4.875756,"y2":52.372109},"geometry":{"type":"LineString","coordinates":[[4.875434,52.372039],[4.875552,52.372063],[4.875602,52.372074],[4.875643,52.372083],[4.875669,52.372089],[4.875684,52.372092],[4.875697,52.372095],[4.875744,52.372106],[4.875756,52.372109]]}},{"type":"Feature","properties":{"id":1491,"source":542,"target":1151,"cost":9.52,"reverse_cost":-1,"capacity":1000,"reverse_capacity":-1,"x1":4.883347,"y1":52.374099,"x2":4.883212,"y2":52.374077},"geometry":{"type":"LineString","coordinates":[[4.883347,52.374099],[4.883302,52.37409],[4.883212,52.374077]]}},{"type":"Feature","properties":{"id":1492,"source":1147,"target":562,"cost":11.47,"reverse_cost":-1,"capacity":2000,"reverse_capacity":-1,"x1":4.884914,"y1":52.374052,"x2":4.884746,"y2":52.374063},"geometry":{"type":"LineString","coordinates":[[4.884914,52.374052],[4.884895,52.374052],[4.884746,52.374063]]}},{"type":"Feature","properties":{"id":1493,"source":1200,"target":912,"cost":20.41,"reverse_cost":-1,"capacity":1200,"reverse_capacity":-1,"x1":4.888182,"y1":52.380436,"x2":4.888405,"y2":52.380313},"geometry":{"type":"LineString","coordinates":[[4.888182,52.380436],[4.888405,52.380313]]}},{"type":"Feature","properties":{"id":1494,"source":1314,"target":326,"cost":7.26,"reverse_cost":-1,"capacity":1200,"reverse_capacity":-1,"x1":4.880332,"y1":52.362925,"x2":4.880266,"y2":52.362873},"geometry":{"type":"LineString","coordinates":[[4.880332,52.362925],[4.880305,52.362905],[4.880287,52.36289],[4.880266,52.362873]]}},{"type":"Feature","properties":{"id":1495,"source":462,"target":378,"cost":41.76,"reverse_cost":-1,"capacity":1200,"reverse_capacity":-1,"x1":4.889406,"y1":52.372258,"x2":4.888802,"y2":52.372186},"geometry":{"type":"LineString","coordinates":[[4.889406,52.372258],[4.888802,52.372186]]}},{"type":"Feature","properties":{"id":1496,"source":908,"target":22,"cost":11.36,"reverse_cost":-1,"capacity":3000,"reverse_capacity":-1,"x1":4.905579,"y1":52.365118,"x2":4.905604,"y2":52.365017},"geometry":{"type":"LineString","coordinates":[[4.905579,52.365118],[4.905604,52.365017]]}},{"type":"Feature","properties":{"id":1497,"source":1316,"target":676,"cost":44.6,"reverse_cost":-1,"capacity":1200,"reverse_capacity":-1,"x1":4.893569,"y1":52.380151,"x2":4.893194,"y2":52.379822},"geometry":{"type":"LineString","coordinates":[[4.893569,52.380151],[4.893194,52.379822]]}},{"type":"Feature","properties":{"id":1498,"source":595,"target":1339,"cost":42.9,"reverse_cost":-1,"capacity":1000,"reverse_capacity":-1,"x1":4.874844,"y1":52.3719,"x2":4.875434,"y2":52.372039},"geometry":{"type":"LineString","coordinates":[[4.874844,52.3719],[4.875365,52.372024],[4.875434,52.372039]]}},{"type":"Feature","properties":{"id":1499,"source":1133,"target":595,"cost":10.01,"reverse_cost":-1,"capacity":1000,"reverse_capacity":-1,"x1":4.874708,"y1":52.371865,"x2":4.874844,"y2":52.3719},"geometry":{"type":"LineString","coordinates":[[4.874708,52.371865],[4.874844,52.3719]]}},{"type":"Feature","properties":{"id":1500,"source":1258,"target":1160,"cost":8.55,"reverse_cost":-1,"capacity":2400,"reverse_capacity":-1,"x1":4.872648,"y1":52.374509,"x2":4.872771,"y2":52.374495},"geometry":{"type":"LineString","coordinates":[[4.872648,52.374509],[4.872665,52.374504],[4.872734,52.374494],[4.872771,52.374495]]}},{"type":"Feature","properties":{"id":1501,"source":1160,"target":1164,"cost":15.59,"reverse_cost":-1,"capacity":2400,"reverse_capacity":-1,"x1":4.872771,"y1":52.374495,"x2":4.872972,"y2":52.374553},"geometry":{"type":"LineString","coordinates":[[4.872771,52.374495],[4.87284,52.3745],[4.872889,52.374513],[4.872934,52.37453],[4.872972,52.374553]]}},{"type":"Feature","properties":{"id":1502,"source":1309,"target":1340,"cost":19.71,"reverse_cost":-1,"capacity":800,"reverse_capacity":-1,"x1":4.877845,"y1":52.368827,"x2":4.877572,"y2":52.368766},"geometry":{"type":"LineString","coordinates":[[4.877845,52.368827],[4.877784,52.368815],[4.877651,52.368786],[4.877572,52.368766]]}},{"type":"Feature","properties":{"id":1503,"source":1309,"target":1177,"cost":13.03,"reverse_cost":-1,"capacity":800,"reverse_capacity":-1,"x1":4.877845,"y1":52.368827,"x2":4.877934,"y2":52.368724},"geometry":{"type":"LineString","coordinates":[[4.877845,52.368827],[4.877858,52.368806],[4.877901,52.368763],[4.877919,52.368739],[4.877934,52.368724]]}},{"type":"Feature","properties":{"id":1504,"source":1341,"target":1342,"cost":211.75,"reverse_cost":-1,"capacity":1200,"reverse_capacity":-1,"x1":4.904504,"y1":52.370283,"x2":4.907067,"y2":52.371369},"geometry":{"type":"LineString","coordinates":[[4.904504,52.370283],[4.904937,52.370467],[4.906041,52.370934],[4.906968,52.371327],[4.907067,52.371369]]}},{"type":"Feature","properties":{"id":1505,"source":713,"target":1343,"cost":12.72,"reverse_cost":-1,"capacity":2000,"reverse_capacity":-1,"x1":4.894841,"y1":52.379717,"x2":4.894965,"y2":52.379803},"geometry":{"type":"LineString","coordinates":[[4.894841,52.379717],[4.894965,52.379803]]}},{"type":"Feature","properties":{"id":1506,"source":1344,"target":1345,"cost":60.58,"reverse_cost":-1,"capacity":2000,"reverse_capacity":-1,"x1":4.896138,"y1":52.381432,"x2":4.89601,"y2":52.380893},"geometry":{"type":"LineString","coordinates":[[4.896138,52.381432],[4.896119,52.381379],[4.896054,52.381119],[4.896035,52.381046],[4.896017,52.380933],[4.89601,52.380893]]}},{"type":"Feature","properties":{"id":1507,"source":1346,"target":724,"cost":32.56,"reverse_cost":-1,"capacity":2000,"reverse_capacity":-1,"x1":4.896218,"y1":52.381175,"x2":4.896287,"y2":52.381464},"geometry":{"type":"LineString","coordinates":[[4.896218,52.381175],[4.896226,52.381244],[4.896236,52.381306],[4.89625,52.381361],[4.896287,52.381464]]}},{"type":"Feature","properties":{"id":1508,"source":1346,"target":729,"cost":27.15,"reverse_cost":-1,"capacity":1000,"reverse_capacity":-1,"x1":4.896218,"y1":52.381175,"x2":4.89648,"y2":52.38133},"geometry":{"type":"LineString","coordinates":[[4.896218,52.381175],[4.896259,52.381241],[4.89629,52.381273],[4.896338,52.381309],[4.896397,52.381324],[4.89648,52.38133]]}},{"type":"Feature","properties":{"id":1509,"source":712,"target":1347,"cost":36.77,"reverse_cost":-1,"capacity":2000,"reverse_capacity":-1,"x1":4.895181,"y1":52.380112,"x2":4.894854,"y2":52.379849},"geometry":{"type":"LineString","coordinates":[[4.895181,52.380112],[4.894969,52.379948],[4.894939,52.379924],[4.894854,52.379849]]}},{"type":"Feature","properties":{"id":1510,"source":1348,"target":1349,"cost":70.23,"reverse_cost":-1,"capacity":1000,"reverse_capacity":-1,"x1":4.895972,"y1":52.380831,"x2":4.895426,"y2":52.380295},"geometry":{"type":"LineString","coordinates":[[4.895972,52.380831],[4.895426,52.380295]]}},{"type":"Feature","properties":{"id":1511,"source":714,"target":1350,"cost":10.54,"reverse_cost":-1,"capacity":2000,"reverse_capacity":-1,"x1":4.894795,"y1":52.379769,"x2":4.894775,"y2":52.379675},"geometry":{"type":"LineString","coordinates":[[4.894795,52.379769],[4.894785,52.379746],[4.894778,52.379722],[4.894775,52.379699],[4.894775,52.379675]]}},{"type":"Feature","properties":{"id":1512,"source":1276,"target":721,"cost":16.28,"reverse_cost":-1,"capacity":3000,"reverse_capacity":-1,"x1":4.896726,"y1":52.381333,"x2":4.896558,"y2":52.381437},"geometry":{"type":"LineString","coordinates":[[4.896726,52.381333],[4.896684,52.381358],[4.896642,52.381383],[4.896558,52.381437]]}},{"type":"Feature","properties":{"id":1513,"source":721,"target":1351,"cost":19.41,"reverse_cost":-1,"capacity":2000,"reverse_capacity":-1,"x1":4.896558,"y1":52.381437,"x2":4.896298,"y2":52.3815},"geometry":{"type":"LineString","coordinates":[[4.896558,52.381437],[4.896445,52.381482],[4.896361,52.381499],[4.896298,52.3815]]}},{"type":"Feature","properties":{"id":1514,"source":728,"target":723,"cost":58.25,"reverse_cost":-1,"capacity":4500,"reverse_capacity":-1,"x1":4.895714,"y1":52.381908,"x2":4.896242,"y2":52.381495},"geometry":{"type":"LineString","coordinates":[[4.895714,52.381908],[4.896069,52.381632],[4.896107,52.381603],[4.896242,52.381495]]}},{"type":"Feature","properties":{"id":1515,"source":1352,"target":938,"cost":277.63,"reverse_cost":277.63,"capacity":1200,"reverse_capacity":1200,"x1":4.89683,"y1":52.374424,"x2":4.899624,"y2":52.376227},"geometry":{"type":"LineString","coordinates":[[4.89683,52.374424],[4.897407,52.37483],[4.897887,52.375157],[4.897999,52.375234],[4.898339,52.375465],[4.89885,52.375826],[4.899088,52.376011],[4.89922,52.376086],[4.899437,52.376169],[4.899609,52.376221],[4.899624,52.376227]]}},{"type":"Feature","properties":{"id":1516,"source":1001,"target":180,"cost":111.85,"reverse_cost":-1,"capacity":1200,"reverse_capacity":-1,"x1":4.899206,"y1":52.374795,"x2":4.898277,"y2":52.373969},"geometry":{"type":"LineString","coordinates":[[4.899206,52.374795],[4.899072,52.374663],[4.898968,52.37456],[4.89894,52.374532],[4.89888,52.374473],[4.898849,52.374441],[4.898826,52.374407],[4.898766,52.374341],[4.89863,52.374217],[4.89856,52.37416],[4.898423,52.374062],[4.898349,52.374013],[4.898277,52.373969]]}},{"type":"Feature","properties":{"id":1517,"source":717,"target":1350,"cost":5.9,"reverse_cost":5.9,"capacity":2000,"reverse_capacity":2000,"x1":4.89471,"y1":52.37964,"x2":4.894775,"y2":52.379675},"geometry":{"type":"LineString","coordinates":[[4.89471,52.37964],[4.894775,52.379675]]}},{"type":"Feature","properties":{"id":1518,"source":709,"target":714,"cost":27.08,"reverse_cost":-1,"capacity":2000,"reverse_capacity":-1,"x1":4.894543,"y1":52.379932,"x2":4.894795,"y2":52.379769},"geometry":{"type":"LineString","coordinates":[[4.894543,52.379932],[4.894583,52.379853],[4.89464,52.379806],[4.894672,52.379795],[4.894716,52.379781],[4.894795,52.379769]]}},{"type":"Feature","properties":{"id":1519,"source":1343,"target":1353,"cost":52.9,"reverse_cost":-1,"capacity":2000,"reverse_capacity":-1,"x1":4.894965,"y1":52.379803,"x2":4.895416,"y2":52.38019},"geometry":{"type":"LineString","coordinates":[[4.894965,52.379803],[4.895053,52.379873],[4.895273,52.380046],[4.895416,52.38019]]}},{"type":"Feature","properties":{"id":1520,"source":709,"target":717,"cost":36.4,"reverse_cost":-1,"capacity":2000,"reverse_capacity":-1,"x1":4.894543,"y1":52.379932,"x2":4.89471,"y2":52.37964},"geometry":{"type":"LineString","coordinates":[[4.894543,52.379932],[4.894533,52.379872],[4.894532,52.379831],[4.894554,52.379769],[4.894584,52.379735],[4.894619,52.379695],[4.89471,52.37964]]}},{"type":"Feature","properties":{"id":1521,"source":688,"target":677,"cost":48.37,"reverse_cost":48.37,"capacity":1600,"reverse_capacity":1600,"x1":4.894611,"y1":52.37959,"x2":4.894192,"y2":52.379239},"geometry":{"type":"LineString","coordinates":[[4.894611,52.37959],[4.894556,52.379554],[4.894494,52.379503],[4.894241,52.379283],[4.894192,52.379239]]}},{"type":"Feature","properties":{"id":1522,"source":718,"target":1251,"cost":1.88,"reverse_cost":-1,"capacity":2000,"reverse_capacity":-1,"x1":4.894817,"y1":52.379579,"x2":4.894839,"y2":52.379569},"geometry":{"type":"LineString","coordinates":[[4.894817,52.379579],[4.894839,52.379569]]}},{"type":"Feature","properties":{"id":1523,"source":1350,"target":713,"cost":6.48,"reverse_cost":6.48,"capacity":2000,"reverse_capacity":2000,"x1":4.894775,"y1":52.379675,"x2":4.894841,"y2":52.379717},"geometry":{"type":"LineString","coordinates":[[4.894775,52.379675],[4.894841,52.379717]]}},{"type":"Feature","properties":{"id":1524,"source":714,"target":1354,"cost":10.25,"reverse_cost":-1,"capacity":2000,"reverse_capacity":-1,"x1":4.894795,"y1":52.379769,"x2":4.89475,"y2":52.379857},"geometry":{"type":"LineString","coordinates":[[4.894795,52.379769],[4.894765,52.379819],[4.89475,52.379857]]}},{"type":"Feature","properties":{"id":1525,"source":714,"target":1355,"cost":4.89,"reverse_cost":-1,"capacity":2000,"reverse_capacity":-1,"x1":4.894795,"y1":52.379769,"x2":4.894867,"y2":52.379768},"geometry":{"type":"LineString","coordinates":[[4.894795,52.379769],[4.894867,52.379768]]}},{"type":"Feature","properties":{"id":1526,"source":1355,"target":1343,"cost":7.73,"reverse_cost":-1,"capacity":2000,"reverse_capacity":-1,"x1":4.894867,"y1":52.379768,"x2":4.894965,"y2":52.379803},"geometry":{"type":"LineString","coordinates":[[4.894867,52.379768],[4.894912,52.379781],[4.894965,52.379803]]}},{"type":"Feature","properties":{"id":1527,"source":1350,"target":718,"cost":11.24,"reverse_cost":-1,"capacity":2000,"reverse_capacity":-1,"x1":4.894775,"y1":52.379675,"x2":4.894817,"y2":52.379579},"geometry":{"type":"LineString","coordinates":[[4.894775,52.379675],[4.894777,52.379649],[4.894783,52.379623],[4.894788,52.379613],[4.894817,52.379579]]}},{"type":"Feature","properties":{"id":1528,"source":1354,"target":706,"cost":33.82,"reverse_cost":-1,"capacity":2000,"reverse_capacity":-1,"x1":4.89475,"y1":52.379857,"x2":4.894718,"y2":52.38016},"geometry":{"type":"LineString","coordinates":[[4.89475,52.379857],[4.894733,52.379936],[4.894718,52.38016]]}},{"type":"Feature","properties":{"id":1529,"source":1347,"target":714,"cost":9.8,"reverse_cost":-1,"capacity":2000,"reverse_capacity":-1,"x1":4.894854,"y1":52.379849,"x2":4.894795,"y2":52.379769},"geometry":{"type":"LineString","coordinates":[[4.894854,52.379849],[4.894831,52.379823],[4.894811,52.379796],[4.894795,52.379769]]}},{"type":"Feature","properties":{"id":1530,"source":724,"target":729,"cost":19.87,"reverse_cost":-1,"capacity":4500,"reverse_capacity":-1,"x1":4.896287,"y1":52.381464,"x2":4.89648,"y2":52.38133},"geometry":{"type":"LineString","coordinates":[[4.896287,52.381464],[4.896341,52.381426],[4.89648,52.38133]]}},{"type":"Feature","properties":{"id":1531,"source":68,"target":88,"cost":6.11,"reverse_cost":-1,"capacity":1200,"reverse_capacity":-1,"x1":4.905629,"y1":52.365395,"x2":4.905544,"y2":52.365378},"geometry":{"type":"LineString","coordinates":[[4.905629,52.365395],[4.905544,52.365378]]}},{"type":"Feature","properties":{"id":1532,"source":1104,"target":92,"cost":13.18,"reverse_cost":13.18,"capacity":1200,"reverse_capacity":1200,"x1":4.905222,"y1":52.365321,"x2":4.905407,"y2":52.365356},"geometry":{"type":"LineString","coordinates":[[4.905222,52.365321],[4.905355,52.365348],[4.905407,52.365356]]}},{"type":"Feature","properties":{"id":1533,"source":117,"target":164,"cost":61.32,"reverse_cost":-1,"capacity":1200,"reverse_capacity":-1,"x1":4.89752,"y1":52.368242,"x2":4.897096,"y2":52.367757},"geometry":{"type":"LineString","coordinates":[[4.89752,52.368242],[4.897153,52.367799],[4.897096,52.367757]]}},{"type":"Feature","properties":{"id":1534,"source":106,"target":1356,"cost":92.1,"reverse_cost":-1,"capacity":1200,"reverse_capacity":-1,"x1":4.897406,"y1":52.369925,"x2":4.896716,"y2":52.369212},"geometry":{"type":"LineString","coordinates":[[4.897406,52.369925],[4.897208,52.369718],[4.89684,52.369339],[4.896716,52.369212]]}},{"type":"Feature","properties":{"id":1535,"source":1356,"target":1220,"cost":89.91,"reverse_cost":-1,"capacity":1200,"reverse_capacity":-1,"x1":4.896716,"y1":52.369212,"x2":4.896042,"y2":52.368516},"geometry":{"type":"LineString","coordinates":[[4.896716,52.369212],[4.896101,52.368587],[4.896042,52.368516]]}},{"type":"Feature","properties":{"id":1536,"source":1261,"target":162,"cost":108.86,"reverse_cost":-1,"capacity":2000,"reverse_capacity":-1,"x1":4.897365,"y1":52.367037,"x2":4.895766,"y2":52.367002},"geometry":{"type":"LineString","coordinates":[[4.897365,52.367037],[4.89705,52.367058],[4.89687,52.367048],[4.896674,52.36704],[4.895766,52.367002]]}},{"type":"Feature","properties":{"id":1537,"source":162,"target":212,"cost":111.4,"reverse_cost":-1,"capacity":2000,"reverse_capacity":-1,"x1":4.895766,"y1":52.367002,"x2":4.894133,"y2":52.367082},"geometry":{"type":"LineString","coordinates":[[4.895766,52.367002],[4.895586,52.367004],[4.89523,52.367011],[4.895079,52.367015],[4.895039,52.367015],[4.895004,52.367017],[4.894575,52.367042],[4.894133,52.367082]]}},{"type":"Feature","properties":{"id":1538,"source":202,"target":1283,"cost":113.42,"reverse_cost":-1,"capacity":1200,"reverse_capacity":-1,"x1":4.895903,"y1":52.365719,"x2":4.897538,"y2":52.365924},"geometry":{"type":"LineString","coordinates":[[4.895903,52.365719],[4.89599,52.365719],[4.897453,52.365913],[4.897519,52.36592],[4.897538,52.365924]]}},{"type":"Feature","properties":{"id":1539,"source":357,"target":355,"cost":165.78,"reverse_cost":-1,"capacity":1200,"reverse_capacity":-1,"x1":4.887015,"y1":52.36877,"x2":4.887115,"y2":52.37026},"geometry":{"type":"LineString","coordinates":[[4.887015,52.36877],[4.887115,52.37026]]}},{"type":"Feature","properties":{"id":1540,"source":386,"target":456,"cost":222.17,"reverse_cost":-1,"capacity":1200,"reverse_capacity":-1,"x1":4.88497,"y1":52.370348,"x2":4.885172,"y2":52.372342},"geometry":{"type":"LineString","coordinates":[[4.88497,52.370348],[4.885172,52.372342]]}},{"type":"Feature","properties":{"id":1541,"source":456,"target":412,"cost":182.44,"reverse_cost":-1,"capacity":1200,"reverse_capacity":-1,"x1":4.885172,"y1":52.372342,"x2":4.885328,"y2":52.37398},"geometry":{"type":"LineString","coordinates":[[4.885172,52.372342],[4.885311,52.373814],[4.885312,52.373839],[4.885319,52.373906],[4.885326,52.373967],[4.885328,52.37398]]}},{"type":"Feature","properties":{"id":1542,"source":440,"target":540,"cost":168.1,"reverse_cost":-1,"capacity":1200,"reverse_capacity":-1,"x1":4.883179,"y1":52.372406,"x2":4.883327,"y2":52.373916},"geometry":{"type":"LineString","coordinates":[[4.883179,52.372406],[4.883327,52.373916]]}},{"type":"Feature","properties":{"id":1543,"source":980,"target":432,"cost":5.47,"reverse_cost":-1,"capacity":1200,"reverse_capacity":-1,"x1":4.885667,"y1":52.37543,"x2":4.885636,"y2":52.375384},"geometry":{"type":"LineString","coordinates":[[4.885667,52.37543],[4.885636,52.375384]]}},{"type":"Feature","properties":{"id":1544,"source":545,"target":679,"cost":262.68,"reverse_cost":-1,"capacity":1200,"reverse_capacity":-1,"x1":4.888163,"y1":52.37742,"x2":4.890058,"y2":52.37948},"geometry":{"type":"LineString","coordinates":[[4.888163,52.37742],[4.890058,52.37948]]}},{"type":"Feature","properties":{"id":1545,"source":227,"target":224,"cost":66.04,"reverse_cost":-1,"capacity":1200,"reverse_capacity":-1,"x1":4.892758,"y1":52.37901,"x2":4.893672,"y2":52.378808},"geometry":{"type":"LineString","coordinates":[[4.892758,52.37901],[4.893647,52.378817],[4.893672,52.378808]]}},{"type":"Feature","properties":{"id":1546,"source":696,"target":678,"cost":85.65,"reverse_cost":-1,"capacity":1200,"reverse_capacity":-1,"x1":4.893834,"y1":52.378947,"x2":4.892664,"y2":52.379231},"geometry":{"type":"LineString","coordinates":[[4.893834,52.378947],[4.893623,52.379016],[4.893542,52.379038],[4.892664,52.379231]]}},{"type":"Feature","properties":{"id":1547,"source":678,"target":699,"cost":23.53,"reverse_cost":-1,"capacity":1200,"reverse_capacity":-1,"x1":4.892664,"y1":52.379231,"x2":4.892336,"y2":52.379301},"geometry":{"type":"LineString","coordinates":[[4.892664,52.379231],[4.892336,52.379301]]}},{"type":"Feature","properties":{"id":1548,"source":1209,"target":701,"cost":125.26,"reverse_cost":-1,"capacity":800,"reverse_capacity":-1,"x1":4.89643,"y1":52.379695,"x2":4.897946,"y2":52.379055},"geometry":{"type":"LineString","coordinates":[[4.89643,52.379695],[4.896523,52.379652],[4.897111,52.379372],[4.897301,52.379296],[4.897865,52.379088],[4.897946,52.379055]]}},{"type":"Feature","properties":{"id":1549,"source":1357,"target":1332,"cost":2.97,"reverse_cost":2.97,"capacity":1200,"reverse_capacity":1200,"x1":4.902152,"y1":52.362499,"x2":4.902123,"y2":52.362519},"geometry":{"type":"LineString","coordinates":[[4.902152,52.362499],[4.902123,52.362519]]}},{"type":"Feature","properties":{"id":1550,"source":1332,"target":885,"cost":7.75,"reverse_cost":7.75,"capacity":1200,"reverse_capacity":1200,"x1":4.902123,"y1":52.362519,"x2":4.902078,"y2":52.362583},"geometry":{"type":"LineString","coordinates":[[4.902123,52.362519],[4.902078,52.362583]]}},{"type":"Feature","properties":{"id":1551,"source":1358,"target":266,"cost":47.55,"reverse_cost":47.55,"capacity":1200,"reverse_capacity":1200,"x1":4.902563,"y1":52.361675,"x2":4.902359,"y2":52.362084},"geometry":{"type":"LineString","coordinates":[[4.902563,52.361675],[4.902359,52.362084]]}},{"type":"Feature","properties":{"id":1552,"source":266,"target":1357,"cost":48.23,"reverse_cost":48.23,"capacity":1200,"reverse_capacity":1200,"x1":4.902359,"y1":52.362084,"x2":4.902152,"y2":52.362499},"geometry":{"type":"LineString","coordinates":[[4.902359,52.362084],[4.902152,52.362499]]}},{"type":"Feature","properties":{"id":1553,"source":264,"target":283,"cost":72.56,"reverse_cost":72.56,"capacity":1200,"reverse_capacity":1200,"x1":4.901985,"y1":52.362828,"x2":4.901681,"y2":52.363453},"geometry":{"type":"LineString","coordinates":[[4.901985,52.362828],[4.901681,52.363453]]}},{"type":"Feature","properties":{"id":1554,"source":283,"target":277,"cost":84.2,"reverse_cost":84.2,"capacity":1200,"reverse_capacity":1200,"x1":4.901681,"y1":52.363453,"x2":4.901309,"y2":52.364176},"geometry":{"type":"LineString","coordinates":[[4.901681,52.363453],[4.901522,52.363751],[4.901309,52.364176]]}},{"type":"Feature","properties":{"id":1555,"source":1359,"target":1290,"cost":15.71,"reverse_cost":-1,"capacity":800,"reverse_capacity":-1,"x1":4.897755,"y1":52.365289,"x2":4.897702,"y2":52.365153},"geometry":{"type":"LineString","coordinates":[[4.897755,52.365289],[4.89774,52.365247],[4.897705,52.365189],[4.897702,52.365153]]}},{"type":"Feature","properties":{"id":1556,"source":282,"target":277,"cost":4.09,"reverse_cost":-1,"capacity":1200,"reverse_capacity":-1,"x1":4.901248,"y1":52.364175,"x2":4.901309,"y2":52.364176},"geometry":{"type":"LineString","coordinates":[[4.901248,52.364175],[4.901309,52.364176]]}},{"type":"Feature","properties":{"id":1557,"source":308,"target":1303,"cost":7.39,"reverse_cost":-1,"capacity":1600,"reverse_capacity":-1,"x1":4.883617,"y1":52.3626,"x2":4.88368,"y2":52.362546},"geometry":{"type":"LineString","coordinates":[[4.883617,52.3626],[4.883645,52.362574],[4.88368,52.362546]]}},{"type":"Feature","properties":{"id":1558,"source":1360,"target":1325,"cost":68.62,"reverse_cost":-1,"capacity":1000,"reverse_capacity":-1,"x1":4.875853,"y1":52.372277,"x2":4.874921,"y2":52.372039},"geometry":{"type":"LineString","coordinates":[[4.875853,52.372277],[4.875847,52.372276],[4.875828,52.37227],[4.87582,52.372267],[4.875787,52.372257],[4.875719,52.372237],[4.875711,52.372234],[4.875697,52.37223],[4.875569,52.372196],[4.875422,52.372158],[4.874921,52.372039]]}},{"type":"Feature","properties":{"id":1559,"source":1293,"target":1361,"cost":20.31,"reverse_cost":-1,"capacity":1000,"reverse_capacity":-1,"x1":4.875756,"y1":52.372109,"x2":4.876039,"y2":52.372169},"geometry":{"type":"LineString","coordinates":[[4.875756,52.372109],[4.875827,52.372123],[4.875852,52.372128],[4.875872,52.372134],[4.875919,52.372144],[4.875958,52.372152],[4.876039,52.372169]]}},{"type":"Feature","properties":{"id":1560,"source":1293,"target":1360,"cost":19.94,"reverse_cost":19.94,"capacity":800,"reverse_capacity":800,"x1":4.875756,"y1":52.372109,"x2":4.875853,"y2":52.372277},"geometry":{"type":"LineString","coordinates":[[4.875756,52.372109],[4.875786,52.372173],[4.875798,52.37219],[4.87581,52.372208],[4.875827,52.37223],[4.875847,52.372264],[4.875853,52.372277]]}},{"type":"Feature","properties":{"id":1561,"source":1294,"target":1295,"cost":20.35,"reverse_cost":-1,"capacity":800,"reverse_capacity":-1,"x1":4.875791,"y1":52.371877,"x2":4.875919,"y2":52.371712},"geometry":{"type":"LineString","coordinates":[[4.875791,52.371877],[4.87581,52.371848],[4.875851,52.3718],[4.875919,52.371712]]}},{"type":"Feature","properties":{"id":1562,"source":1064,"target":1360,"cost":17.08,"reverse_cost":-1,"capacity":2000,"reverse_capacity":-1,"x1":4.876081,"y1":52.372341,"x2":4.875853,"y2":52.372277},"geometry":{"type":"LineString","coordinates":[[4.876081,52.372341],[4.875955,52.372309],[4.875877,52.372285],[4.875853,52.372277]]}},{"type":"Feature","properties":{"id":1563,"source":1362,"target":779,"cost":306.62,"reverse_cost":-1,"capacity":1200,"reverse_capacity":-1,"x1":4.883199,"y1":52.383675,"x2":4.886512,"y2":52.3818},"geometry":{"type":"LineString","coordinates":[[4.883199,52.383675],[4.884094,52.383165],[4.885016,52.382643],[4.885637,52.382292],[4.886512,52.3818]]}},{"type":"Feature","properties":{"id":1564,"source":1363,"target":791,"cost":292.82,"reverse_cost":292.82,"capacity":1600,"reverse_capacity":1600,"x1":4.879129,"y1":52.378447,"x2":4.88068,"y2":52.380904},"geometry":{"type":"LineString","coordinates":[[4.879129,52.378447],[4.87918,52.378526],[4.879342,52.378797],[4.879367,52.378835],[4.879467,52.378991],[4.88068,52.380904]]}},{"type":"Feature","properties":{"id":1565,"source":791,"target":739,"cost":22.95,"reverse_cost":22.95,"capacity":1600,"reverse_capacity":1600,"x1":4.88068,"y1":52.380904,"x2":4.880802,"y2":52.381097},"geometry":{"type":"LineString","coordinates":[[4.88068,52.380904],[4.880802,52.381097]]}},{"type":"Feature","properties":{"id":1566,"source":739,"target":753,"cost":107.35,"reverse_cost":107.35,"capacity":1600,"reverse_capacity":1600,"x1":4.880802,"y1":52.381097,"x2":4.881372,"y2":52.381997},"geometry":{"type":"LineString","coordinates":[[4.880802,52.381097],[4.880862,52.381192],[4.880927,52.381295],[4.881204,52.381736],[4.881372,52.381997]]}},{"type":"Feature","properties":{"id":1567,"source":753,"target":1364,"cost":127.43,"reverse_cost":127.43,"capacity":1600,"reverse_capacity":1600,"x1":4.881372,"y1":52.381997,"x2":4.882046,"y2":52.383067},"geometry":{"type":"LineString","coordinates":[[4.881372,52.381997],[4.882046,52.383067]]}},{"type":"Feature","properties":{"id":1568,"source":1365,"target":1211,"cost":9.5,"reverse_cost":9.5,"capacity":1600,"reverse_capacity":1600,"x1":4.878627,"y1":52.377738,"x2":4.878677,"y2":52.377817},"geometry":{"type":"LineString","coordinates":[[4.878627,52.377738],[4.878677,52.377817]]}},{"type":"Feature","properties":{"id":1569,"source":1211,"target":1363,"cost":76.49,"reverse_cost":76.49,"capacity":1600,"reverse_capacity":1600,"x1":4.878677,"y1":52.377817,"x2":4.879129,"y2":52.378447},"geometry":{"type":"LineString","coordinates":[[4.878677,52.377817],[4.878845,52.378076],[4.878885,52.378136],[4.878916,52.378175],[4.878919,52.378179],[4.879101,52.378407],[4.879107,52.378416],[4.879129,52.378447]]}},{"type":"Feature","properties":{"id":1570,"source":1366,"target":858,"cost":34.68,"reverse_cost":-1,"capacity":1600,"reverse_capacity":-1,"x1":4.878313,"y1":52.37724,"x2":4.878499,"y2":52.37753},"geometry":{"type":"LineString","coordinates":[[4.878313,52.37724],[4.878437,52.377434],[4.878457,52.377466],[4.878499,52.37753]]}},{"type":"Feature","properties":{"id":1571,"source":1365,"target":858,"cost":24.67,"reverse_cost":24.67,"capacity":1600,"reverse_capacity":1600,"x1":4.878627,"y1":52.377738,"x2":4.878499,"y2":52.37753},"geometry":{"type":"LineString","coordinates":[[4.878627,52.377738],[4.878499,52.37753]]}},{"type":"Feature","properties":{"id":1572,"source":593,"target":420,"cost":73.75,"reverse_cost":-1,"capacity":1200,"reverse_capacity":-1,"x1":4.87673,"y1":52.374747,"x2":4.87713,"y2":52.375363},"geometry":{"type":"LineString","coordinates":[[4.87673,52.374747],[4.876848,52.374916],[4.87713,52.375363]]}},{"type":"Feature","properties":{"id":1573,"source":420,"target":859,"cost":121.49,"reverse_cost":-1,"capacity":1200,"reverse_capacity":-1,"x1":4.87713,"y1":52.375363,"x2":4.877773,"y2":52.376383},"geometry":{"type":"LineString","coordinates":[[4.87713,52.375363],[4.877773,52.376383]]}},{"type":"Feature","properties":{"id":1574,"source":859,"target":1367,"cost":76.6,"reverse_cost":-1,"capacity":1200,"reverse_capacity":-1,"x1":4.877773,"y1":52.376383,"x2":4.878178,"y2":52.377026},"geometry":{"type":"LineString","coordinates":[[4.877773,52.376383],[4.878178,52.377026]]}},{"type":"Feature","properties":{"id":1575,"source":1360,"target":1368,"cost":139.69,"reverse_cost":-1,"capacity":1200,"reverse_capacity":-1,"x1":4.875853,"y1":52.372277,"x2":4.876145,"y2":52.373518},"geometry":{"type":"LineString","coordinates":[[4.875853,52.372277],[4.875853,52.372287],[4.875845,52.37235],[4.875842,52.372373],[4.875846,52.372406],[4.875863,52.372462],[4.875891,52.372543],[4.87593,52.37265],[4.875974,52.372815],[4.876068,52.373206],[4.876108,52.373368],[4.876145,52.373518]]}},{"type":"Feature","properties":{"id":1576,"source":1216,"target":1309,"cost":7.69,"reverse_cost":-1,"capacity":600,"reverse_capacity":-1,"x1":4.877948,"y1":52.368855,"x2":4.877845,"y2":52.368827},"geometry":{"type":"LineString","coordinates":[[4.877948,52.368855],[4.877886,52.368839],[4.877845,52.368827]]}},{"type":"Feature","properties":{"id":1577,"source":1122,"target":610,"cost":7.43,"reverse_cost":-1,"capacity":800,"reverse_capacity":-1,"x1":4.87628,"y1":52.37397,"x2":4.87638,"y2":52.373998},"geometry":{"type":"LineString","coordinates":[[4.87628,52.37397],[4.876305,52.373976],[4.87638,52.373998]]}},{"type":"Feature","properties":{"id":1578,"source":610,"target":639,"cost":6.28,"reverse_cost":-1,"capacity":800,"reverse_capacity":-1,"x1":4.87638,"y1":52.373998,"x2":4.876296,"y2":52.374021},"geometry":{"type":"LineString","coordinates":[[4.87638,52.373998],[4.876316,52.374016],[4.876296,52.374021]]}},{"type":"Feature","properties":{"id":1579,"source":483,"target":1369,"cost":10.48,"reverse_cost":-1,"capacity":1600,"reverse_capacity":-1,"x1":4.880295,"y1":52.365113,"x2":4.880234,"y2":52.365199},"geometry":{"type":"LineString","coordinates":[[4.880295,52.365113],[4.880234,52.365199]]}},{"type":"Feature","properties":{"id":1580,"source":1370,"target":1363,"cost":39.62,"reverse_cost":39.62,"capacity":1600,"reverse_capacity":1600,"x1":4.878592,"y1":52.378401,"x2":4.879129,"y2":52.378447},"geometry":{"type":"LineString","coordinates":[[4.878592,52.378401],[4.878682,52.378379],[4.878719,52.378373],[4.878757,52.378369],[4.87879,52.378366],[4.878855,52.378366],[4.87888,52.378367],[4.87893,52.378374],[4.878974,52.378384],[4.879017,52.378395],[4.879042,52.378403],[4.879081,52.378417],[4.879087,52.378421],[4.879108,52.378433],[4.879129,52.378447]]}},{"type":"Feature","properties":{"id":1581,"source":1371,"target":1372,"cost":4.56,"reverse_cost":-1,"capacity":1600,"reverse_capacity":-1,"x1":4.878292,"y1":52.378471,"x2":4.878355,"y2":52.378456},"geometry":{"type":"LineString","coordinates":[[4.878292,52.378471],[4.878355,52.378456]]}},{"type":"Feature","properties":{"id":1582,"source":1369,"target":1373,"cost":11.62,"reverse_cost":-1,"capacity":1600,"reverse_capacity":-1,"x1":4.880234,"y1":52.365199,"x2":4.880172,"y2":52.365296},"geometry":{"type":"LineString","coordinates":[[4.880234,52.365199],[4.880172,52.365296]]}},{"type":"Feature","properties":{"id":1583,"source":1374,"target":1375,"cost":80.09,"reverse_cost":-1,"capacity":1200,"reverse_capacity":-1,"x1":4.879935,"y1":52.365824,"x2":4.879664,"y2":52.366524},"geometry":{"type":"LineString","coordinates":[[4.879935,52.365824],[4.879918,52.365873],[4.879903,52.365927],[4.879837,52.366152],[4.87982,52.366205],[4.8798,52.366255],[4.879781,52.366299],[4.87972,52.366427],[4.879664,52.366524]]}},{"type":"Feature","properties":{"id":1584,"source":1375,"target":501,"cost":18.75,"reverse_cost":-1,"capacity":1200,"reverse_capacity":-1,"x1":4.879664,"y1":52.366524,"x2":4.879565,"y2":52.366681},"geometry":{"type":"LineString","coordinates":[[4.879664,52.366524],[4.879565,52.366681]]}},{"type":"Feature","properties":{"id":1585,"source":1373,"target":514,"cost":8.36,"reverse_cost":-1,"capacity":1600,"reverse_capacity":-1,"x1":4.880172,"y1":52.365296,"x2":4.880132,"y2":52.365368},"geometry":{"type":"LineString","coordinates":[[4.880172,52.365296],[4.880152,52.36533],[4.880132,52.365368]]}},{"type":"Feature","properties":{"id":1586,"source":1351,"target":722,"cost":12.9,"reverse_cost":-1,"capacity":2000,"reverse_capacity":-1,"x1":4.896298,"y1":52.3815,"x2":4.896299,"y2":52.381616},"geometry":{"type":"LineString","coordinates":[[4.896298,52.3815],[4.896304,52.381549],[4.896299,52.381616]]}},{"type":"Feature","properties":{"id":1587,"source":1351,"target":723,"cost":3.82,"reverse_cost":-1,"capacity":2000,"reverse_capacity":-1,"x1":4.896298,"y1":52.3815,"x2":4.896242,"y2":52.381495},"geometry":{"type":"LineString","coordinates":[[4.896298,52.3815],[4.896242,52.381495]]}},{"type":"Feature","properties":{"id":1588,"source":722,"target":725,"cost":4.59,"reverse_cost":-1,"capacity":3000,"reverse_capacity":-1,"x1":4.896299,"y1":52.381616,"x2":4.896256,"y2":52.381648},"geometry":{"type":"LineString","coordinates":[[4.896299,52.381616],[4.896256,52.381648]]}},{"type":"Feature","properties":{"id":1589,"source":724,"target":1351,"cost":4.07,"reverse_cost":-1,"capacity":2000,"reverse_capacity":-1,"x1":4.896287,"y1":52.381464,"x2":4.896298,"y2":52.3815},"geometry":{"type":"LineString","coordinates":[[4.896287,52.381464],[4.896296,52.381487],[4.896298,52.3815]]}},{"type":"Feature","properties":{"id":1590,"source":91,"target":92,"cost":123.95,"reverse_cost":-1,"capacity":1500,"reverse_capacity":-1,"x1":4.90478,"y1":52.366403,"x2":4.905407,"y2":52.365356},"geometry":{"type":"LineString","coordinates":[[4.90478,52.366403],[4.90537,52.365419],[4.905407,52.365356]]}},{"type":"Feature","properties":{"id":1591,"source":92,"target":907,"cost":12.59,"reverse_cost":-1,"capacity":1500,"reverse_capacity":-1,"x1":4.905407,"y1":52.365356,"x2":4.905496,"y2":52.365256},"geometry":{"type":"LineString","coordinates":[[4.905407,52.365356],[4.905496,52.365256]]}},{"type":"Feature","properties":{"id":1592,"source":89,"target":1376,"cost":10.29,"reverse_cost":-1,"capacity":3000,"reverse_capacity":-1,"x1":4.904878,"y1":52.366422,"x2":4.904831,"y2":52.36651},"geometry":{"type":"LineString","coordinates":[[4.904878,52.366422],[4.904831,52.36651]]}},{"type":"Feature","properties":{"id":1593,"source":1039,"target":1097,"cost":5.9,"reverse_cost":-1,"capacity":1200,"reverse_capacity":-1,"x1":4.901892,"y1":52.36601,"x2":4.901866,"y2":52.36606},"geometry":{"type":"LineString","coordinates":[[4.901892,52.36601],[4.901866,52.36606]]}},{"type":"Feature","properties":{"id":1594,"source":200,"target":1037,"cost":5.36,"reverse_cost":-1,"capacity":1200,"reverse_capacity":-1,"x1":4.901994,"y1":52.365809,"x2":4.901969,"y2":52.365855},"geometry":{"type":"LineString","coordinates":[[4.901994,52.365809],[4.901969,52.365855]]}},{"type":"Feature","properties":{"id":1595,"source":506,"target":1375,"cost":1.7,"reverse_cost":-1,"capacity":1200,"reverse_capacity":-1,"x1":4.879641,"y1":52.366518,"x2":4.879664,"y2":52.366524},"geometry":{"type":"LineString","coordinates":[[4.879641,52.366518],[4.879664,52.366524]]}},{"type":"Feature","properties":{"id":1596,"source":1375,"target":486,"cost":29.91,"reverse_cost":-1,"capacity":1200,"reverse_capacity":-1,"x1":4.879664,"y1":52.366524,"x2":4.880071,"y2":52.366627},"geometry":{"type":"LineString","coordinates":[[4.879664,52.366524],[4.87969,52.366529],[4.879733,52.36654],[4.879907,52.366583],[4.880071,52.366627]]}},{"type":"Feature","properties":{"id":1597,"source":206,"target":1359,"cost":1.24,"reverse_cost":-1,"capacity":1200,"reverse_capacity":-1,"x1":4.897772,"y1":52.365293,"x2":4.897755,"y2":52.365289},"geometry":{"type":"LineString","coordinates":[[4.897772,52.365293],[4.897755,52.365289]]}},{"type":"Feature","properties":{"id":1598,"source":1359,"target":207,"cost":123.29,"reverse_cost":-1,"capacity":1200,"reverse_capacity":-1,"x1":4.897755,"y1":52.365289,"x2":4.896023,"y2":52.364956},"geometry":{"type":"LineString","coordinates":[[4.897755,52.365289],[4.897739,52.365286],[4.897716,52.365282],[4.89768,52.365275],[4.896023,52.364956]]}},{"type":"Feature","properties":{"id":1599,"source":1377,"target":1378,"cost":2.03,"reverse_cost":-1,"capacity":1200,"reverse_capacity":-1,"x1":4.889087,"y1":52.36863,"x2":4.889116,"y2":52.368632},"geometry":{"type":"LineString","coordinates":[[4.889087,52.36863],[4.889116,52.368632]]}},{"type":"Feature","properties":{"id":1600,"source":434,"target":460,"cost":167.05,"reverse_cost":-1,"capacity":1200,"reverse_capacity":-1,"x1":4.877289,"y1":52.370587,"x2":4.87955,"y2":52.37118},"geometry":{"type":"LineString","coordinates":[[4.877289,52.370587],[4.87955,52.37118]]}},{"type":"Feature","properties":{"id":1601,"source":1379,"target":1380,"cost":82.77,"reverse_cost":-1,"capacity":1200,"reverse_capacity":-1,"x1":4.903885,"y1":52.377202,"x2":4.904515,"y2":52.377838},"geometry":{"type":"LineString","coordinates":[[4.903885,52.377202],[4.903969,52.377263],[4.904515,52.377838]]}},{"type":"Feature","properties":{"id":1602,"source":723,"target":1344,"cost":10.14,"reverse_cost":-1,"capacity":2000,"reverse_capacity":-1,"x1":4.896242,"y1":52.381495,"x2":4.896138,"y2":52.381432},"geometry":{"type":"LineString","coordinates":[[4.896242,52.381495],[4.896183,52.381472],[4.896138,52.381432]]}},{"type":"Feature","properties":{"id":1603,"source":1381,"target":1281,"cost":69.65,"reverse_cost":-1,"capacity":1000,"reverse_capacity":-1,"x1":4.890788,"y1":52.373878,"x2":4.890472,"y2":52.373286},"geometry":{"type":"LineString","coordinates":[[4.890788,52.373878],[4.890686,52.373655],[4.890551,52.373375],[4.890546,52.373362],[4.890539,52.37335],[4.890531,52.373338],[4.890522,52.373327],[4.890511,52.373316],[4.890499,52.373305],[4.890486,52.373295],[4.890472,52.373286]]}},{"type":"Feature","properties":{"id":1604,"source":1281,"target":1382,"cost":12.19,"reverse_cost":-1,"capacity":1000,"reverse_capacity":-1,"x1":4.890472,"y1":52.373286,"x2":4.890317,"y2":52.373233},"geometry":{"type":"LineString","coordinates":[[4.890472,52.373286],[4.890462,52.37328],[4.890453,52.373275],[4.890443,52.37327],[4.890433,52.373265],[4.890422,52.373261],[4.890403,52.373253],[4.890382,52.373247],[4.890361,52.373241],[4.890339,52.373237],[4.890317,52.373233]]}},{"type":"Feature","properties":{"id":1605,"source":447,"target":1145,"cost":12.07,"reverse_cost":-1,"capacity":2000,"reverse_capacity":-1,"x1":4.888535,"y1":52.373273,"x2":4.888684,"y2":52.373215},"geometry":{"type":"LineString","coordinates":[[4.888535,52.373273],[4.888559,52.373262],[4.888617,52.373235],[4.888684,52.373215]]}},{"type":"Feature","properties":{"id":1606,"source":1137,"target":447,"cost":13.1,"reverse_cost":-1,"capacity":2000,"reverse_capacity":-1,"x1":4.888712,"y1":52.37332,"x2":4.888535,"y2":52.373273},"geometry":{"type":"LineString","coordinates":[[4.888712,52.37332],[4.888657,52.37331],[4.888576,52.373286],[4.888535,52.373273]]}},{"type":"Feature","properties":{"id":1607,"source":1300,"target":554,"cost":11.32,"reverse_cost":-1,"capacity":2000,"reverse_capacity":-1,"x1":4.887088,"y1":52.373466,"x2":4.886931,"y2":52.373432},"geometry":{"type":"LineString","coordinates":[[4.887088,52.373466],[4.886969,52.373438],[4.886931,52.373432]]}},{"type":"Feature","properties":{"id":1608,"source":412,"target":1146,"cost":13.94,"reverse_cost":-1,"capacity":2000,"reverse_capacity":-1,"x1":4.885328,"y1":52.37398,"x2":4.885157,"y2":52.374047},"geometry":{"type":"LineString","coordinates":[[4.885328,52.37398],[4.885291,52.373997],[4.885204,52.374036],[4.885157,52.374047]]}},{"type":"Feature","properties":{"id":1609,"source":1150,"target":412,"cost":12.86,"reverse_cost":-1,"capacity":2000,"reverse_capacity":-1,"x1":4.885148,"y1":52.373945,"x2":4.885328,"y2":52.37398},"geometry":{"type":"LineString","coordinates":[[4.885148,52.373945],[4.885175,52.373947],[4.88529,52.373972],[4.885328,52.37398]]}},{"type":"Feature","properties":{"id":1610,"source":554,"target":1134,"cost":13.33,"reverse_cost":-1,"capacity":2000,"reverse_capacity":-1,"x1":4.886931,"y1":52.373432,"x2":4.887074,"y2":52.373349},"geometry":{"type":"LineString","coordinates":[[4.886931,52.373432],[4.886959,52.373414],[4.887074,52.373349]]}},{"type":"Feature","properties":{"id":1611,"source":1063,"target":596,"cost":3.98,"reverse_cost":-1,"capacity":1000,"reverse_capacity":-1,"x1":4.876408,"y1":52.372258,"x2":4.876463,"y2":52.37227},"geometry":{"type":"LineString","coordinates":[[4.876408,52.372258],[4.876463,52.37227]]}},{"type":"Feature","properties":{"id":1612,"source":596,"target":1061,"cost":63.86,"reverse_cost":-1,"capacity":1000,"reverse_capacity":-1,"x1":4.876463,"y1":52.37227,"x2":4.877272,"y2":52.372548},"geometry":{"type":"LineString","coordinates":[[4.876463,52.37227],[4.876747,52.372345],[4.877082,52.372436],[4.87723,52.372525],[4.877272,52.372548]]}},{"type":"Feature","properties":{"id":1613,"source":493,"target":1143,"cost":8.11,"reverse_cost":-1,"capacity":1000,"reverse_capacity":-1,"x1":4.882797,"y1":52.373926,"x2":4.882909,"y2":52.373902},"geometry":{"type":"LineString","coordinates":[[4.882797,52.373926],[4.882826,52.37392],[4.882909,52.373902]]}},{"type":"Feature","properties":{"id":1614,"source":1383,"target":1384,"cost":86.23,"reverse_cost":-1,"capacity":800,"reverse_capacity":-1,"x1":4.896766,"y1":52.380688,"x2":4.896151,"y2":52.380012},"geometry":{"type":"LineString","coordinates":[[4.896766,52.380688],[4.896189,52.380084],[4.896169,52.380054],[4.896151,52.380012]]}},{"type":"Feature","properties":{"id":1615,"source":1384,"target":1210,"cost":21.61,"reverse_cost":-1,"capacity":1600,"reverse_capacity":-1,"x1":4.896151,"y1":52.380012,"x2":4.896199,"y2":52.379823},"geometry":{"type":"LineString","coordinates":[[4.896151,52.380012],[4.896146,52.379969],[4.896146,52.379932],[4.896155,52.379892],[4.896175,52.379851],[4.896199,52.379823]]}},{"type":"Feature","properties":{"id":1616,"source":1288,"target":327,"cost":9.84,"reverse_cost":-1,"capacity":3000,"reverse_capacity":-1,"x1":4.878808,"y1":52.363693,"x2":4.878892,"y2":52.363622},"geometry":{"type":"LineString","coordinates":[[4.878808,52.363693],[4.878819,52.36368],[4.878832,52.363669],[4.878892,52.363622]]}},{"type":"Feature","properties":{"id":1617,"source":1385,"target":327,"cost":27.16,"reverse_cost":-1,"capacity":1200,"reverse_capacity":-1,"x1":4.878496,"y1":52.36363,"x2":4.878892,"y2":52.363622},"geometry":{"type":"LineString","coordinates":[[4.878496,52.36363],[4.878572,52.363632],[4.878695,52.363636],[4.87879,52.363638],[4.878892,52.363622]]}},{"type":"Feature","properties":{"id":1618,"source":842,"target":875,"cost":56.38,"reverse_cost":-1,"capacity":2400,"reverse_capacity":-1,"x1":4.874493,"y1":52.362482,"x2":4.875259,"y2":52.362676},"geometry":{"type":"LineString","coordinates":[[4.874493,52.362482],[4.87484,52.362567],[4.875034,52.362616],[4.875218,52.362667],[4.875259,52.362676]]}},{"type":"Feature","properties":{"id":1619,"source":875,"target":1051,"cost":10.43,"reverse_cost":-1,"capacity":2400,"reverse_capacity":-1,"x1":4.875259,"y1":52.362676,"x2":4.8754,"y2":52.362713},"geometry":{"type":"LineString","coordinates":[[4.875259,52.362676],[4.875289,52.362684],[4.875307,52.362688],[4.875328,52.362693],[4.875346,52.362698],[4.875364,52.362703],[4.8754,52.362713]]}},{"type":"Feature","properties":{"id":1620,"source":1052,"target":667,"cost":12.17,"reverse_cost":-1,"capacity":2400,"reverse_capacity":-1,"x1":4.875321,"y1":52.362827,"x2":4.875158,"y2":52.362781},"geometry":{"type":"LineString","coordinates":[[4.875321,52.362827],[4.875289,52.362818],[4.875267,52.362812],[4.875249,52.362807],[4.875229,52.362801],[4.875207,52.362795],[4.875158,52.362781]]}},{"type":"Feature","properties":{"id":1621,"source":1386,"target":1052,"cost":68.68,"reverse_cost":-1,"capacity":2400,"reverse_capacity":-1,"x1":4.876257,"y1":52.363061,"x2":4.875321,"y2":52.362827},"geometry":{"type":"LineString","coordinates":[[4.876257,52.363061],[4.875572,52.36289],[4.875388,52.362843],[4.875356,52.362836],[4.875321,52.362827]]}},{"type":"Feature","properties":{"id":1622,"source":1057,"target":1387,"cost":31.97,"reverse_cost":-1,"capacity":1200,"reverse_capacity":-1,"x1":4.879176,"y1":52.363629,"x2":4.878792,"y2":52.363794},"geometry":{"type":"LineString","coordinates":[[4.879176,52.363629],[4.878953,52.363727],[4.878913,52.363747],[4.878792,52.363794]]}},{"type":"Feature","properties":{"id":1623,"source":1388,"target":1389,"cost":187.26,"reverse_cost":187.26,"capacity":1200,"reverse_capacity":1200,"x1":4.891115,"y1":52.360369,"x2":4.891698,"y2":52.362015},"geometry":{"type":"LineString","coordinates":[[4.891115,52.360369],[4.891169,52.360521],[4.891297,52.360884],[4.891433,52.361271],[4.891522,52.361525],[4.891613,52.361788],[4.891659,52.361907],[4.891669,52.361936],[4.891698,52.362015]]}},{"type":"Feature","properties":{"id":1624,"source":1390,"target":1093,"cost":180.34,"reverse_cost":-1,"capacity":1200,"reverse_capacity":-1,"x1":4.908047,"y1":52.370095,"x2":4.905795,"y2":52.369234},"geometry":{"type":"LineString","coordinates":[[4.908047,52.370095],[4.905795,52.369234]]}},{"type":"Feature","properties":{"id":1625,"source":881,"target":1291,"cost":5.76,"reverse_cost":-1,"capacity":1200,"reverse_capacity":-1,"x1":4.899458,"y1":52.37674,"x2":4.899513,"y2":52.3767},"geometry":{"type":"LineString","coordinates":[[4.899458,52.37674],[4.899513,52.3767]]}},{"type":"Feature","properties":{"id":1626,"source":1391,"target":937,"cost":2.16,"reverse_cost":-1,"capacity":1200,"reverse_capacity":-1,"x1":4.899108,"y1":52.376628,"x2":4.899113,"y2":52.376609},"geometry":{"type":"LineString","coordinates":[[4.899108,52.376628],[4.899113,52.376609]]}},{"type":"Feature","properties":{"id":1627,"source":1392,"target":1391,"cost":3.48,"reverse_cost":-1,"capacity":1200,"reverse_capacity":-1,"x1":4.899104,"y1":52.376659,"x2":4.899108,"y2":52.376628},"geometry":{"type":"LineString","coordinates":[[4.899104,52.376659],[4.899108,52.376628]]}},{"type":"Feature","properties":{"id":1628,"source":880,"target":1392,"cost":5.05,"reverse_cost":-1,"capacity":1200,"reverse_capacity":-1,"x1":4.899099,"y1":52.376705,"x2":4.899104,"y2":52.376659},"geometry":{"type":"LineString","coordinates":[[4.899099,52.376705],[4.899104,52.376659]]}},{"type":"Feature","properties":{"id":1629,"source":782,"target":1206,"cost":18.66,"reverse_cost":-1,"capacity":1500,"reverse_capacity":-1,"x1":4.87896,"y1":52.38204,"x2":4.878978,"y2":52.381873},"geometry":{"type":"LineString","coordinates":[[4.87896,52.38204],[4.878964,52.382004],[4.878978,52.381873]]}},{"type":"Feature","properties":{"id":1630,"source":1071,"target":837,"cost":6.56,"reverse_cost":-1,"capacity":1000,"reverse_capacity":-1,"x1":4.875562,"y1":52.378758,"x2":4.875516,"y2":52.37881},"geometry":{"type":"LineString","coordinates":[[4.875562,52.378758],[4.875549,52.378774],[4.875516,52.37881]]}},{"type":"Feature","properties":{"id":1631,"source":798,"target":825,"cost":11.68,"reverse_cost":11.68,"capacity":1200,"reverse_capacity":1200,"x1":4.874865,"y1":52.37775,"x2":4.874705,"y2":52.377788},"geometry":{"type":"LineString","coordinates":[[4.874865,52.37775],[4.874802,52.377765],[4.874787,52.377768],[4.874772,52.377772],[4.874705,52.377788]]}},{"type":"Feature","properties":{"id":1632,"source":1187,"target":1179,"cost":74.33,"reverse_cost":-1,"capacity":2000,"reverse_capacity":-1,"x1":4.872236,"y1":52.367265,"x2":4.87323,"y2":52.367545},"geometry":{"type":"LineString","coordinates":[[4.872236,52.367265],[4.872308,52.367284],[4.872317,52.367287],[4.872399,52.367309],[4.872572,52.367355],[4.873066,52.367495],[4.87323,52.367545]]}},{"type":"Feature","properties":{"id":1633,"source":1393,"target":579,"cost":17.32,"reverse_cost":-1,"capacity":2000,"reverse_capacity":-1,"x1":4.873598,"y1":52.367659,"x2":4.87383,"y2":52.367724},"geometry":{"type":"LineString","coordinates":[[4.873598,52.367659],[4.87383,52.367724]]}},{"type":"Feature","properties":{"id":1634,"source":579,"target":577,"cost":70.73,"reverse_cost":-1,"capacity":2000,"reverse_capacity":-1,"x1":4.87383,"y1":52.367724,"x2":4.874787,"y2":52.367975},"geometry":{"type":"LineString","coordinates":[[4.87383,52.367724],[4.874787,52.367975]]}},{"type":"Feature","properties":{"id":1635,"source":577,"target":1394,"cost":83.04,"reverse_cost":-1,"capacity":2000,"reverse_capacity":-1,"x1":4.874787,"y1":52.367975,"x2":4.875912,"y2":52.368268},"geometry":{"type":"LineString","coordinates":[[4.874787,52.367975],[4.875912,52.368268]]}},{"type":"Feature","properties":{"id":1636,"source":1172,"target":1187,"cost":12.15,"reverse_cost":-1,"capacity":1000,"reverse_capacity":-1,"x1":4.872122,"y1":52.367182,"x2":4.872236,"y2":52.367265},"geometry":{"type":"LineString","coordinates":[[4.872122,52.367182],[4.87213,52.367186],[4.872168,52.367205],[4.872181,52.367217],[4.872195,52.367229],[4.872213,52.367247],[4.872236,52.367265]]}},{"type":"Feature","properties":{"id":1637,"source":1395,"target":1393,"cost":10.9,"reverse_cost":-1,"capacity":2000,"reverse_capacity":-1,"x1":4.873455,"y1":52.367615,"x2":4.873598,"y2":52.367659},"geometry":{"type":"LineString","coordinates":[[4.873455,52.367615],[4.873598,52.367659]]}},{"type":"Feature","properties":{"id":1638,"source":1179,"target":1395,"cost":17.15,"reverse_cost":-1,"capacity":2000,"reverse_capacity":-1,"x1":4.87323,"y1":52.367545,"x2":4.873455,"y2":52.367615},"geometry":{"type":"LineString","coordinates":[[4.87323,52.367545],[4.873455,52.367615]]}},{"type":"Feature","properties":{"id":1639,"source":1396,"target":1397,"cost":24.77,"reverse_cost":-1,"capacity":1500,"reverse_capacity":-1,"x1":4.90634,"y1":52.378118,"x2":4.90599,"y2":52.378178},"geometry":{"type":"LineString","coordinates":[[4.90634,52.378118],[4.90628,52.378133],[4.906227,52.378145],[4.906138,52.378158],[4.90599,52.378178]]}},{"type":"Feature","properties":{"id":1640,"source":1380,"target":1201,"cost":52.32,"reverse_cost":-1,"capacity":2400,"reverse_capacity":-1,"x1":4.904515,"y1":52.377838,"x2":4.90496,"y2":52.378212},"geometry":{"type":"LineString","coordinates":[[4.904515,52.377838],[4.904571,52.377882],[4.90463,52.377919],[4.90472,52.377965],[4.904762,52.377989],[4.904809,52.37802],[4.904856,52.378062],[4.904873,52.378079],[4.904912,52.378128],[4.904928,52.378153],[4.90496,52.378212]]}},{"type":"Feature","properties":{"id":1641,"source":1398,"target":716,"cost":9.44,"reverse_cost":-1,"capacity":1200,"reverse_capacity":-1,"x1":4.895312,"y1":52.379224,"x2":4.895432,"y2":52.379266},"geometry":{"type":"LineString","coordinates":[[4.895312,52.379224],[4.895432,52.379266]]}},{"type":"Feature","properties":{"id":1642,"source":1399,"target":1400,"cost":2.12,"reverse_cost":-1,"capacity":3000,"reverse_capacity":-1,"x1":4.903473,"y1":52.367998,"x2":4.903469,"y2":52.367979},"geometry":{"type":"LineString","coordinates":[[4.903473,52.367998],[4.903471,52.367992],[4.903469,52.367979]]}},{"type":"Feature","properties":{"id":1643,"source":1284,"target":1401,"cost":15.06,"reverse_cost":-1,"capacity":600,"reverse_capacity":-1,"x1":4.897576,"y1":52.366171,"x2":4.89775,"y2":52.366243},"geometry":{"type":"LineString","coordinates":[[4.897576,52.366171],[4.897588,52.366189],[4.897613,52.366207],[4.897639,52.366217],[4.897675,52.36623],[4.89775,52.366243]]}},{"type":"Feature","properties":{"id":1644,"source":1402,"target":196,"cost":114.25,"reverse_cost":114.25,"capacity":1200,"reverse_capacity":1200,"x1":4.89863,"y1":52.366214,"x2":4.900305,"y2":52.366223},"geometry":{"type":"LineString","coordinates":[[4.89863,52.366214],[4.899132,52.366195],[4.899325,52.366187],[4.89959,52.36618],[4.899694,52.366176],[4.899814,52.36618],[4.900111,52.366204],[4.900305,52.366223]]}},{"type":"Feature","properties":{"id":1645,"source":886,"target":865,"cost":27.26,"reverse_cost":-1,"capacity":2000,"reverse_capacity":-1,"x1":4.901811,"y1":52.3667,"x2":4.90204,"y2":52.366901},"geometry":{"type":"LineString","coordinates":[[4.901811,52.3667],[4.90204,52.366901]]}},{"type":"Feature","properties":{"id":1646,"source":865,"target":43,"cost":80.06,"reverse_cost":-1,"capacity":2000,"reverse_capacity":-1,"x1":4.90204,"y1":52.366901,"x2":4.902695,"y2":52.3675},"geometry":{"type":"LineString","coordinates":[[4.90204,52.366901],[4.902559,52.36737],[4.902695,52.3675]]}},{"type":"Feature","properties":{"id":1647,"source":69,"target":1399,"cost":42.59,"reverse_cost":-1,"capacity":4500,"reverse_capacity":-1,"x1":4.903804,"y1":52.368322,"x2":4.903473,"y2":52.367998},"geometry":{"type":"LineString","coordinates":[[4.903804,52.368322],[4.90361,52.368141],[4.903554,52.368091],[4.903513,52.368056],[4.903497,52.368038],[4.903473,52.367998]]}},{"type":"Feature","properties":{"id":1648,"source":1098,"target":866,"cost":51.15,"reverse_cost":-1,"capacity":3000,"reverse_capacity":-1,"x1":4.903484,"y1":52.367907,"x2":4.903993,"y2":52.367571},"geometry":{"type":"LineString","coordinates":[[4.903484,52.367907],[4.903496,52.367889],[4.903508,52.367876],[4.903525,52.36786],[4.903606,52.367806],[4.903921,52.367621],[4.903944,52.367606],[4.903972,52.367587],[4.903993,52.367571]]}},{"type":"Feature","properties":{"id":1649,"source":1403,"target":1260,"cost":8.24,"reverse_cost":-1,"capacity":1000,"reverse_capacity":-1,"x1":4.903622,"y1":52.367871,"x2":4.903547,"y2":52.367928},"geometry":{"type":"LineString","coordinates":[[4.903622,52.367871],[4.903587,52.367891],[4.903568,52.367906],[4.903547,52.367928]]}},{"type":"Feature","properties":{"id":1650,"source":1260,"target":1404,"cost":6.86,"reverse_cost":-1,"capacity":1000,"reverse_capacity":-1,"x1":4.903547,"y1":52.367928,"x2":4.903497,"y2":52.367982},"geometry":{"type":"LineString","coordinates":[[4.903547,52.367928],[4.903507,52.367972],[4.903497,52.367982]]}},{"type":"Feature","properties":{"id":1651,"source":1109,"target":1092,"cost":34.51,"reverse_cost":-1,"capacity":4500,"reverse_capacity":-1,"x1":4.903674,"y1":52.368006,"x2":4.903941,"y2":52.368268},"geometry":{"type":"LineString","coordinates":[[4.903674,52.368006],[4.903678,52.368018],[4.903691,52.368044],[4.903724,52.368073],[4.903941,52.368268]]}},{"type":"Feature","properties":{"id":1652,"source":1283,"target":1359,"cost":72.22,"reverse_cost":-1,"capacity":1200,"reverse_capacity":-1,"x1":4.897538,"y1":52.365924,"x2":4.897755,"y2":52.365289},"geometry":{"type":"LineString","coordinates":[[4.897538,52.365924],[4.897739,52.365391],[4.897752,52.365353],[4.897755,52.365289]]}},{"type":"Feature","properties":{"id":1653,"source":223,"target":564,"cost":139.93,"reverse_cost":-1,"capacity":1200,"reverse_capacity":-1,"x1":4.89099,"y1":52.376357,"x2":4.889852,"y2":52.375308},"geometry":{"type":"LineString","coordinates":[[4.89099,52.376357],[4.890023,52.375465],[4.889852,52.375308]]}},{"type":"Feature","properties":{"id":1654,"source":233,"target":218,"cost":101.96,"reverse_cost":-1,"capacity":1200,"reverse_capacity":-1,"x1":4.891525,"y1":52.376212,"x2":4.892357,"y2":52.376976},"geometry":{"type":"LineString","coordinates":[[4.891525,52.376212],[4.891555,52.37624],[4.892357,52.376976]]}},{"type":"Feature","properties":{"id":1655,"source":218,"target":231,"cost":59.4,"reverse_cost":-1,"capacity":1200,"reverse_capacity":-1,"x1":4.892357,"y1":52.376976,"x2":4.892855,"y2":52.377415},"geometry":{"type":"LineString","coordinates":[[4.892357,52.376976],[4.89241,52.37702],[4.892617,52.377194],[4.892855,52.377415]]}},{"type":"Feature","properties":{"id":1656,"source":231,"target":686,"cost":89.67,"reverse_cost":-1,"capacity":1200,"reverse_capacity":-1,"x1":4.892855,"y1":52.377415,"x2":4.893585,"y2":52.378087},"geometry":{"type":"LineString","coordinates":[[4.892855,52.377415],[4.893585,52.378087]]}},{"type":"Feature","properties":{"id":1657,"source":686,"target":694,"cost":77.73,"reverse_cost":-1,"capacity":1200,"reverse_capacity":-1,"x1":4.893585,"y1":52.378087,"x2":4.894233,"y2":52.378663},"geometry":{"type":"LineString","coordinates":[[4.893585,52.378087],[4.894127,52.378583],[4.894233,52.378663]]}},{"type":"Feature","properties":{"id":1658,"source":1197,"target":1371,"cost":19.42,"reverse_cost":-1,"capacity":800,"reverse_capacity":-1,"x1":4.878009,"y1":52.37848,"x2":4.878292,"y2":52.378471},"geometry":{"type":"LineString","coordinates":[[4.878009,52.37848],[4.878098,52.37847],[4.878221,52.378476],[4.878292,52.378471]]}},{"type":"Feature","properties":{"id":1659,"source":1370,"target":1405,"cost":8.97,"reverse_cost":-1,"capacity":800,"reverse_capacity":-1,"x1":4.878592,"y1":52.378401,"x2":4.878502,"y2":52.378459},"geometry":{"type":"LineString","coordinates":[[4.878592,52.378401],[4.878546,52.378429],[4.878502,52.378459]]}},{"type":"Feature","properties":{"id":1660,"source":1405,"target":1406,"cost":9.17,"reverse_cost":-1,"capacity":800,"reverse_capacity":-1,"x1":4.878502,"y1":52.378459,"x2":4.878381,"y2":52.378496},"geometry":{"type":"LineString","coordinates":[[4.878502,52.378459],[4.878381,52.378496]]}},{"type":"Feature","properties":{"id":1661,"source":1372,"target":1370,"cost":17.25,"reverse_cost":-1,"capacity":1600,"reverse_capacity":-1,"x1":4.878355,"y1":52.378456,"x2":4.878592,"y2":52.378401},"geometry":{"type":"LineString","coordinates":[[4.878355,52.378456],[4.878592,52.378401]]}},{"type":"Feature","properties":{"id":1662,"source":1271,"target":1267,"cost":22.66,"reverse_cost":-1,"capacity":3000,"reverse_capacity":-1,"x1":4.897496,"y1":52.381006,"x2":4.89721,"y2":52.381111},"geometry":{"type":"LineString","coordinates":[[4.897496,52.381006],[4.89721,52.381111]]}},{"type":"Feature","properties":{"id":1663,"source":1141,"target":642,"cost":114.96,"reverse_cost":-1,"capacity":1200,"reverse_capacity":-1,"x1":4.874103,"y1":52.371797,"x2":4.872517,"y2":52.371435},"geometry":{"type":"LineString","coordinates":[[4.874103,52.371797],[4.873935,52.371758],[4.873872,52.371745],[4.873826,52.371735],[4.873411,52.37164],[4.873184,52.371587],[4.872517,52.371435]]}},{"type":"Feature","properties":{"id":1664,"source":642,"target":1407,"cost":14.73,"reverse_cost":-1,"capacity":1200,"reverse_capacity":-1,"x1":4.872517,"y1":52.371435,"x2":4.872314,"y2":52.371389},"geometry":{"type":"LineString","coordinates":[[4.872517,52.371435],[4.872429,52.371415],[4.872314,52.371389]]}},{"type":"Feature","properties":{"id":1665,"source":1142,"target":1132,"cost":9.23,"reverse_cost":-1,"capacity":1000,"reverse_capacity":-1,"x1":4.874242,"y1":52.371787,"x2":4.874378,"y2":52.371788},"geometry":{"type":"LineString","coordinates":[[4.874242,52.371787],[4.874378,52.371788]]}},{"type":"Feature","properties":{"id":1666,"source":1408,"target":632,"cost":17.41,"reverse_cost":-1,"capacity":1200,"reverse_capacity":-1,"x1":4.872023,"y1":52.371322,"x2":4.871786,"y2":52.371261},"geometry":{"type":"LineString","coordinates":[[4.872023,52.371322],[4.871786,52.371261]]}},{"type":"Feature","properties":{"id":1667,"source":1407,"target":1408,"cost":21.13,"reverse_cost":-1,"capacity":1200,"reverse_capacity":-1,"x1":4.872314,"y1":52.371389,"x2":4.872023,"y2":52.371322},"geometry":{"type":"LineString","coordinates":[[4.872314,52.371389],[4.872023,52.371322]]}},{"type":"Feature","properties":{"id":1668,"source":1058,"target":1409,"cost":11.39,"reverse_cost":-1,"capacity":1500,"reverse_capacity":-1,"x1":4.878928,"y1":52.363828,"x2":4.878831,"y2":52.363911},"geometry":{"type":"LineString","coordinates":[[4.878928,52.363828],[4.878831,52.363911]]}},{"type":"Feature","properties":{"id":1669,"source":1409,"target":656,"cost":55.92,"reverse_cost":-1,"capacity":1500,"reverse_capacity":-1,"x1":4.878831,"y1":52.363911,"x2":4.878599,"y2":52.364389},"geometry":{"type":"LineString","coordinates":[[4.878831,52.363911],[4.878801,52.363949],[4.878771,52.363989],[4.878679,52.364132],[4.878636,52.364214],[4.878616,52.364282],[4.878601,52.364349],[4.878599,52.364389]]}},{"type":"Feature","properties":{"id":1670,"source":656,"target":569,"cost":22.46,"reverse_cost":-1,"capacity":1500,"reverse_capacity":-1,"x1":4.878599,"y1":52.364389,"x2":4.878562,"y2":52.36459},"geometry":{"type":"LineString","coordinates":[[4.878599,52.364389],[4.878597,52.364407],[4.878596,52.364424],[4.87859,52.364469],[4.878587,52.364492],[4.878562,52.36459]]}},{"type":"Feature","properties":{"id":1671,"source":1385,"target":1410,"cost":13.71,"reverse_cost":-1,"capacity":1200,"reverse_capacity":-1,"x1":4.878496,"y1":52.36363,"x2":4.878658,"y2":52.363703},"geometry":{"type":"LineString","coordinates":[[4.878496,52.36363],[4.878576,52.363662],[4.878627,52.36369],[4.878658,52.363703]]}},{"type":"Feature","properties":{"id":1672,"source":514,"target":1374,"cost":52.5,"reverse_cost":-1,"capacity":1600,"reverse_capacity":-1,"x1":4.880132,"y1":52.365368,"x2":4.879935,"y2":52.365824},"geometry":{"type":"LineString","coordinates":[[4.880132,52.365368],[4.880059,52.365521],[4.879984,52.365689],[4.879957,52.365758],[4.879935,52.365824]]}},{"type":"Feature","properties":{"id":1673,"source":1411,"target":1412,"cost":14.5,"reverse_cost":14.5,"capacity":1200,"reverse_capacity":1200,"x1":4.877528,"y1":52.370441,"x2":4.877724,"y2":52.370494},"geometry":{"type":"LineString","coordinates":[[4.877528,52.370441],[4.877724,52.370494]]}},{"type":"Feature","properties":{"id":1674,"source":1368,"target":611,"cost":25.4,"reverse_cost":-1,"capacity":600,"reverse_capacity":-1,"x1":4.876145,"y1":52.373518,"x2":4.876287,"y2":52.373722},"geometry":{"type":"LineString","coordinates":[[4.876145,52.373518],[4.87618,52.373541],[4.87623,52.373574],[4.87625,52.373624],[4.876287,52.373722]]}},{"type":"Feature","properties":{"id":1675,"source":856,"target":420,"cost":26.37,"reverse_cost":26.37,"capacity":1200,"reverse_capacity":1200,"x1":4.877488,"y1":52.375275,"x2":4.87713,"y2":52.375363},"geometry":{"type":"LineString","coordinates":[[4.877488,52.375275],[4.877145,52.375353],[4.87713,52.375363]]}},{"type":"Feature","properties":{"id":1676,"source":1331,"target":856,"cost":11.7,"reverse_cost":11.7,"capacity":1200,"reverse_capacity":1200,"x1":4.877426,"y1":52.375176,"x2":4.877488,"y2":52.375275},"geometry":{"type":"LineString","coordinates":[[4.877426,52.375176],[4.877453,52.375221],[4.877488,52.375275]]}},{"type":"Feature","properties":{"id":1677,"source":1103,"target":609,"cost":4.38,"reverse_cost":4.38,"capacity":1200,"reverse_capacity":1200,"x1":4.876879,"y1":52.373956,"x2":4.876815,"y2":52.373954},"geometry":{"type":"LineString","coordinates":[[4.876879,52.373956],[4.876834,52.373954],[4.876815,52.373954]]}},{"type":"Feature","properties":{"id":1678,"source":1413,"target":868,"cost":207.02,"reverse_cost":-1,"capacity":1200,"reverse_capacity":-1,"x1":4.889261,"y1":52.368881,"x2":4.890159,"y2":52.370632},"geometry":{"type":"LineString","coordinates":[[4.889261,52.368881],[4.889265,52.368902],[4.889277,52.369007],[4.889284,52.369099],[4.889288,52.369168],[4.889297,52.369261],[4.88931,52.369343],[4.889331,52.369415],[4.889356,52.36949],[4.889391,52.369569],[4.889439,52.369656],[4.889496,52.369748],[4.889706,52.370088],[4.889775,52.370196],[4.889824,52.370279],[4.889879,52.370356],[4.889942,52.370429],[4.890008,52.37049],[4.890037,52.370517],[4.890106,52.370578],[4.890159,52.370632]]}},{"type":"Feature","properties":{"id":1679,"source":1378,"target":1413,"cost":29.64,"reverse_cost":-1,"capacity":1200,"reverse_capacity":-1,"x1":4.889116,"y1":52.368632,"x2":4.889261,"y2":52.368881},"geometry":{"type":"LineString","coordinates":[[4.889116,52.368632],[4.889153,52.368667],[4.889181,52.3687],[4.889207,52.368738],[4.889228,52.368775],[4.889247,52.368823],[4.889256,52.368859],[4.889261,52.368881]]}},{"type":"Feature","properties":{"id":1680,"source":1414,"target":201,"cost":66.94,"reverse_cost":-1,"capacity":1200,"reverse_capacity":-1,"x1":4.893258,"y1":52.366682,"x2":4.893111,"y2":52.366087},"geometry":{"type":"LineString","coordinates":[[4.893258,52.366682],[4.893241,52.366605],[4.893225,52.36654],[4.893206,52.366465],[4.893194,52.366411],[4.893183,52.366363],[4.893171,52.366313],[4.893151,52.366236],[4.893132,52.366171],[4.893124,52.366141],[4.893111,52.366087]]}},{"type":"Feature","properties":{"id":1681,"source":1415,"target":208,"cost":6.64,"reverse_cost":6.64,"capacity":1800,"reverse_capacity":1800,"x1":4.892857,"y1":52.365273,"x2":4.892877,"y2":52.365332},"geometry":{"type":"LineString","coordinates":[[4.892857,52.365273],[4.892877,52.365332]]}},{"type":"Feature","properties":{"id":1682,"source":1416,"target":1417,"cost":81.71,"reverse_cost":81.71,"capacity":1200,"reverse_capacity":1200,"x1":4.89273,"y1":52.364903,"x2":4.892478,"y2":52.364185},"geometry":{"type":"LineString","coordinates":[[4.89273,52.364903],[4.892478,52.364185]]}},{"type":"Feature","properties":{"id":1683,"source":1418,"target":286,"cost":7.62,"reverse_cost":7.62,"capacity":1800,"reverse_capacity":1800,"x1":4.892404,"y1":52.363974,"x2":4.892428,"y2":52.364041},"geometry":{"type":"LineString","coordinates":[[4.892404,52.363974],[4.892428,52.364041]]}},{"type":"Feature","properties":{"id":1684,"source":1419,"target":1418,"cost":27.26,"reverse_cost":27.26,"capacity":1800,"reverse_capacity":1800,"x1":4.892324,"y1":52.363734,"x2":4.892404,"y2":52.363974},"geometry":{"type":"LineString","coordinates":[[4.892324,52.363734],[4.892404,52.363974]]}},{"type":"Feature","properties":{"id":1685,"source":1420,"target":1415,"cost":22.96,"reverse_cost":22.96,"capacity":1800,"reverse_capacity":1800,"x1":4.892789,"y1":52.365071,"x2":4.892857,"y2":52.365273},"geometry":{"type":"LineString","coordinates":[[4.892789,52.365071],[4.892857,52.365273]]}},{"type":"Feature","properties":{"id":1686,"source":281,"target":1419,"cost":5.13,"reverse_cost":5.13,"capacity":1800,"reverse_capacity":1800,"x1":4.89231,"y1":52.363688,"x2":4.892324,"y2":52.363734},"geometry":{"type":"LineString","coordinates":[[4.89231,52.363688],[4.892324,52.363734]]}},{"type":"Feature","properties":{"id":1687,"source":1401,"target":1402,"cost":59.82,"reverse_cost":-1,"capacity":1200,"reverse_capacity":-1,"x1":4.89775,"y1":52.366243,"x2":4.89863,"y2":52.366214},"geometry":{"type":"LineString","coordinates":[[4.89775,52.366243],[4.898111,52.366232],[4.89818,52.36623],[4.89863,52.366214]]}},{"type":"Feature","properties":{"id":1688,"source":1252,"target":928,"cost":57.92,"reverse_cost":57.92,"capacity":1200,"reverse_capacity":1200,"x1":4.872198,"y1":52.365395,"x2":4.871833,"y2":52.365866},"geometry":{"type":"LineString","coordinates":[[4.872198,52.365395],[4.871833,52.365866]]}},{"type":"Feature","properties":{"id":1689,"source":1421,"target":1422,"cost":8.53,"reverse_cost":-1,"capacity":1200,"reverse_capacity":-1,"x1":4.903078,"y1":52.376348,"x2":4.903144,"y2":52.376413},"geometry":{"type":"LineString","coordinates":[[4.903078,52.376348],[4.903144,52.376413]]}},{"type":"Feature","properties":{"id":1690,"source":1423,"target":1424,"cost":51.57,"reverse_cost":-1,"capacity":2400,"reverse_capacity":-1,"x1":4.903246,"y1":52.376499,"x2":4.903637,"y2":52.376897},"geometry":{"type":"LineString","coordinates":[[4.903246,52.376499],[4.90363,52.37689],[4.903637,52.376897]]}},{"type":"Feature","properties":{"id":1691,"source":1424,"target":1425,"cost":17.45,"reverse_cost":-1,"capacity":2400,"reverse_capacity":-1,"x1":4.903637,"y1":52.376897,"x2":4.903766,"y2":52.377032},"geometry":{"type":"LineString","coordinates":[[4.903637,52.376897],[4.903665,52.376925],[4.903704,52.376968],[4.903766,52.377032]]}},{"type":"Feature","properties":{"id":1692,"source":1426,"target":1126,"cost":9.42,"reverse_cost":-1,"capacity":1000,"reverse_capacity":-1,"x1":4.902804,"y1":52.376322,"x2":4.902931,"y2":52.376288},"geometry":{"type":"LineString","coordinates":[[4.902804,52.376322],[4.902825,52.376316],[4.902874,52.376305],[4.902931,52.376288]]}},{"type":"Feature","properties":{"id":1693,"source":637,"target":646,"cost":7.95,"reverse_cost":-1,"capacity":1200,"reverse_capacity":-1,"x1":4.875116,"y1":52.374164,"x2":4.875003,"y2":52.374183},"geometry":{"type":"LineString","coordinates":[[4.875116,52.374164],[4.875003,52.374183]]}},{"type":"Feature","properties":{"id":1694,"source":637,"target":1427,"cost":5.41,"reverse_cost":-1,"capacity":1500,"reverse_capacity":-1,"x1":4.875116,"y1":52.374164,"x2":4.875127,"y2":52.374212},"geometry":{"type":"LineString","coordinates":[[4.875116,52.374164],[4.875127,52.374212]]}},{"type":"Feature","properties":{"id":1695,"source":1266,"target":1237,"cost":24.51,"reverse_cost":-1,"capacity":3000,"reverse_capacity":-1,"x1":4.897087,"y1":52.380983,"x2":4.897392,"y2":52.380865},"geometry":{"type":"LineString","coordinates":[[4.897087,52.380983],[4.897155,52.380951],[4.897392,52.380865]]}},{"type":"Feature","properties":{"id":1696,"source":47,"target":83,"cost":9.01,"reverse_cost":-1,"capacity":1200,"reverse_capacity":-1,"x1":4.903803,"y1":52.374842,"x2":4.903881,"y2":52.374907},"geometry":{"type":"LineString","coordinates":[[4.903803,52.374842],[4.903881,52.374907]]}},{"type":"Feature","properties":{"id":1697,"source":1041,"target":1231,"cost":10.35,"reverse_cost":-1,"capacity":2000,"reverse_capacity":-1,"x1":4.901322,"y1":52.366525,"x2":4.901193,"y2":52.366476},"geometry":{"type":"LineString","coordinates":[[4.901322,52.366525],[4.901258,52.366497],[4.901193,52.366476]]}},{"type":"Feature","properties":{"id":1698,"source":36,"target":45,"cost":7.2,"reverse_cost":7.2,"capacity":1200,"reverse_capacity":1200,"x1":4.902381,"y1":52.369022,"x2":4.902438,"y2":52.369077},"geometry":{"type":"LineString","coordinates":[[4.902381,52.369022],[4.902438,52.369077]]}},{"type":"Feature","properties":{"id":1699,"source":156,"target":31,"cost":21.12,"reverse_cost":-1,"capacity":1200,"reverse_capacity":-1,"x1":4.901415,"y1":52.370553,"x2":4.901297,"y2":52.370727},"geometry":{"type":"LineString","coordinates":[[4.901415,52.370553],[4.901328,52.370661],[4.901299,52.3707],[4.901295,52.370715],[4.901297,52.370727]]}},{"type":"Feature","properties":{"id":1700,"source":84,"target":1428,"cost":22.48,"reverse_cost":-1,"capacity":2400,"reverse_capacity":-1,"x1":4.903975,"y1":52.374982,"x2":4.903741,"y2":52.375126},"geometry":{"type":"LineString","coordinates":[[4.903975,52.374982],[4.903829,52.375073],[4.903741,52.375126]]}},{"type":"Feature","properties":{"id":1701,"source":1429,"target":84,"cost":63.69,"reverse_cost":-1,"capacity":2400,"reverse_capacity":-1,"x1":4.904665,"y1":52.374595,"x2":4.903975,"y2":52.374982},"geometry":{"type":"LineString","coordinates":[[4.904665,52.374595],[4.904171,52.374868],[4.904142,52.374883],[4.904086,52.374915],[4.903975,52.374982]]}},{"type":"Feature","properties":{"id":1702,"source":1430,"target":1429,"cost":187.04,"reverse_cost":-1,"capacity":2400,"reverse_capacity":-1,"x1":4.906697,"y1":52.373458,"x2":4.904665,"y2":52.374595},"geometry":{"type":"LineString","coordinates":[[4.906697,52.373458],[4.904665,52.374595]]}},{"type":"Feature","properties":{"id":1703,"source":1012,"target":1248,"cost":6.47,"reverse_cost":-1,"capacity":800,"reverse_capacity":-1,"x1":4.901251,"y1":52.373439,"x2":4.901277,"y2":52.373495},"geometry":{"type":"LineString","coordinates":[[4.901251,52.373439],[4.901277,52.373495]]}},{"type":"Feature","properties":{"id":1704,"source":1248,"target":1072,"cost":66.83,"reverse_cost":-1,"capacity":800,"reverse_capacity":-1,"x1":4.901277,"y1":52.373495,"x2":4.901548,"y2":52.374073},"geometry":{"type":"LineString","coordinates":[[4.901277,52.373495],[4.901419,52.373789],[4.901507,52.373984],[4.901548,52.374073]]}},{"type":"Feature","properties":{"id":1705,"source":1072,"target":1431,"cost":230.02,"reverse_cost":-1,"capacity":800,"reverse_capacity":-1,"x1":4.901548,"y1":52.374073,"x2":4.902557,"y2":52.376046},"geometry":{"type":"LineString","coordinates":[[4.901548,52.374073],[4.901653,52.374291],[4.901813,52.374585],[4.902248,52.375467],[4.902503,52.375984],[4.902514,52.376001],[4.902524,52.376015],[4.902557,52.376046]]}},{"type":"Feature","properties":{"id":1706,"source":63,"target":1432,"cost":21.24,"reverse_cost":-1,"capacity":1200,"reverse_capacity":-1,"x1":4.903203,"y1":52.369733,"x2":4.90346,"y2":52.369842},"geometry":{"type":"LineString","coordinates":[[4.903203,52.369733],[4.903397,52.369816],[4.90346,52.369842]]}},{"type":"Feature","properties":{"id":1707,"source":1432,"target":1433,"cost":46.0,"reverse_cost":-1,"capacity":1200,"reverse_capacity":-1,"x1":4.90346,"y1":52.369842,"x2":4.904017,"y2":52.370078},"geometry":{"type":"LineString","coordinates":[[4.90346,52.369842],[4.903923,52.370038],[4.904017,52.370078]]}},{"type":"Feature","properties":{"id":1708,"source":1433,"target":1341,"cost":40.2,"reverse_cost":-1,"capacity":1200,"reverse_capacity":-1,"x1":4.904017,"y1":52.370078,"x2":4.904504,"y2":52.370283},"geometry":{"type":"LineString","coordinates":[[4.904017,52.370078],[4.904504,52.370283]]}},{"type":"Feature","properties":{"id":1709,"source":1094,"target":1218,"cost":25.23,"reverse_cost":-1,"capacity":1200,"reverse_capacity":-1,"x1":4.905491,"y1":52.369132,"x2":4.905165,"y2":52.369024},"geometry":{"type":"LineString","coordinates":[[4.905491,52.369132],[4.905165,52.369024]]}},{"type":"Feature","properties":{"id":1710,"source":1099,"target":139,"cost":8.69,"reverse_cost":-1,"capacity":2000,"reverse_capacity":-1,"x1":4.896468,"y1":52.375663,"x2":4.896549,"y2":52.375723},"geometry":{"type":"LineString","coordinates":[[4.896468,52.375663],[4.896549,52.375723]]}},{"type":"Feature","properties":{"id":1711,"source":139,"target":1221,"cost":158.36,"reverse_cost":-1,"capacity":2000,"reverse_capacity":-1,"x1":4.896549,"y1":52.375723,"x2":4.898033,"y2":52.376822},"geometry":{"type":"LineString","coordinates":[[4.896549,52.375723],[4.897102,52.376112],[4.897613,52.376492],[4.898033,52.376822]]}},{"type":"Feature","properties":{"id":1712,"source":1434,"target":1435,"cost":2.52,"reverse_cost":-1,"capacity":1200,"reverse_capacity":-1,"x1":4.904564,"y1":52.366616,"x2":4.904534,"y2":52.366603},"geometry":{"type":"LineString","coordinates":[[4.904564,52.366616],[4.904549,52.36661],[4.904534,52.366603]]}},{"type":"Feature","properties":{"id":1713,"source":1436,"target":1219,"cost":28.39,"reverse_cost":-1,"capacity":1500,"reverse_capacity":-1,"x1":4.905502,"y1":52.369029,"x2":4.90512,"y2":52.368925},"geometry":{"type":"LineString","coordinates":[[4.905502,52.369029],[4.90512,52.368925]]}},{"type":"Feature","properties":{"id":1714,"source":1219,"target":93,"cost":4.91,"reverse_cost":-1,"capacity":1500,"reverse_capacity":-1,"x1":4.90512,"y1":52.368925,"x2":4.905057,"y2":52.368903},"geometry":{"type":"LineString","coordinates":[[4.90512,52.368925],[4.905057,52.368903]]}},{"type":"Feature","properties":{"id":1715,"source":1092,"target":1110,"cost":33.77,"reverse_cost":-1,"capacity":3000,"reverse_capacity":-1,"x1":4.903941,"y1":52.368268,"x2":4.904295,"y2":52.36848},"geometry":{"type":"LineString","coordinates":[[4.903941,52.368268],[4.904059,52.36835],[4.904141,52.368398],[4.904221,52.36844],[4.904295,52.36848]]}},{"type":"Feature","properties":{"id":1716,"source":1111,"target":1436,"cost":15.83,"reverse_cost":-1,"capacity":1500,"reverse_capacity":-1,"x1":4.905321,"y1":52.36894,"x2":4.905502,"y2":52.369029},"geometry":{"type":"LineString","coordinates":[[4.905321,52.36894],[4.905502,52.369029]]}},{"type":"Feature","properties":{"id":1717,"source":1437,"target":1436,"cost":171.42,"reverse_cost":171.42,"capacity":3000,"reverse_capacity":3000,"x1":4.907646,"y1":52.369843,"x2":4.905502,"y2":52.369029},"geometry":{"type":"LineString","coordinates":[[4.907646,52.369843],[4.905502,52.369029]]}},{"type":"Feature","properties":{"id":1718,"source":1438,"target":1385,"cost":46.06,"reverse_cost":-1,"capacity":2400,"reverse_capacity":-1,"x1":4.877888,"y1":52.363446,"x2":4.878496,"y2":52.36363},"geometry":{"type":"LineString","coordinates":[[4.877888,52.363446],[4.878,52.36348],[4.878496,52.36363]]}},{"type":"Feature","properties":{"id":1719,"source":1051,"target":871,"cost":63.74,"reverse_cost":-1,"capacity":1200,"reverse_capacity":-1,"x1":4.8754,"y1":52.362713,"x2":4.876253,"y2":52.362953},"geometry":{"type":"LineString","coordinates":[[4.8754,52.362713],[4.875425,52.36272],[4.875449,52.362726],[4.875647,52.362782],[4.876253,52.362953]]}},{"type":"Feature","properties":{"id":1720,"source":871,"target":1438,"cost":123.84,"reverse_cost":-1,"capacity":1200,"reverse_capacity":-1,"x1":4.876253,"y1":52.362953,"x2":4.877888,"y2":52.363446},"geometry":{"type":"LineString","coordinates":[[4.876253,52.362953],[4.877888,52.363446]]}},{"type":"Feature","properties":{"id":1721,"source":1439,"target":1057,"cost":88.13,"reverse_cost":-1,"capacity":3000,"reverse_capacity":-1,"x1":4.880068,"y1":52.363055,"x2":4.879176,"y2":52.363629},"geometry":{"type":"LineString","coordinates":[[4.880068,52.363055],[4.879662,52.363348],[4.879176,52.363629]]}},{"type":"Feature","properties":{"id":1722,"source":1440,"target":1320,"cost":8.86,"reverse_cost":-1,"capacity":3000,"reverse_capacity":-1,"x1":4.880191,"y1":52.362946,"x2":4.880116,"y2":52.363011},"geometry":{"type":"LineString","coordinates":[[4.880191,52.362946],[4.880116,52.363011]]}},{"type":"Feature","properties":{"id":1723,"source":1320,"target":1439,"cost":5.82,"reverse_cost":-1,"capacity":3000,"reverse_capacity":-1,"x1":4.880116,"y1":52.363011,"x2":4.880068,"y2":52.363055},"geometry":{"type":"LineString","coordinates":[[4.880116,52.363011],[4.880068,52.363055]]}},{"type":"Feature","properties":{"id":1724,"source":1250,"target":1346,"cost":19.14,"reverse_cost":-1,"capacity":3000,"reverse_capacity":-1,"x1":4.896171,"y1":52.381005,"x2":4.896218,"y2":52.381175},"geometry":{"type":"LineString","coordinates":[[4.896171,52.381005],[4.896218,52.381175]]}},{"type":"Feature","properties":{"id":1725,"source":496,"target":480,"cost":52.26,"reverse_cost":-1,"capacity":1200,"reverse_capacity":-1,"x1":4.881978,"y1":52.365749,"x2":4.882641,"y2":52.365987},"geometry":{"type":"LineString","coordinates":[[4.881978,52.365749],[4.882641,52.365987]]}},{"type":"Feature","properties":{"id":1726,"source":1441,"target":1414,"cost":35.69,"reverse_cost":35.69,"capacity":1200,"reverse_capacity":1200,"x1":4.893466,"y1":52.366976,"x2":4.893258,"y2":52.366682},"geometry":{"type":"LineString","coordinates":[[4.893466,52.366976],[4.893438,52.366942],[4.89341,52.366907],[4.893394,52.366884],[4.893337,52.366814],[4.893293,52.366756],[4.893268,52.366713],[4.893258,52.366682]]}},{"type":"Feature","properties":{"id":1727,"source":225,"target":222,"cost":82.01,"reverse_cost":-1,"capacity":1200,"reverse_capacity":-1,"x1":4.891813,"y1":52.377107,"x2":4.89114,"y2":52.376495},"geometry":{"type":"LineString","coordinates":[[4.891813,52.377107],[4.891416,52.376756],[4.89114,52.376495]]}},{"type":"Feature","properties":{"id":1728,"source":1442,"target":1065,"cost":2.76,"reverse_cost":-1,"capacity":3000,"reverse_capacity":-1,"x1":4.904533,"y1":52.378471,"x2":4.904497,"y2":52.378483},"geometry":{"type":"LineString","coordinates":[[4.904533,52.378471],[4.904497,52.378483]]}},{"type":"Feature","properties":{"id":1729,"source":1235,"target":1268,"cost":3.77,"reverse_cost":-1,"capacity":4500,"reverse_capacity":-1,"x1":4.904357,"y1":52.378351,"x2":4.904407,"y2":52.378337},"geometry":{"type":"LineString","coordinates":[[4.904357,52.378351],[4.904407,52.378337]]}},{"type":"Feature","properties":{"id":1730,"source":1443,"target":1444,"cost":19.56,"reverse_cost":19.56,"capacity":1200,"reverse_capacity":1200,"x1":4.891726,"y1":52.362083,"x2":4.891794,"y2":52.362254},"geometry":{"type":"LineString","coordinates":[[4.891726,52.362083],[4.891794,52.362254]]}},{"type":"Feature","properties":{"id":1731,"source":1444,"target":263,"cost":7.77,"reverse_cost":7.77,"capacity":1200,"reverse_capacity":1200,"x1":4.891794,"y1":52.362254,"x2":4.891823,"y2":52.362322},"geometry":{"type":"LineString","coordinates":[[4.891794,52.362254],[4.891823,52.362322]]}},{"type":"Feature","properties":{"id":1732,"source":1389,"target":1443,"cost":7.84,"reverse_cost":7.84,"capacity":1200,"reverse_capacity":1200,"x1":4.891698,"y1":52.362015,"x2":4.891726,"y2":52.362083},"geometry":{"type":"LineString","coordinates":[[4.891698,52.362015],[4.891719,52.362066],[4.891726,52.362083]]}},{"type":"Feature","properties":{"id":1733,"source":1264,"target":263,"cost":32.51,"reverse_cost":-1,"capacity":600,"reverse_capacity":-1,"x1":4.891922,"y1":52.362598,"x2":4.891823,"y2":52.362322},"geometry":{"type":"LineString","coordinates":[[4.891922,52.362598],[4.89188,52.362555],[4.891865,52.362535],[4.891799,52.362384],[4.891812,52.362352],[4.891823,52.362322]]}},{"type":"Feature","properties":{"id":1734,"source":263,"target":1264,"cost":32.34,"reverse_cost":-1,"capacity":600,"reverse_capacity":-1,"x1":4.891823,"y1":52.362322,"x2":4.891922,"y2":52.362598},"geometry":{"type":"LineString","coordinates":[[4.891823,52.362322],[4.891851,52.362353],[4.891888,52.362383],[4.891932,52.362541],[4.891927,52.362567],[4.891922,52.362598]]}},{"type":"Feature","properties":{"id":1735,"source":1417,"target":286,"cost":17.28,"reverse_cost":-1,"capacity":600,"reverse_capacity":-1,"x1":4.892478,"y1":52.364185,"x2":4.892428,"y2":52.364041},"geometry":{"type":"LineString","coordinates":[[4.892478,52.364185],[4.892425,52.364121],[4.892407,52.364069],[4.892428,52.364041]]}},{"type":"Feature","properties":{"id":1736,"source":286,"target":1417,"cost":17.3,"reverse_cost":-1,"capacity":600,"reverse_capacity":-1,"x1":4.892428,"y1":52.364041,"x2":4.892478,"y2":52.364185},"geometry":{"type":"LineString","coordinates":[[4.892428,52.364041],[4.89247,52.364067],[4.892484,52.364113],[4.892478,52.364185]]}},{"type":"Feature","properties":{"id":1737,"source":102,"target":1420,"cost":4.92,"reverse_cost":4.92,"capacity":1800,"reverse_capacity":1800,"x1":4.892774,"y1":52.365028,"x2":4.892789,"y2":52.365071},"geometry":{"type":"LineString","coordinates":[[4.892774,52.365028],[4.892789,52.365071]]}},{"type":"Feature","properties":{"id":1738,"source":102,"target":1416,"cost":15.08,"reverse_cost":-1,"capacity":600,"reverse_capacity":-1,"x1":4.892774,"y1":52.365028,"x2":4.89273,"y2":52.364903},"geometry":{"type":"LineString","coordinates":[[4.892774,52.365028],[4.892731,52.364996],[4.892719,52.364961],[4.89273,52.364903]]}},{"type":"Feature","properties":{"id":1739,"source":1416,"target":102,"cost":15.0,"reverse_cost":-1,"capacity":600,"reverse_capacity":-1,"x1":4.89273,"y1":52.364903,"x2":4.892774,"y2":52.365028},"geometry":{"type":"LineString","coordinates":[[4.89273,52.364903],[4.89278,52.364954],[4.892792,52.364988],[4.892774,52.365028]]}},{"type":"Feature","properties":{"id":1740,"source":281,"target":1263,"cost":19.54,"reverse_cost":-1,"capacity":600,"reverse_capacity":-1,"x1":4.89231,"y1":52.363688,"x2":4.892246,"y2":52.363524},"geometry":{"type":"LineString","coordinates":[[4.89231,52.363688],[4.892258,52.363647],[4.892244,52.363611],[4.892246,52.363524]]}},{"type":"Feature","properties":{"id":1741,"source":1263,"target":281,"cost":19.72,"reverse_cost":-1,"capacity":600,"reverse_capacity":-1,"x1":4.892246,"y1":52.363524,"x2":4.89231,"y2":52.363688},"geometry":{"type":"LineString","coordinates":[[4.892246,52.363524],[4.892316,52.3636],[4.892328,52.363639],[4.89231,52.363688]]}},{"type":"Feature","properties":{"id":1742,"source":1121,"target":1119,"cost":22.56,"reverse_cost":-1,"capacity":800,"reverse_capacity":-1,"x1":4.87509,"y1":52.374091,"x2":4.875419,"y2":52.374061},"geometry":{"type":"LineString","coordinates":[[4.87509,52.374091],[4.875158,52.374084],[4.875419,52.374061]]}},{"type":"Feature","properties":{"id":1743,"source":627,"target":1236,"cost":109.02,"reverse_cost":-1,"capacity":1200,"reverse_capacity":-1,"x1":4.873994,"y1":52.374376,"x2":4.873451,"y2":52.373453},"geometry":{"type":"LineString","coordinates":[[4.873994,52.374376],[4.873958,52.374317],[4.873451,52.373453]]}},{"type":"Feature","properties":{"id":1744,"source":651,"target":644,"cost":4.19,"reverse_cost":-1,"capacity":1500,"reverse_capacity":-1,"x1":4.874971,"y1":52.374108,"x2":4.874963,"y2":52.37407},"geometry":{"type":"LineString","coordinates":[[4.874971,52.374108],[4.874963,52.37407]]}},{"type":"Feature","properties":{"id":1745,"source":645,"target":628,"cost":40.06,"reverse_cost":-1,"capacity":1500,"reverse_capacity":-1,"x1":4.874982,"y1":52.373848,"x2":4.875018,"y2":52.373488},"geometry":{"type":"LineString","coordinates":[[4.874982,52.373848],[4.875018,52.373488]]}},{"type":"Feature","properties":{"id":1746,"source":1427,"target":650,"cost":38.01,"reverse_cost":-1,"capacity":1500,"reverse_capacity":-1,"x1":4.875127,"y1":52.374212,"x2":4.875191,"y2":52.37455},"geometry":{"type":"LineString","coordinates":[[4.875127,52.374212],[4.875146,52.374285],[4.875199,52.374483],[4.875191,52.37455]]}},{"type":"Feature","properties":{"id":1747,"source":1318,"target":1249,"cost":6.82,"reverse_cost":-1,"capacity":2000,"reverse_capacity":-1,"x1":4.896063,"y1":52.380808,"x2":4.896107,"y2":52.380863},"geometry":{"type":"LineString","coordinates":[[4.896063,52.380808],[4.896088,52.380837],[4.896107,52.380863]]}},{"type":"Feature","properties":{"id":1748,"source":1353,"target":1317,"cost":10.13,"reverse_cost":-1,"capacity":2000,"reverse_capacity":-1,"x1":4.895416,"y1":52.38019,"x2":4.895493,"y2":52.380268},"geometry":{"type":"LineString","coordinates":[[4.895416,52.38019],[4.895493,52.380268]]}},{"type":"Feature","properties":{"id":1749,"source":1349,"target":712,"cost":26.24,"reverse_cost":-1,"capacity":1000,"reverse_capacity":-1,"x1":4.895426,"y1":52.380295,"x2":4.895181,"y2":52.380112},"geometry":{"type":"LineString","coordinates":[[4.895426,52.380295],[4.895398,52.380269],[4.895181,52.380112]]}},{"type":"Feature","properties":{"id":1750,"source":1345,"target":1348,"cost":7.44,"reverse_cost":-1,"capacity":2000,"reverse_capacity":-1,"x1":4.89601,"y1":52.380893,"x2":4.895972,"y2":52.380831},"geometry":{"type":"LineString","coordinates":[[4.89601,52.380893],[4.896004,52.380876],[4.895994,52.38086],[4.895972,52.380831]]}},{"type":"Feature","properties":{"id":1751,"source":1445,"target":921,"cost":7.34,"reverse_cost":-1,"capacity":2400,"reverse_capacity":-1,"x1":4.903668,"y1":52.375159,"x2":4.903603,"y2":52.375212},"geometry":{"type":"LineString","coordinates":[[4.903668,52.375159],[4.903603,52.375212]]}},{"type":"Feature","properties":{"id":1752,"source":923,"target":1116,"cost":6.72,"reverse_cost":-1,"capacity":3000,"reverse_capacity":-1,"x1":4.903445,"y1":52.37519,"x2":4.903509,"y2":52.375144},"geometry":{"type":"LineString","coordinates":[[4.903445,52.37519],[4.903509,52.375144]]}},{"type":"Feature","properties":{"id":1753,"source":1394,"target":1193,"cost":29.0,"reverse_cost":-1,"capacity":2000,"reverse_capacity":-1,"x1":4.875912,"y1":52.368268,"x2":4.876304,"y2":52.368371},"geometry":{"type":"LineString","coordinates":[[4.875912,52.368268],[4.876032,52.3683],[4.876096,52.368317],[4.876177,52.368339],[4.876304,52.368371]]}},{"type":"Feature","properties":{"id":1754,"source":201,"target":1446,"cost":66.88,"reverse_cost":66.88,"capacity":1200,"reverse_capacity":1200,"x1":4.893111,"y1":52.366087,"x2":4.892928,"y2":52.365496},"geometry":{"type":"LineString","coordinates":[[4.893111,52.366087],[4.893085,52.366],[4.893062,52.365929],[4.893058,52.365915],[4.892994,52.365713],[4.892977,52.365658],[4.892928,52.365496]]}},{"type":"Feature","properties":{"id":1755,"source":1446,"target":208,"cost":19.18,"reverse_cost":-1,"capacity":600,"reverse_capacity":-1,"x1":4.892928,"y1":52.365496,"x2":4.892877,"y2":52.365332},"geometry":{"type":"LineString","coordinates":[[4.892928,52.365496],[4.89288,52.365434],[4.892862,52.365375],[4.892877,52.365332]]}},{"type":"Feature","properties":{"id":1756,"source":208,"target":1446,"cost":19.13,"reverse_cost":-1,"capacity":600,"reverse_capacity":-1,"x1":4.892877,"y1":52.365332,"x2":4.892928,"y2":52.365496},"geometry":{"type":"LineString","coordinates":[[4.892877,52.365332],[4.892917,52.365371],[4.892936,52.36543],[4.892928,52.365496]]}},{"type":"Feature","properties":{"id":1757,"source":1292,"target":882,"cost":80.67,"reverse_cost":-1,"capacity":1200,"reverse_capacity":-1,"x1":4.899906,"y1":52.376419,"x2":4.900762,"y2":52.376865},"geometry":{"type":"LineString","coordinates":[[4.899906,52.376419],[4.900613,52.376644],[4.90068,52.376744],[4.900762,52.376865]]}},{"type":"Feature","properties":{"id":1758,"source":1447,"target":82,"cost":9.6,"reverse_cost":9.6,"capacity":1200,"reverse_capacity":1200,"x1":4.903164,"y1":52.3757,"x2":4.903306,"y2":52.375698},"geometry":{"type":"LineString","coordinates":[[4.903164,52.3757],[4.90321,52.3757],[4.903306,52.375698]]}},{"type":"Feature","properties":{"id":1759,"source":1212,"target":1442,"cost":27.31,"reverse_cost":-1,"capacity":3000,"reverse_capacity":-1,"x1":4.904896,"y1":52.378364,"x2":4.904533,"y2":52.378471},"geometry":{"type":"LineString","coordinates":[[4.904896,52.378364],[4.904544,52.378468],[4.904533,52.378471]]}},{"type":"Feature","properties":{"id":1760,"source":586,"target":584,"cost":67.5,"reverse_cost":-1,"capacity":1200,"reverse_capacity":-1,"x1":4.875783,"y1":52.377365,"x2":4.874853,"y2":52.377579},"geometry":{"type":"LineString","coordinates":[[4.875783,52.377365],[4.874891,52.37757],[4.874853,52.377579]]}},{"type":"Feature","properties":{"id":1761,"source":797,"target":1168,"cost":45.34,"reverse_cost":-1,"capacity":1200,"reverse_capacity":-1,"x1":4.87532,"y1":52.378344,"x2":4.875942,"y2":52.378195},"geometry":{"type":"LineString","coordinates":[[4.87532,52.378344],[4.875942,52.378195]]}},{"type":"Feature","properties":{"id":1762,"source":684,"target":698,"cost":8.74,"reverse_cost":8.74,"capacity":1200,"reverse_capacity":1200,"x1":4.891552,"y1":52.381145,"x2":4.891604,"y2":52.381217},"geometry":{"type":"LineString","coordinates":[[4.891552,52.381145],[4.891604,52.381217]]}},{"type":"Feature","properties":{"id":1763,"source":698,"target":703,"cost":5.51,"reverse_cost":5.51,"capacity":1200,"reverse_capacity":1200,"x1":4.891604,"y1":52.381217,"x2":4.891637,"y2":52.381262},"geometry":{"type":"LineString","coordinates":[[4.891604,52.381217],[4.891637,52.381262]]}},{"type":"Feature","properties":{"id":1764,"source":1448,"target":868,"cost":113.5,"reverse_cost":-1,"capacity":1200,"reverse_capacity":-1,"x1":4.890355,"y1":52.371585,"x2":4.890159,"y2":52.370632},"geometry":{"type":"LineString","coordinates":[[4.890355,52.371585],[4.890326,52.371553],[4.890307,52.371515],[4.890276,52.371359],[4.890264,52.371307],[4.890236,52.371181],[4.890191,52.371039],[4.89014,52.370928],[4.89008,52.370823],[4.890045,52.37077],[4.890024,52.370729],[4.890033,52.370698],[4.890056,52.370672],[4.890117,52.370644],[4.890138,52.370638],[4.890159,52.370632]]}},{"type":"Feature","properties":{"id":1765,"source":1285,"target":1448,"cost":70.26,"reverse_cost":-1,"capacity":1200,"reverse_capacity":-1,"x1":4.889366,"y1":52.371558,"x2":4.890355,"y2":52.371585},"geometry":{"type":"LineString","coordinates":[[4.889366,52.371558],[4.889435,52.371552],[4.889502,52.37155],[4.88956,52.371556],[4.890218,52.371635],[4.890257,52.371634],[4.89029,52.371625],[4.890318,52.371613],[4.890355,52.371585]]}},{"type":"Feature","properties":{"id":1766,"source":956,"target":1319,"cost":23.38,"reverse_cost":-1,"capacity":1200,"reverse_capacity":-1,"x1":4.880563,"y1":52.36304,"x2":4.880228,"y2":52.363003},"geometry":{"type":"LineString","coordinates":[[4.880563,52.36304],[4.880451,52.363021],[4.880342,52.363002],[4.880228,52.363003]]}},{"type":"Feature","properties":{"id":1767,"source":1313,"target":1440,"cost":3.67,"reverse_cost":-1,"capacity":3000,"reverse_capacity":-1,"x1":4.88022,"y1":52.362918,"x2":4.880191,"y2":52.362946},"geometry":{"type":"LineString","coordinates":[[4.88022,52.362918],[4.880191,52.362946]]}},{"type":"Feature","properties":{"id":1768,"source":290,"target":1389,"cost":19.8,"reverse_cost":-1,"capacity":1200,"reverse_capacity":-1,"x1":4.891416,"y1":52.36206,"x2":4.891698,"y2":52.362015},"geometry":{"type":"LineString","coordinates":[[4.891416,52.36206],[4.891531,52.362041],[4.891545,52.362038],[4.891604,52.362029],[4.891678,52.362018],[4.891698,52.362015]]}},{"type":"Feature","properties":{"id":1769,"source":1389,"target":1301,"cost":1.37,"reverse_cost":-1,"capacity":1200,"reverse_capacity":-1,"x1":4.891698,"y1":52.362015,"x2":4.891718,"y2":52.362012},"geometry":{"type":"LineString","coordinates":[[4.891698,52.362015],[4.891718,52.362012]]}},{"type":"Feature","properties":{"id":1770,"source":1412,"target":444,"cost":143.94,"reverse_cost":143.94,"capacity":1200,"reverse_capacity":1200,"x1":4.877724,"y1":52.370494,"x2":4.879669,"y2":52.371009},"geometry":{"type":"LineString","coordinates":[[4.877724,52.370494],[4.87793,52.370553],[4.878244,52.370634],[4.878262,52.370641],[4.878545,52.370714],[4.879631,52.370998],[4.879669,52.371009]]}},{"type":"Feature","properties":{"id":1771,"source":846,"target":474,"cost":30.06,"reverse_cost":-1,"capacity":600,"reverse_capacity":-1,"x1":4.88781,"y1":52.368395,"x2":4.888094,"y2":52.368187},"geometry":{"type":"LineString","coordinates":[[4.88781,52.368395],[4.888094,52.368187]]}},{"type":"Feature","properties":{"id":1772,"source":115,"target":1001,"cost":84.62,"reverse_cost":-1,"capacity":600,"reverse_capacity":-1,"x1":4.899847,"y1":52.375447,"x2":4.899206,"y2":52.374795},"geometry":{"type":"LineString","coordinates":[[4.899847,52.375447],[4.899782,52.375383],[4.899699,52.375299],[4.899671,52.37527],[4.899479,52.375076],[4.899206,52.374795]]}},{"type":"Feature","properties":{"id":1773,"source":134,"target":135,"cost":77.92,"reverse_cost":-1,"capacity":600,"reverse_capacity":-1,"x1":4.899598,"y1":52.374698,"x2":4.9002,"y2":52.375292},"geometry":{"type":"LineString","coordinates":[[4.899598,52.374698],[4.900164,52.375236],[4.900189,52.375264],[4.9002,52.375278],[4.9002,52.375292]]}},{"type":"Feature","properties":{"id":1774,"source":1404,"target":1399,"cost":2.45,"reverse_cost":-1,"capacity":1000,"reverse_capacity":-1,"x1":4.903497,"y1":52.367982,"x2":4.903473,"y2":52.367998},"geometry":{"type":"LineString","coordinates":[[4.903497,52.367982],[4.903484,52.367994],[4.903473,52.367998]]}},{"type":"Feature","properties":{"id":1775,"source":1399,"target":62,"cost":25.99,"reverse_cost":-1,"capacity":1000,"reverse_capacity":-1,"x1":4.903473,"y1":52.367998,"x2":4.903107,"y2":52.367965},"geometry":{"type":"LineString","coordinates":[[4.903473,52.367998],[4.90346,52.368003],[4.903439,52.368009],[4.903423,52.368012],[4.903399,52.368014],[4.903378,52.368013],[4.903342,52.368009],[4.903254,52.367993],[4.903213,52.367986],[4.903164,52.367977],[4.903107,52.367965]]}},{"type":"Feature","properties":{"id":1776,"source":62,"target":211,"cost":189.17,"reverse_cost":-1,"capacity":1000,"reverse_capacity":-1,"x1":4.903107,"y1":52.367965,"x2":4.901473,"y2":52.366607},"geometry":{"type":"LineString","coordinates":[[4.903107,52.367965],[4.903045,52.367949],[4.902999,52.367933],[4.90296,52.367918],[4.902915,52.367897],[4.902883,52.367879],[4.902857,52.367861],[4.90283,52.367838],[4.902774,52.367789],[4.902439,52.367478],[4.902399,52.367443],[4.902332,52.367396],[4.902256,52.367333],[4.901718,52.366843],[4.901613,52.366719],[4.901548,52.366661],[4.901473,52.366607]]}},{"type":"Feature","properties":{"id":1777,"source":195,"target":1127,"cost":140.62,"reverse_cost":-1,"capacity":1200,"reverse_capacity":-1,"x1":4.900985,"y1":52.374265,"x2":4.900419,"y2":52.373049},"geometry":{"type":"LineString","coordinates":[[4.900985,52.374265],[4.900464,52.373145],[4.900436,52.373082],[4.900419,52.373049]]}},{"type":"Feature","properties":{"id":1778,"source":1227,"target":1449,"cost":12.76,"reverse_cost":-1,"capacity":1200,"reverse_capacity":-1,"x1":4.893287,"y1":52.36716,"x2":4.893444,"y2":52.367097},"geometry":{"type":"LineString","coordinates":[[4.893287,52.36716],[4.893325,52.367146],[4.893366,52.367133],[4.893408,52.367117],[4.893444,52.367097]]}},{"type":"Feature","properties":{"id":1779,"source":1449,"target":1441,"cost":13.62,"reverse_cost":-1,"capacity":1200,"reverse_capacity":-1,"x1":4.893444,"y1":52.367097,"x2":4.893466,"y2":52.366976},"geometry":{"type":"LineString","coordinates":[[4.893444,52.367097],[4.893461,52.367006],[4.893466,52.366976]]}},{"type":"Feature","properties":{"id":1780,"source":1316,"target":690,"cost":27.98,"reverse_cost":-1,"capacity":1200,"reverse_capacity":-1,"x1":4.893569,"y1":52.380151,"x2":4.893269,"y2":52.380324},"geometry":{"type":"LineString","coordinates":[[4.893569,52.380151],[4.89348,52.380202],[4.893269,52.380324]]}},{"type":"Feature","properties":{"id":1781,"source":1361,"target":1062,"cost":10.34,"reverse_cost":-1,"capacity":1000,"reverse_capacity":-1,"x1":4.876039,"y1":52.372169,"x2":4.876181,"y2":52.372201},"geometry":{"type":"LineString","coordinates":[[4.876039,52.372169],[4.876113,52.372184],[4.876181,52.372201]]}},{"type":"Feature","properties":{"id":1782,"source":640,"target":638,"cost":36.32,"reverse_cost":-1,"capacity":1600,"reverse_capacity":-1,"x1":4.876114,"y1":52.374054,"x2":4.875585,"y2":52.374102},"geometry":{"type":"LineString","coordinates":[[4.876114,52.374054],[4.875585,52.374102]]}},{"type":"Feature","properties":{"id":1783,"source":213,"target":1282,"cost":13.15,"reverse_cost":-1,"capacity":2000,"reverse_capacity":-1,"x1":4.893813,"y1":52.36716,"x2":4.89367,"y2":52.367237},"geometry":{"type":"LineString","coordinates":[[4.893813,52.36716],[4.893749,52.367185],[4.893718,52.367199],[4.893698,52.36721],[4.893681,52.367225],[4.89367,52.367237]]}},{"type":"Feature","properties":{"id":1784,"source":1450,"target":1398,"cost":52.44,"reverse_cost":-1,"capacity":1200,"reverse_capacity":-1,"x1":4.894674,"y1":52.378958,"x2":4.895312,"y2":52.379224},"geometry":{"type":"LineString","coordinates":[[4.894674,52.378958],[4.895035,52.379114],[4.895129,52.379156],[4.89518,52.379178],[4.895312,52.379224]]}},{"type":"Feature","properties":{"id":1785,"source":695,"target":1450,"cost":5.43,"reverse_cost":-1,"capacity":1200,"reverse_capacity":-1,"x1":4.894609,"y1":52.378929,"x2":4.894674,"y2":52.378958},"geometry":{"type":"LineString","coordinates":[[4.894609,52.378929],[4.894674,52.378958]]}},{"type":"Feature","properties":{"id":1786,"source":653,"target":1047,"cost":41.69,"reverse_cost":41.69,"capacity":3000,"reverse_capacity":3000,"x1":4.874101,"y1":52.372553,"x2":4.874455,"y2":52.372859},"geometry":{"type":"LineString","coordinates":[[4.874101,52.372553],[4.874246,52.372699],[4.874455,52.372859]]}},{"type":"Feature","properties":{"id":1787,"source":1047,"target":648,"cost":55.25,"reverse_cost":55.25,"capacity":3000,"reverse_capacity":3000,"x1":4.874455,"y1":52.372859,"x2":4.874918,"y2":52.37326},"geometry":{"type":"LineString","coordinates":[[4.874455,52.372859],[4.874761,52.37308],[4.874871,52.373166],[4.874918,52.37326]]}},{"type":"Feature","properties":{"id":1788,"source":1405,"target":1451,"cost":1.6,"reverse_cost":-1,"capacity":1200,"reverse_capacity":-1,"x1":4.878502,"y1":52.378459,"x2":4.878505,"y2":52.378473},"geometry":{"type":"LineString","coordinates":[[4.878502,52.378459],[4.878505,52.378473]]}},{"type":"Feature","properties":{"id":1789,"source":1452,"target":738,"cost":6.91,"reverse_cost":-1,"capacity":1200,"reverse_capacity":-1,"x1":4.878514,"y1":52.378506,"x2":4.878522,"y2":52.378568},"geometry":{"type":"LineString","coordinates":[[4.878514,52.378506],[4.878517,52.378515],[4.878522,52.378568]]}},{"type":"Feature","properties":{"id":1790,"source":1406,"target":1180,"cost":16.29,"reverse_cost":-1,"capacity":800,"reverse_capacity":-1,"x1":4.878381,"y1":52.378496,"x2":4.878159,"y2":52.378551},"geometry":{"type":"LineString","coordinates":[[4.878381,52.378496],[4.878159,52.378551]]}},{"type":"Feature","properties":{"id":1791,"source":838,"target":746,"cost":36.64,"reverse_cost":-1,"capacity":2000,"reverse_capacity":-1,"x1":4.875488,"y1":52.378836,"x2":4.875114,"y2":52.378999},"geometry":{"type":"LineString","coordinates":[[4.875488,52.378836],[4.875383,52.378933],[4.875306,52.379004],[4.875252,52.379024],[4.875228,52.379025],[4.875197,52.379022],[4.875114,52.378999]]}},{"type":"Feature","properties":{"id":1792,"source":899,"target":1453,"cost":41.89,"reverse_cost":-1,"capacity":1200,"reverse_capacity":-1,"x1":4.874293,"y1":52.380161,"x2":4.87488,"y2":52.380273},"geometry":{"type":"LineString","coordinates":[[4.874293,52.380161],[4.87435,52.380181],[4.87488,52.380273]]}},{"type":"Feature","properties":{"id":1793,"source":796,"target":1070,"cost":44.69,"reverse_cost":-1,"capacity":1000,"reverse_capacity":-1,"x1":4.875279,"y1":52.378356,"x2":4.875593,"y2":52.378709},"geometry":{"type":"LineString","coordinates":[[4.875279,52.378356],[4.875523,52.378643],[4.875574,52.378688],[4.875593,52.378709]]}},{"type":"Feature","properties":{"id":1794,"source":932,"target":1322,"cost":12.79,"reverse_cost":-1,"capacity":1500,"reverse_capacity":-1,"x1":4.877671,"y1":52.378692,"x2":4.87763,"y2":52.37858},"geometry":{"type":"LineString","coordinates":[[4.877671,52.378692],[4.877656,52.378657],[4.877651,52.378644],[4.877645,52.378631],[4.87763,52.37858]]}},{"type":"Feature","properties":{"id":1795,"source":768,"target":1454,"cost":63.18,"reverse_cost":-1,"capacity":1200,"reverse_capacity":-1,"x1":4.88625,"y1":52.38153,"x2":4.886924,"y2":52.381139},"geometry":{"type":"LineString","coordinates":[[4.88625,52.38153],[4.886799,52.381211],[4.886924,52.381139]]}},{"type":"Feature","properties":{"id":1796,"source":1454,"target":816,"cost":61.37,"reverse_cost":-1,"capacity":1200,"reverse_capacity":-1,"x1":4.886924,"y1":52.381139,"x2":4.887589,"y2":52.380765},"geometry":{"type":"LineString","coordinates":[[4.886924,52.381139],[4.887467,52.380832],[4.887589,52.380765]]}},{"type":"Feature","properties":{"id":1797,"source":765,"target":768,"cost":8.02,"reverse_cost":8.02,"capacity":1200,"reverse_capacity":1200,"x1":4.886161,"y1":52.381578,"x2":4.88625,"y2":52.38153},"geometry":{"type":"LineString","coordinates":[[4.886161,52.381578],[4.88625,52.38153]]}},{"type":"Feature","properties":{"id":1798,"source":1259,"target":826,"cost":7.25,"reverse_cost":-1,"capacity":2400,"reverse_capacity":-1,"x1":4.872849,"y1":52.374817,"x2":4.872744,"y2":52.374827},"geometry":{"type":"LineString","coordinates":[[4.872849,52.374817],[4.872832,52.374821],[4.872744,52.374827]]}},{"type":"Feature","properties":{"id":1799,"source":826,"target":854,"cost":15.88,"reverse_cost":-1,"capacity":2400,"reverse_capacity":-1,"x1":4.872744,"y1":52.374827,"x2":4.872544,"y2":52.374759},"geometry":{"type":"LineString","coordinates":[[4.872744,52.374827],[4.872676,52.374817],[4.87261,52.374797],[4.872578,52.37478],[4.872544,52.374759]]}},{"type":"Feature","properties":{"id":1800,"source":602,"target":598,"cost":107.21,"reverse_cost":-1,"capacity":1200,"reverse_capacity":-1,"x1":4.872677,"y1":52.369369,"x2":4.87221,"y2":52.370287},"geometry":{"type":"LineString","coordinates":[[4.872677,52.369369],[4.872441,52.36972],[4.872294,52.370038],[4.87221,52.370287]]}},{"type":"Feature","properties":{"id":1801,"source":598,"target":641,"cost":123.21,"reverse_cost":-1,"capacity":1200,"reverse_capacity":-1,"x1":4.87221,"y1":52.370287,"x2":4.872473,"y2":52.371373},"geometry":{"type":"LineString","coordinates":[[4.87221,52.370287],[4.872193,52.370469],[4.8722,52.370657],[4.872248,52.370891],[4.872333,52.371112],[4.872473,52.371373]]}},{"type":"Feature","properties":{"id":1802,"source":1224,"target":441,"cost":17.79,"reverse_cost":-1,"capacity":1000,"reverse_capacity":-1,"x1":4.889481,"y1":52.373176,"x2":4.889638,"y2":52.373055},"geometry":{"type":"LineString","coordinates":[[4.889481,52.373176],[4.889509,52.373167],[4.889536,52.373155],[4.88956,52.373142],[4.889582,52.373127],[4.889584,52.373125],[4.889601,52.37311],[4.889617,52.373093],[4.889629,52.373074],[4.889638,52.373055]]}},{"type":"Feature","properties":{"id":1803,"source":1382,"target":1455,"cost":30.11,"reverse_cost":-1,"capacity":1000,"reverse_capacity":-1,"x1":4.890317,"y1":52.373233,"x2":4.889877,"y2":52.373258},"geometry":{"type":"LineString","coordinates":[[4.890317,52.373233],[4.890305,52.373232],[4.890284,52.37323],[4.890263,52.373229],[4.890243,52.373229],[4.890222,52.373229],[4.890178,52.373231],[4.890135,52.373233],[4.890091,52.373235],[4.890048,52.373239],[4.890005,52.373243],[4.889962,52.373247],[4.88992,52.373252],[4.889877,52.373258]]}},{"type":"Feature","properties":{"id":1804,"source":1455,"target":248,"cost":11.05,"reverse_cost":-1,"capacity":3000,"reverse_capacity":-1,"x1":4.889877,"y1":52.373258,"x2":4.889716,"y2":52.373273},"geometry":{"type":"LineString","coordinates":[[4.889877,52.373258],[4.889832,52.373263],[4.889716,52.373273]]}},{"type":"Feature","properties":{"id":1805,"source":138,"target":1381,"cost":32.86,"reverse_cost":-1,"capacity":1000,"reverse_capacity":-1,"x1":4.890948,"y1":52.374157,"x2":4.890788,"y2":52.373878},"geometry":{"type":"LineString","coordinates":[[4.890948,52.374157],[4.890934,52.374136],[4.890867,52.374034],[4.890819,52.37394],[4.890788,52.373878]]}},{"type":"Feature","properties":{"id":1806,"source":916,"target":1377,"cost":8.73,"reverse_cost":-1,"capacity":1200,"reverse_capacity":-1,"x1":4.888966,"y1":52.368652,"x2":4.889087,"y2":52.36863},"geometry":{"type":"LineString","coordinates":[[4.888966,52.368652],[4.888999,52.36864],[4.889047,52.368631],[4.889087,52.36863]]}},{"type":"Feature","properties":{"id":1807,"source":869,"target":860,"cost":19.4,"reverse_cost":-1,"capacity":1200,"reverse_capacity":-1,"x1":4.89073,"y1":52.37243,"x2":4.890717,"y2":52.372605},"geometry":{"type":"LineString","coordinates":[[4.89073,52.37243],[4.890723,52.372508],[4.890717,52.372605]]}},{"type":"Feature","properties":{"id":1808,"source":861,"target":1280,"cost":27.29,"reverse_cost":-1,"capacity":1000,"reverse_capacity":-1,"x1":4.8907,"y1":52.372934,"x2":4.890695,"y2":52.373179},"geometry":{"type":"LineString","coordinates":[[4.8907,52.372934],[4.890689,52.373117],[4.890695,52.373179]]}},{"type":"Feature","properties":{"id":1809,"source":1400,"target":1098,"cost":8.09,"reverse_cost":-1,"capacity":3000,"reverse_capacity":-1,"x1":4.903469,"y1":52.367979,"x2":4.903484,"y2":52.367907},"geometry":{"type":"LineString","coordinates":[[4.903469,52.367979],[4.903468,52.367967],[4.90347,52.367951],[4.903475,52.367936],[4.903484,52.367907]]}},{"type":"Feature","properties":{"id":1810,"source":1456,"target":1457,"cost":52.78,"reverse_cost":-1,"capacity":1000,"reverse_capacity":-1,"x1":4.877514,"y1":52.378741,"x2":4.876803,"y2":52.378933},"geometry":{"type":"LineString","coordinates":[[4.877514,52.378741],[4.876881,52.378912],[4.876803,52.378933]]}},{"type":"Feature","properties":{"id":1811,"source":1070,"target":1321,"cost":136.04,"reverse_cost":-1,"capacity":1000,"reverse_capacity":-1,"x1":4.875593,"y1":52.378709,"x2":4.87744,"y2":52.378638},"geometry":{"type":"LineString","coordinates":[[4.875593,52.378709],[4.87564,52.378735],[4.875682,52.378752],[4.875734,52.37877],[4.876161,52.378865],[4.876221,52.378877],[4.876277,52.378886],[4.876326,52.378891],[4.87637,52.378894],[4.876478,52.378892],[4.876527,52.37889],[4.876566,52.378886],[4.876595,52.378881],[4.876616,52.378876],[4.876732,52.378844],[4.877408,52.378651],[4.87744,52.378638]]}},{"type":"Feature","properties":{"id":1812,"source":896,"target":932,"cost":8.92,"reverse_cost":-1,"capacity":1000,"reverse_capacity":-1,"x1":4.877791,"y1":52.378659,"x2":4.877671,"y2":52.378692},"geometry":{"type":"LineString","coordinates":[[4.877791,52.378659],[4.877782,52.378662],[4.877719,52.378679],[4.877671,52.378692]]}},{"type":"Feature","properties":{"id":1813,"source":932,"target":1456,"cost":12.01,"reverse_cost":-1,"capacity":1000,"reverse_capacity":-1,"x1":4.877671,"y1":52.378692,"x2":4.877514,"y2":52.378741},"geometry":{"type":"LineString","coordinates":[[4.877671,52.378692],[4.877644,52.378701],[4.877632,52.378705],[4.877616,52.378711],[4.877566,52.378725],[4.87753,52.378736],[4.877514,52.378741]]}},{"type":"Feature","properties":{"id":1814,"source":1458,"target":1171,"cost":89.83,"reverse_cost":-1,"capacity":2000,"reverse_capacity":-1,"x1":4.870887,"y1":52.366895,"x2":4.872092,"y2":52.367227},"geometry":{"type":"LineString","coordinates":[[4.870887,52.366895],[4.87107,52.366946],[4.871194,52.366982],[4.871422,52.367049],[4.871606,52.367103],[4.871723,52.367136],[4.871855,52.367173],[4.871983,52.367205],[4.872016,52.367212],[4.872092,52.367227]]}},{"type":"Feature","properties":{"id":1815,"source":1126,"target":1421,"cost":12.01,"reverse_cost":-1,"capacity":1200,"reverse_capacity":-1,"x1":4.902931,"y1":52.376288,"x2":4.903078,"y2":52.376348},"geometry":{"type":"LineString","coordinates":[[4.902931,52.376288],[4.903058,52.376336],[4.903078,52.376348]]}},{"type":"Feature","properties":{"id":1816,"source":1459,"target":1379,"cost":9.38,"reverse_cost":-1,"capacity":1200,"reverse_capacity":-1,"x1":4.903807,"y1":52.377133,"x2":4.903885,"y2":52.377202},"geometry":{"type":"LineString","coordinates":[[4.903807,52.377133],[4.903823,52.377154],[4.90384,52.37717],[4.903861,52.377185],[4.903885,52.377202]]}},{"type":"Feature","properties":{"id":1817,"source":1460,"target":1379,"cost":11.95,"reverse_cost":-1,"capacity":800,"reverse_capacity":-1,"x1":4.903987,"y1":52.377115,"x2":4.903885,"y2":52.377202},"geometry":{"type":"LineString","coordinates":[[4.903987,52.377115],[4.903905,52.377185],[4.903885,52.377202]]}},{"type":"Feature","properties":{"id":1818,"source":1461,"target":1460,"cost":14.86,"reverse_cost":-1,"capacity":800,"reverse_capacity":-1,"x1":4.903808,"y1":52.37704,"x2":4.903987,"y2":52.377115},"geometry":{"type":"LineString","coordinates":[[4.903808,52.37704],[4.903827,52.377053],[4.903847,52.377064],[4.903871,52.377075],[4.903889,52.377082],[4.903915,52.37709],[4.903987,52.377115]]}},{"type":"Feature","properties":{"id":1819,"source":519,"target":1199,"cost":8.36,"reverse_cost":8.36,"capacity":1200,"reverse_capacity":1200,"x1":4.886646,"y1":52.378899,"x2":4.886677,"y2":52.378972},"geometry":{"type":"LineString","coordinates":[[4.886646,52.378899],[4.886677,52.378972]]}},{"type":"Feature","properties":{"id":1820,"source":1177,"target":1195,"cost":16.69,"reverse_cost":-1,"capacity":600,"reverse_capacity":-1,"x1":4.877934,"y1":52.368724,"x2":4.878124,"y2":52.368809},"geometry":{"type":"LineString","coordinates":[[4.877934,52.368724],[4.87796,52.36873],[4.878004,52.368741],[4.878027,52.368747],[4.878064,52.368758],[4.878076,52.368768],[4.878124,52.368809]]}},{"type":"Feature","properties":{"id":1821,"source":1457,"target":837,"cost":92.55,"reverse_cost":-1,"capacity":1000,"reverse_capacity":-1,"x1":4.876803,"y1":52.378933,"x2":4.875516,"y2":52.37881},"geometry":{"type":"LineString","coordinates":[[4.876803,52.378933],[4.876594,52.378986],[4.876563,52.378992],[4.87652,52.378998],[4.876498,52.379],[4.876471,52.379001],[4.876435,52.379002],[4.876395,52.379001],[4.876356,52.378998],[4.876309,52.378991],[4.876135,52.378955],[4.875847,52.378894],[4.875681,52.378852],[4.875549,52.378819],[4.875516,52.37881]]}},{"type":"Feature","properties":{"id":1822,"source":1010,"target":1072,"cost":4.94,"reverse_cost":4.94,"capacity":1200,"reverse_capacity":1200,"x1":4.901483,"y1":52.374094,"x2":4.901548,"y2":52.374073},"geometry":{"type":"LineString","coordinates":[[4.901483,52.374094],[4.901496,52.37409],[4.901548,52.374073]]}},{"type":"Feature","properties":{"id":1823,"source":1462,"target":1117,"cost":25.96,"reverse_cost":-1,"capacity":800,"reverse_capacity":-1,"x1":4.902632,"y1":52.376062,"x2":4.903007,"y2":52.376094},"geometry":{"type":"LineString","coordinates":[[4.902632,52.376062],[4.902677,52.376072],[4.902734,52.376081],[4.902794,52.37609],[4.902847,52.376096],[4.902885,52.376098],[4.902913,52.376098],[4.902946,52.376098],[4.902971,52.376097],[4.903007,52.376094]]}},{"type":"Feature","properties":{"id":1824,"source":554,"target":1463,"cost":15.48,"reverse_cost":-1,"capacity":1200,"reverse_capacity":-1,"x1":4.886931,"y1":52.373432,"x2":4.886917,"y2":52.373293},"geometry":{"type":"LineString","coordinates":[[4.886931,52.373432],[4.88693,52.373418],[4.886917,52.373293]]}},{"type":"Feature","properties":{"id":1825,"source":1463,"target":350,"cost":68.26,"reverse_cost":-1,"capacity":1200,"reverse_capacity":-1,"x1":4.886917,"y1":52.373293,"x2":4.886837,"y2":52.372681},"geometry":{"type":"LineString","coordinates":[[4.886917,52.373293],[4.886906,52.373209],[4.886837,52.372681]]}},{"type":"Feature","properties":{"id":1826,"source":1311,"target":955,"cost":9.88,"reverse_cost":-1,"capacity":1200,"reverse_capacity":-1,"x1":4.881055,"y1":52.363266,"x2":4.880935,"y2":52.363216},"geometry":{"type":"LineString","coordinates":[[4.881055,52.363266],[4.880935,52.363216]]}},{"type":"Feature","properties":{"id":1827,"source":1367,"target":1366,"cost":25.47,"reverse_cost":-1,"capacity":1600,"reverse_capacity":-1,"x1":4.878178,"y1":52.377026,"x2":4.878313,"y2":52.37724},"geometry":{"type":"LineString","coordinates":[[4.878178,52.377026],[4.878313,52.37724]]}},{"type":"Feature","properties":{"id":1828,"source":837,"target":824,"cost":7.93,"reverse_cost":-1,"capacity":1000,"reverse_capacity":-1,"x1":4.875516,"y1":52.37881,"x2":4.875415,"y2":52.378774},"geometry":{"type":"LineString","coordinates":[[4.875516,52.37881],[4.875435,52.378783],[4.875415,52.378774]]}},{"type":"Feature","properties":{"id":1829,"source":612,"target":610,"cost":26.28,"reverse_cost":-1,"capacity":600,"reverse_capacity":-1,"x1":4.876309,"y1":52.373765,"x2":4.87638,"y2":52.373998},"geometry":{"type":"LineString","coordinates":[[4.876309,52.373765],[4.876332,52.373841],[4.876352,52.373904],[4.876366,52.373954],[4.87638,52.373998]]}},{"type":"Feature","properties":{"id":1830,"source":610,"target":593,"cost":87.48,"reverse_cost":-1,"capacity":600,"reverse_capacity":-1,"x1":4.87638,"y1":52.373998,"x2":4.87673,"y2":52.374747},"geometry":{"type":"LineString","coordinates":[[4.87638,52.373998],[4.8764,52.374065],[4.876402,52.374071],[4.876418,52.374114],[4.876445,52.374175],[4.876471,52.374222],[4.876498,52.374266],[4.876507,52.374281],[4.876597,52.374434],[4.876631,52.374483],[4.876671,52.374536],[4.876733,52.374629],[4.876727,52.374694],[4.87673,52.374747]]}},{"type":"Feature","properties":{"id":1831,"source":245,"target":243,"cost":126.83,"reverse_cost":-1,"capacity":2000,"reverse_capacity":-1,"x1":4.893485,"y1":52.373324,"x2":4.894668,"y2":52.374207},"geometry":{"type":"LineString","coordinates":[[4.893485,52.373324],[4.894616,52.374168],[4.894668,52.374207]]}},{"type":"Feature","properties":{"id":1832,"source":1141,"target":652,"cost":3.34,"reverse_cost":3.34,"capacity":3000,"reverse_capacity":3000,"x1":4.874103,"y1":52.371797,"x2":4.874088,"y2":52.371826},"geometry":{"type":"LineString","coordinates":[[4.874103,52.371797],[4.874097,52.371808],[4.874088,52.371826]]}},{"type":"Feature","properties":{"id":1833,"source":1322,"target":840,"cost":31.59,"reverse_cost":-1,"capacity":1500,"reverse_capacity":-1,"x1":4.87763,"y1":52.37858,"x2":4.877536,"y2":52.378302},"geometry":{"type":"LineString","coordinates":[[4.87763,52.37858],[4.877612,52.378509],[4.87757,52.378429],[4.877536,52.378302]]}},{"type":"Feature","properties":{"id":1834,"source":1322,"target":895,"cost":7.38,"reverse_cost":-1,"capacity":1000,"reverse_capacity":-1,"x1":4.87763,"y1":52.37858,"x2":4.877728,"y2":52.37855},"geometry":{"type":"LineString","coordinates":[[4.87763,52.37858],[4.877728,52.37855]]}},{"type":"Feature","properties":{"id":1835,"source":1464,"target":1359,"cost":14.33,"reverse_cost":-1,"capacity":1600,"reverse_capacity":-1,"x1":4.89784,"y1":52.365175,"x2":4.897755,"y2":52.365289},"geometry":{"type":"LineString","coordinates":[[4.89784,52.365175],[4.897821,52.36524],[4.897773,52.365275],[4.897755,52.365289]]}},{"type":"Feature","properties":{"id":1836,"source":100,"target":1465,"cost":16.61,"reverse_cost":-1,"capacity":1600,"reverse_capacity":-1,"x1":4.897855,"y1":52.36497,"x2":4.897862,"y2":52.365114},"geometry":{"type":"LineString","coordinates":[[4.897855,52.36497],[4.897859,52.364977],[4.897887,52.36502],[4.897873,52.365082],[4.897862,52.365114]]}},{"type":"Feature","properties":{"id":1837,"source":1465,"target":1464,"cost":6.95,"reverse_cost":-1,"capacity":1600,"reverse_capacity":-1,"x1":4.897862,"y1":52.365114,"x2":4.89784,"y2":52.365175},"geometry":{"type":"LineString","coordinates":[[4.897862,52.365114],[4.89784,52.365175]]}},{"type":"Feature","properties":{"id":1838,"source":687,"target":691,"cost":106.48,"reverse_cost":-1,"capacity":1200,"reverse_capacity":-1,"x1":4.891776,"y1":52.379429,"x2":4.890305,"y2":52.379762},"geometry":{"type":"LineString","coordinates":[[4.891776,52.379429],[4.891421,52.379507],[4.891244,52.379554],[4.890305,52.379762]]}},{"type":"Feature","properties":{"id":1839,"source":691,"target":772,"cost":136.74,"reverse_cost":-1,"capacity":1200,"reverse_capacity":-1,"x1":4.890305,"y1":52.379762,"x2":4.888756,"y2":52.38053},"geometry":{"type":"LineString","coordinates":[[4.890305,52.379762],[4.890207,52.379773],[4.890012,52.379837],[4.88986,52.379922],[4.889082,52.380356],[4.888756,52.38053]]}},{"type":"Feature","properties":{"id":1840,"source":683,"target":687,"cost":28.27,"reverse_cost":-1,"capacity":1200,"reverse_capacity":-1,"x1":4.892161,"y1":52.379346,"x2":4.891776,"y2":52.379429},"geometry":{"type":"LineString","coordinates":[[4.892161,52.379346],[4.891841,52.379394],[4.891776,52.379429]]}},{"type":"Feature","properties":{"id":1841,"source":1299,"target":1298,"cost":7.38,"reverse_cost":-1,"capacity":3000,"reverse_capacity":-1,"x1":4.880227,"y1":52.362737,"x2":4.880301,"y2":52.362688},"geometry":{"type":"LineString","coordinates":[[4.880227,52.362737],[4.880301,52.362688]]}},{"type":"Feature","properties":{"id":1842,"source":1387,"target":1286,"cost":5.47,"reverse_cost":-1,"capacity":1200,"reverse_capacity":-1,"x1":4.878792,"y1":52.363794,"x2":4.878718,"y2":52.363815},"geometry":{"type":"LineString","coordinates":[[4.878792,52.363794],[4.878718,52.363815]]}},{"type":"Feature","properties":{"id":1843,"source":1387,"target":1409,"cost":13.25,"reverse_cost":-1,"capacity":1200,"reverse_capacity":-1,"x1":4.878792,"y1":52.363794,"x2":4.878831,"y2":52.363911},"geometry":{"type":"LineString","coordinates":[[4.878792,52.363794],[4.878831,52.363911]]}},{"type":"Feature","properties":{"id":1844,"source":1287,"target":1387,"cost":4.6,"reverse_cost":-1,"capacity":1200,"reverse_capacity":-1,"x1":4.878759,"y1":52.363758,"x2":4.878792,"y2":52.363794},"geometry":{"type":"LineString","coordinates":[[4.878759,52.363758],[4.878792,52.363794]]}},{"type":"Feature","properties":{"id":1845,"source":1410,"target":1287,"cost":9.22,"reverse_cost":-1,"capacity":1200,"reverse_capacity":-1,"x1":4.878658,"y1":52.363703,"x2":4.878759,"y2":52.363758},"geometry":{"type":"LineString","coordinates":[[4.878658,52.363703],[4.87869,52.363718],[4.878714,52.36373],[4.878759,52.363758]]}},{"type":"Feature","properties":{"id":1846,"source":1286,"target":1386,"cost":187.13,"reverse_cost":-1,"capacity":1200,"reverse_capacity":-1,"x1":4.878718,"y1":52.363815,"x2":4.876257,"y2":52.363061},"geometry":{"type":"LineString","coordinates":[[4.878718,52.363815],[4.878657,52.3638],[4.878583,52.363783],[4.878009,52.363582],[4.877679,52.363482],[4.876971,52.363271],[4.876512,52.363134],[4.876257,52.363061]]}},{"type":"Feature","properties":{"id":1847,"source":693,"target":1466,"cost":15.47,"reverse_cost":15.47,"capacity":1600,"reverse_capacity":1600,"x1":4.897091,"y1":52.380857,"x2":4.896924,"y2":52.380767},"geometry":{"type":"LineString","coordinates":[[4.897091,52.380857],[4.89706,52.380827],[4.897028,52.380808],[4.896979,52.380783],[4.896924,52.380767]]}},{"type":"Feature","properties":{"id":1848,"source":1467,"target":297,"cost":70.0,"reverse_cost":-1,"capacity":1000,"reverse_capacity":-1,"x1":4.876855,"y1":52.360634,"x2":4.876459,"y2":52.361216},"geometry":{"type":"LineString","coordinates":[[4.876855,52.360634],[4.876793,52.360725],[4.876459,52.361216]]}},{"type":"Feature","properties":{"id":1849,"source":297,"target":318,"cost":84.81,"reverse_cost":-1,"capacity":1000,"reverse_capacity":-1,"x1":4.876459,"y1":52.361216,"x2":4.875949,"y2":52.361912},"geometry":{"type":"LineString","coordinates":[[4.876459,52.361216],[4.875949,52.361912]]}},{"type":"Feature","properties":{"id":1850,"source":318,"target":1050,"cost":91.17,"reverse_cost":-1,"capacity":1000,"reverse_capacity":-1,"x1":4.875949,"y1":52.361912,"x2":4.875432,"y2":52.362668},"geometry":{"type":"LineString","coordinates":[[4.875949,52.361912],[4.875835,52.362059],[4.875608,52.362387],[4.875462,52.36261],[4.875451,52.362626],[4.875432,52.362668]]}},{"type":"Feature","properties":{"id":1851,"source":58,"target":70,"cost":31.32,"reverse_cost":31.32,"capacity":1200,"reverse_capacity":1200,"x1":4.905221,"y1":52.371933,"x2":4.904881,"y2":52.372124},"geometry":{"type":"LineString","coordinates":[[4.905221,52.371933],[4.905137,52.371985],[4.904898,52.372115],[4.904881,52.372124]]}},{"type":"Feature","properties":{"id":1852,"source":70,"target":1468,"cost":7.09,"reverse_cost":7.09,"capacity":1200,"reverse_capacity":1200,"x1":4.904881,"y1":52.372124,"x2":4.90481,"y2":52.372171},"geometry":{"type":"LineString","coordinates":[[4.904881,52.372124],[4.90481,52.372171]]}},{"type":"Feature","properties":{"id":1853,"source":1023,"target":1337,"cost":3.53,"reverse_cost":3.53,"capacity":1200,"reverse_capacity":1200,"x1":4.90445,"y1":52.371595,"x2":4.904407,"y2":52.371577},"geometry":{"type":"LineString","coordinates":[[4.90445,52.371595],[4.904407,52.371577]]}},{"type":"Feature","properties":{"id":1854,"source":1336,"target":1022,"cost":1.28,"reverse_cost":1.28,"capacity":1200,"reverse_capacity":1200,"x1":4.90454,"y1":52.371632,"x2":4.904524,"y2":52.371626},"geometry":{"type":"LineString","coordinates":[[4.90454,52.371632],[4.904524,52.371626]]}},{"type":"Feature","properties":{"id":1855,"source":1466,"target":1383,"cost":14.17,"reverse_cost":-1,"capacity":1600,"reverse_capacity":-1,"x1":4.896924,"y1":52.380767,"x2":4.896766,"y2":52.380688},"geometry":{"type":"LineString","coordinates":[[4.896924,52.380767],[4.896895,52.380747],[4.896863,52.380735],[4.896831,52.380727],[4.896793,52.380711],[4.896766,52.380688]]}},{"type":"Feature","properties":{"id":1856,"source":1469,"target":1470,"cost":4.97,"reverse_cost":4.97,"capacity":2000,"reverse_capacity":2000,"x1":4.897041,"y1":52.378272,"x2":4.897073,"y2":52.378232},"geometry":{"type":"LineString","coordinates":[[4.897041,52.378272],[4.897065,52.378242],[4.897073,52.378232]]}},{"type":"Feature","properties":{"id":1857,"source":1230,"target":731,"cost":16.27,"reverse_cost":-1,"capacity":600,"reverse_capacity":-1,"x1":4.897007,"y1":52.378562,"x2":4.896782,"y2":52.378519},"geometry":{"type":"LineString","coordinates":[[4.897007,52.378562],[4.896961,52.378564],[4.896893,52.378552],[4.896782,52.378519]]}},{"type":"Feature","properties":{"id":1858,"source":1470,"target":1257,"cost":18.7,"reverse_cost":-1,"capacity":2000,"reverse_capacity":-1,"x1":4.897073,"y1":52.378232,"x2":4.897009,"y2":52.378075},"geometry":{"type":"LineString","coordinates":[[4.897073,52.378232],[4.897081,52.378174],[4.897069,52.378135],[4.89704,52.378099],[4.897009,52.378075]]}},{"type":"Feature","properties":{"id":1859,"source":716,"target":719,"cost":21.87,"reverse_cost":-1,"capacity":2000,"reverse_capacity":-1,"x1":4.895432,"y1":52.379266,"x2":4.895279,"y2":52.379439},"geometry":{"type":"LineString","coordinates":[[4.895432,52.379266],[4.895279,52.379439]]}},{"type":"Feature","properties":{"id":1860,"source":1228,"target":1469,"cost":12.54,"reverse_cost":12.54,"capacity":2000,"reverse_capacity":2000,"x1":4.896955,"y1":52.378372,"x2":4.897041,"y2":52.378272},"geometry":{"type":"LineString","coordinates":[[4.896955,52.378372],[4.897,52.378321],[4.897041,52.378272]]}},{"type":"Feature","properties":{"id":1861,"source":731,"target":1228,"cost":20.23,"reverse_cost":20.23,"capacity":2000,"reverse_capacity":2000,"x1":4.896782,"y1":52.378519,"x2":4.896955,"y2":52.378372},"geometry":{"type":"LineString","coordinates":[[4.896782,52.378519],[4.896861,52.378461],[4.896932,52.378395],[4.896955,52.378372]]}},{"type":"Feature","properties":{"id":1862,"source":1471,"target":325,"cost":33.02,"reverse_cost":-1,"capacity":3000,"reverse_capacity":-1,"x1":4.880614,"y1":52.362565,"x2":4.880338,"y2":52.362809},"geometry":{"type":"LineString","coordinates":[[4.880614,52.362565],[4.880517,52.362646],[4.88049,52.36267],[4.880449,52.362708],[4.880338,52.362809]]}},{"type":"Feature","properties":{"id":1863,"source":498,"target":1123,"cost":6.92,"reverse_cost":-1,"capacity":1200,"reverse_capacity":-1,"x1":4.880818,"y1":52.365594,"x2":4.880863,"y2":52.365538},"geometry":{"type":"LineString","coordinates":[[4.880818,52.365594],[4.880863,52.365538]]}},{"type":"Feature","properties":{"id":1864,"source":1124,"target":495,"cost":7.48,"reverse_cost":-1,"capacity":1200,"reverse_capacity":-1,"x1":4.880953,"y1":52.365446,"x2":4.880998,"y2":52.365385},"geometry":{"type":"LineString","coordinates":[[4.880953,52.365446],[4.880998,52.365385]]}},{"type":"Feature","properties":{"id":1865,"source":1451,"target":1452,"cost":3.67,"reverse_cost":-1,"capacity":1200,"reverse_capacity":-1,"x1":4.878505,"y1":52.378473,"x2":4.878514,"y2":52.378506},"geometry":{"type":"LineString","coordinates":[[4.878505,52.378473],[4.878514,52.378506]]}},{"type":"Feature","properties":{"id":1866,"source":903,"target":1229,"cost":20.64,"reverse_cost":-1,"capacity":1600,"reverse_capacity":-1,"x1":4.897408,"y1":52.378515,"x2":4.897113,"y2":52.378479},"geometry":{"type":"LineString","coordinates":[[4.897408,52.378515],[4.897313,52.378514],[4.89727,52.37851],[4.897223,52.378503],[4.897162,52.378487],[4.897113,52.378479]]}},{"type":"Feature","properties":{"id":1867,"source":1472,"target":1141,"cost":13.25,"reverse_cost":-1,"capacity":1200,"reverse_capacity":-1,"x1":4.873951,"y1":52.371723,"x2":4.874103,"y2":52.371797},"geometry":{"type":"LineString","coordinates":[[4.873951,52.371723],[4.874051,52.371772],[4.874103,52.371797]]}},{"type":"Feature","properties":{"id":1868,"source":641,"target":605,"cost":53.68,"reverse_cost":-1,"capacity":600,"reverse_capacity":-1,"x1":4.872473,"y1":52.371373,"x2":4.873212,"y2":52.371545},"geometry":{"type":"LineString","coordinates":[[4.872473,52.371373],[4.872632,52.371415],[4.873087,52.371515],[4.873212,52.371545]]}},{"type":"Feature","properties":{"id":1869,"source":605,"target":1472,"cost":53.94,"reverse_cost":-1,"capacity":600,"reverse_capacity":-1,"x1":4.873212,"y1":52.371545,"x2":4.873951,"y2":52.371723},"geometry":{"type":"LineString","coordinates":[[4.873212,52.371545],[4.873843,52.371697],[4.873951,52.371723]]}},{"type":"Feature","properties":{"id":1870,"source":784,"target":789,"cost":106.64,"reverse_cost":-1,"capacity":1200,"reverse_capacity":-1,"x1":4.884068,"y1":52.380676,"x2":4.885593,"y2":52.380906},"geometry":{"type":"LineString","coordinates":[[4.884068,52.380676],[4.884771,52.380778],[4.885175,52.380839],[4.885593,52.380906]]}},{"type":"Feature","properties":{"id":1871,"source":789,"target":1454,"cost":94.61,"reverse_cost":-1,"capacity":1200,"reverse_capacity":-1,"x1":4.885593,"y1":52.380906,"x2":4.886924,"y2":52.381139},"geometry":{"type":"LineString","coordinates":[[4.885593,52.380906],[4.886869,52.381106],[4.886924,52.381139]]}},{"type":"Feature","properties":{"id":1872,"source":771,"target":775,"cost":47.49,"reverse_cost":47.49,"capacity":1200,"reverse_capacity":1200,"x1":4.875914,"y1":52.381667,"x2":4.875645,"y2":52.382062},"geometry":{"type":"LineString","coordinates":[[4.875914,52.381667],[4.875645,52.382062]]}},{"type":"Feature","properties":{"id":1873,"source":210,"target":1306,"cost":3.42,"reverse_cost":-1,"capacity":1200,"reverse_capacity":-1,"x1":4.88801,"y1":52.366692,"x2":4.888044,"y2":52.366669},"geometry":{"type":"LineString","coordinates":[[4.88801,52.366692],[4.888018,52.366686],[4.888044,52.366669]]}},{"type":"Feature","properties":{"id":1874,"source":849,"target":851,"cost":4.17,"reverse_cost":-1,"capacity":1200,"reverse_capacity":-1,"x1":4.888587,"y1":52.366816,"x2":4.888638,"y2":52.366836},"geometry":{"type":"LineString","coordinates":[[4.888587,52.366816],[4.888638,52.366836]]}},{"type":"Feature","properties":{"id":1875,"source":850,"target":913,"cost":3.73,"reverse_cost":-1,"capacity":1200,"reverse_capacity":-1,"x1":4.888524,"y1":52.366791,"x2":4.888476,"y2":52.366775},"geometry":{"type":"LineString","coordinates":[[4.888524,52.366791],[4.888476,52.366775]]}},{"type":"Feature","properties":{"id":1876,"source":1473,"target":252,"cost":23.04,"reverse_cost":23.04,"capacity":800,"reverse_capacity":800,"x1":4.893252,"y1":52.371888,"x2":4.892915,"y2":52.371912},"geometry":{"type":"LineString","coordinates":[[4.893252,52.371888],[4.892915,52.371912]]}},{"type":"Feature","properties":{"id":1877,"source":252,"target":1474,"cost":8.79,"reverse_cost":8.79,"capacity":800,"reverse_capacity":800,"x1":4.892915,"y1":52.371912,"x2":4.892786,"y2":52.371917},"geometry":{"type":"LineString","coordinates":[[4.892915,52.371912],[4.892872,52.371914],[4.892844,52.371915],[4.892827,52.371916],[4.892786,52.371917]]}},{"type":"Feature","properties":{"id":1878,"source":1340,"target":1307,"cost":28.44,"reverse_cost":-1,"capacity":800,"reverse_capacity":-1,"x1":4.877572,"y1":52.368766,"x2":4.877185,"y2":52.368668},"geometry":{"type":"LineString","coordinates":[[4.877572,52.368766],[4.877185,52.368668]]}},{"type":"Feature","properties":{"id":1879,"source":863,"target":90,"cost":18.33,"reverse_cost":-1,"capacity":3000,"reverse_capacity":-1,"x1":4.904621,"y1":52.366642,"x2":4.904708,"y2":52.366486},"geometry":{"type":"LineString","coordinates":[[4.904621,52.366642],[4.904708,52.366486]]}},{"type":"Feature","properties":{"id":1880,"source":1435,"target":1475,"cost":9.49,"reverse_cost":-1,"capacity":1200,"reverse_capacity":-1,"x1":4.904534,"y1":52.366603,"x2":4.904419,"y2":52.366554},"geometry":{"type":"LineString","coordinates":[[4.904534,52.366603],[4.904419,52.366554]]}},{"type":"Feature","properties":{"id":1881,"source":864,"target":1434,"cost":1.37,"reverse_cost":-1,"capacity":1200,"reverse_capacity":-1,"x1":4.90458,"y1":52.366624,"x2":4.904564,"y2":52.366616},"geometry":{"type":"LineString","coordinates":[[4.90458,52.366624],[4.904564,52.366616]]}},{"type":"Feature","properties":{"id":1882,"source":1475,"target":1097,"cost":181.87,"reverse_cost":-1,"capacity":1200,"reverse_capacity":-1,"x1":4.904419,"y1":52.366554,"x2":4.901866,"y2":52.36606},"geometry":{"type":"LineString","coordinates":[[4.904419,52.366554],[4.901866,52.36606]]}},{"type":"Feature","properties":{"id":1883,"source":1277,"target":1108,"cost":9.19,"reverse_cost":-1,"capacity":3000,"reverse_capacity":-1,"x1":4.903768,"y1":52.36783,"x2":4.903715,"y2":52.367906},"geometry":{"type":"LineString","coordinates":[[4.903768,52.36783],[4.903715,52.367906]]}},{"type":"Feature","properties":{"id":1884,"source":1277,"target":1403,"cost":10.91,"reverse_cost":-1,"capacity":1000,"reverse_capacity":-1,"x1":4.903768,"y1":52.36783,"x2":4.903622,"y2":52.367871},"geometry":{"type":"LineString","coordinates":[[4.903768,52.36783],[4.903622,52.367871]]}},{"type":"Feature","properties":{"id":1885,"source":1376,"target":85,"cost":10.81,"reverse_cost":-1,"capacity":4500,"reverse_capacity":-1,"x1":4.904831,"y1":52.36651,"x2":4.90478,"y2":52.366602},"geometry":{"type":"LineString","coordinates":[[4.904831,52.36651],[4.90478,52.366602]]}},{"type":"Feature","properties":{"id":1886,"source":1397,"target":1214,"cost":14.99,"reverse_cost":-1,"capacity":3000,"reverse_capacity":-1,"x1":4.90599,"y1":52.378178,"x2":4.90577,"y2":52.37819},"geometry":{"type":"LineString","coordinates":[[4.90599,52.378178],[4.90577,52.37819]]}},{"type":"Feature","properties":{"id":1887,"source":1476,"target":1327,"cost":17.15,"reverse_cost":17.15,"capacity":1600,"reverse_capacity":1600,"x1":4.905547,"y1":52.376821,"x2":4.905307,"y2":52.37687},"geometry":{"type":"LineString","coordinates":[[4.905547,52.376821],[4.905307,52.37687]]}},{"type":"Feature","properties":{"id":1888,"source":1115,"target":1476,"cost":7.74,"reverse_cost":7.74,"capacity":1600,"reverse_capacity":1600,"x1":4.905656,"y1":52.376801,"x2":4.905547,"y2":52.376821},"geometry":{"type":"LineString","coordinates":[[4.905656,52.376801],[4.9056,52.376811],[4.905547,52.376821]]}},{"type":"Feature","properties":{"id":1889,"source":1425,"target":1461,"cost":2.94,"reverse_cost":-1,"capacity":800,"reverse_capacity":-1,"x1":4.903766,"y1":52.377032,"x2":4.903808,"y2":52.37704},"geometry":{"type":"LineString","coordinates":[[4.903766,52.377032],[4.903808,52.37704]]}},{"type":"Feature","properties":{"id":1890,"source":1425,"target":1459,"cost":11.57,"reverse_cost":-1,"capacity":1200,"reverse_capacity":-1,"x1":4.903766,"y1":52.377032,"x2":4.903807,"y2":52.377133},"geometry":{"type":"LineString","coordinates":[[4.903766,52.377032],[4.903807,52.377133]]}},{"type":"Feature","properties":{"id":1891,"source":1329,"target":1460,"cost":14.61,"reverse_cost":14.61,"capacity":1600,"reverse_capacity":1600,"x1":4.904196,"y1":52.377084,"x2":4.903987,"y2":52.377115},"geometry":{"type":"LineString","coordinates":[[4.904196,52.377084],[4.904126,52.377095],[4.904106,52.377098],[4.904058,52.377105],[4.904019,52.37711],[4.903987,52.377115]]}},{"type":"Feature","properties":{"id":1892,"source":1477,"target":1478,"cost":8.66,"reverse_cost":-1,"capacity":1200,"reverse_capacity":-1,"x1":4.903681,"y1":52.375268,"x2":4.903659,"y2":52.375345},"geometry":{"type":"LineString","coordinates":[[4.903681,52.375268],[4.903659,52.375345]]}},{"type":"Feature","properties":{"id":1893,"source":1478,"target":1479,"cost":32.49,"reverse_cost":-1,"capacity":1200,"reverse_capacity":-1,"x1":4.903659,"y1":52.375345,"x2":4.903571,"y2":52.375632},"geometry":{"type":"LineString","coordinates":[[4.903659,52.375345],[4.903649,52.37538],[4.903608,52.375524],[4.903571,52.375632]]}},{"type":"Feature","properties":{"id":1894,"source":1480,"target":1117,"cost":27.84,"reverse_cost":-1,"capacity":1000,"reverse_capacity":-1,"x1":4.902768,"y1":52.376298,"x2":4.903007,"y2":52.376094},"geometry":{"type":"LineString","coordinates":[[4.902768,52.376298],[4.902785,52.376283],[4.90285,52.376228],[4.902902,52.376181],[4.902965,52.37613],[4.903007,52.376094]]}},{"type":"Feature","properties":{"id":1895,"source":1481,"target":48,"cost":2.89,"reverse_cost":-1,"capacity":1200,"reverse_capacity":-1,"x1":4.903034,"y1":52.375609,"x2":4.903016,"y2":52.375585},"geometry":{"type":"LineString","coordinates":[[4.903034,52.375609],[4.903024,52.375597],[4.903016,52.375585]]}},{"type":"Feature","properties":{"id":1896,"source":1447,"target":1481,"cost":13.78,"reverse_cost":-1,"capacity":1200,"reverse_capacity":-1,"x1":4.903164,"y1":52.3757,"x2":4.903034,"y2":52.375609},"geometry":{"type":"LineString","coordinates":[[4.903164,52.3757],[4.903145,52.375696],[4.903128,52.37569],[4.903106,52.375674],[4.903078,52.375649],[4.903046,52.375621],[4.903034,52.375609]]}},{"type":"Feature","properties":{"id":1897,"source":1482,"target":82,"cost":8.43,"reverse_cost":-1,"capacity":2000,"reverse_capacity":-1,"x1":4.903308,"y1":52.375774,"x2":4.903306,"y2":52.375698},"geometry":{"type":"LineString","coordinates":[[4.903308,52.375774],[4.903306,52.375698]]}},{"type":"Feature","properties":{"id":1898,"source":1118,"target":1482,"cost":7.63,"reverse_cost":-1,"capacity":2000,"reverse_capacity":-1,"x1":4.90328,"y1":52.375841,"x2":4.903308,"y2":52.375774},"geometry":{"type":"LineString","coordinates":[[4.90328,52.375841],[4.90329,52.375824],[4.903308,52.375774]]}},{"type":"Feature","properties":{"id":1899,"source":920,"target":81,"cost":4.22,"reverse_cost":-1,"capacity":600,"reverse_capacity":-1,"x1":4.90345,"y1":52.375624,"x2":4.903423,"y2":52.375658},"geometry":{"type":"LineString","coordinates":[[4.90345,52.375624],[4.903423,52.375658]]}},{"type":"Feature","properties":{"id":1900,"source":1428,"target":1483,"cost":5.91,"reverse_cost":-1,"capacity":1200,"reverse_capacity":-1,"x1":4.903741,"y1":52.375126,"x2":4.903725,"y2":52.375178},"geometry":{"type":"LineString","coordinates":[[4.903741,52.375126],[4.903725,52.375178]]}},{"type":"Feature","properties":{"id":1901,"source":1428,"target":1445,"cost":6.23,"reverse_cost":-1,"capacity":1200,"reverse_capacity":-1,"x1":4.903741,"y1":52.375126,"x2":4.903668,"y2":52.375159},"geometry":{"type":"LineString","coordinates":[[4.903741,52.375126],[4.903668,52.375159]]}},{"type":"Feature","properties":{"id":1902,"source":1479,"target":1125,"cost":11.1,"reverse_cost":-1,"capacity":1200,"reverse_capacity":-1,"x1":4.903571,"y1":52.375632,"x2":4.903472,"y2":52.375712},"geometry":{"type":"LineString","coordinates":[[4.903571,52.375632],[4.903472,52.375712]]}},{"type":"Feature","properties":{"id":1903,"source":1483,"target":1477,"cost":10.55,"reverse_cost":-1,"capacity":1200,"reverse_capacity":-1,"x1":4.903725,"y1":52.375178,"x2":4.903681,"y2":52.375268},"geometry":{"type":"LineString","coordinates":[[4.903725,52.375178],[4.903706,52.375206],[4.903695,52.375229],[4.903685,52.375255],[4.903681,52.375268]]}},{"type":"Feature","properties":{"id":1904,"source":1431,"target":1462,"cost":5.38,"reverse_cost":-1,"capacity":800,"reverse_capacity":-1,"x1":4.902557,"y1":52.376046,"x2":4.902632,"y2":52.376062},"geometry":{"type":"LineString","coordinates":[[4.902557,52.376046],[4.902632,52.376062]]}},{"type":"Feature","properties":{"id":1905,"source":920,"target":1125,"cost":9.93,"reverse_cost":-1,"capacity":1200,"reverse_capacity":-1,"x1":4.90345,"y1":52.375624,"x2":4.903472,"y2":52.375712},"geometry":{"type":"LineString","coordinates":[[4.90345,52.375624],[4.903472,52.375712]]}},{"type":"Feature","properties":{"id":1906,"source":1422,"target":1423,"cost":11.79,"reverse_cost":-1,"capacity":1200,"reverse_capacity":-1,"x1":4.903144,"y1":52.376413,"x2":4.903246,"y2":52.376499},"geometry":{"type":"LineString","coordinates":[[4.903144,52.376413],[4.903246,52.376499]]}},{"type":"Feature","properties":{"id":1907,"source":918,"target":1480,"cost":3.48,"reverse_cost":-1,"capacity":1000,"reverse_capacity":-1,"x1":4.90276,"y1":52.376328,"x2":4.902768,"y2":52.376298},"geometry":{"type":"LineString","coordinates":[[4.90276,52.376328],[4.902768,52.376298]]}},{"type":"Feature","properties":{"id":1908,"source":918,"target":1426,"cost":3.1,"reverse_cost":-1,"capacity":1000,"reverse_capacity":-1,"x1":4.90276,"y1":52.376328,"x2":4.902804,"y2":52.376322},"geometry":{"type":"LineString","coordinates":[[4.90276,52.376328],[4.902804,52.376322]]}},{"type":"Feature","properties":{"id":1909,"source":925,"target":1484,"cost":0.97,"reverse_cost":-1,"capacity":1200,"reverse_capacity":-1,"x1":4.902296,"y1":52.376678,"x2":4.902293,"y2":52.376669},"geometry":{"type":"LineString","coordinates":[[4.902296,52.376678],[4.902293,52.376669]]}},{"type":"Feature","properties":{"id":1910,"source":1484,"target":1233,"cost":3.47,"reverse_cost":-1,"capacity":1200,"reverse_capacity":-1,"x1":4.902293,"y1":52.376669,"x2":4.90228,"y2":52.376639},"geometry":{"type":"LineString","coordinates":[[4.902293,52.376669],[4.90228,52.376639]]}},{"type":"Feature","properties":{"id":1911,"source":825,"target":804,"cost":5.31,"reverse_cost":5.31,"capacity":1200,"reverse_capacity":1200,"x1":4.874705,"y1":52.377788,"x2":4.874632,"y2":52.377804},"geometry":{"type":"LineString","coordinates":[[4.874705,52.377788],[4.874632,52.377804]]}},{"type":"Feature","properties":{"id":1912,"source":1083,"target":1471,"cost":32.48,"reverse_cost":-1,"capacity":3000,"reverse_capacity":-1,"x1":4.880859,"y1":52.362313,"x2":4.880614,"y2":52.362565},"geometry":{"type":"LineString","coordinates":[[4.880859,52.362313],[4.880614,52.362565]]}}]}